,SYMBOL,OPEN DATE,BASE,ADJBASE,PNL,PNL RATIO,IND,NAME,AVG TRANS,AVG DAYS,WIN RATE,TOTAL PNL RATIO,Strategy,pnl_growth
0,ZS,2024-08-13,178.49000549316406,183.97999572753903,307.439453125,0.0307579700006522,应用软件 <span style='color:red;'>↑1</span>(0),Zscaler Inc,5,52.0,0.6,0.05898142214733693,收盘价上穿短期均线,11159.559804916382
1,ADSK,2024-08-13,244.6100006103516,246.22000122070312,64.4000244140625,0.0065819083697898,应用软件 <span style='color:red;'>↑1</span>(0),欧特克,4,56.25,0.75,0.0582326493241582,收盘价上穿短期均线,11159.559804916382
2,CDNS,2024-08-13,271.4100036621094,271.7799987792969,13.31982421875,0.0013632331608827,应用软件 <span style='color:red;'>↑1</span>(0),铿腾电子,3,52.666666666666664,1.0,0.027228492872836324,收盘价上穿短期均线,11159.559804916382
3,INTU,2024-08-13,645.8300170898438,636.739990234375,-136.35040283203125,-0.014074952564808,应用软件 <span style='color:red;'>↑1</span>(0),财捷,5,40.4,0.4,0.03307537945420137,收盘价上穿短期均线,11159.559804916382
4,PLTR,2024-08-08,29.280000686645508,31.0,586.5197658538818,0.0587431445703133,应用软件 <span style='color:red;'>↑1</span>(0),Palantir Technologies Inc-A,3,53.0,0.6666666666666666,0.039866862741020845,收盘价上穿短期均线,11159.559804916382
5,IOT,2024-06-27,32.630001068115234,39.7400016784668,2175.660186767578,0.2178976517809304,应用软件 <span style='color:red;'>↑1</span>(0),Samsara Inc-A,3,69.66666666666667,0.6666666666666666,0.07250528300911684,收盘价上穿短期均线,11159.559804916382
6,SAP,2024-05-06,183.0200042724609,212.5500030517578,1594.6199340820312,0.1613484760678713,应用软件 <span style='color:red;'>↑1</span>(0),思爱普,2,142.0,1.0,0.26681162089400867,收盘价上穿短期均线,11159.559804916382
7,FICO,2024-05-03,1193.010009765625,1809.75,4933.919921875,0.5169612871526014,应用软件 <span style='color:red;'>↑1</span>(0),Fair Isaac Corp,2,118.0,1.0,0.42404224678412583,收盘价上穿短期均线,11159.559804916382
8,NET,2024-08-13,81.75,81.45999908447266,-35.38011169433594,-0.003547411810732,互联网服务与基础设施 <span style='color:green;'>↓1</span>(1),Cloudflare Inc-A,3,30.0,0.3333333333333333,-0.023001569489086993,收盘价上穿短期均线,5010.440788269043
9,SE,2024-08-12,66.91999816894531,76.80000305175781,1472.1207275390625,0.1476390489113519,互联网服务与基础设施 <span style='color:green;'>↓1</span>(1),Sea Ltd ADR,2,87.5,1.0,0.4016638934644042,收盘价上穿短期均线,5010.440788269043
10,OKTA,2024-08-12,92.0199966430664,95.08000183105467,330.4805603027344,0.0332536981049634,互联网服务与基础设施 <span style='color:green;'>↓1</span>(1),Okta Inc-A,4,40.75,0.5,0.0019577131281601824,收盘价上穿短期均线,5010.440788269043
11,Z,2024-08-09,51.91999816894531,53.619998931884766,326.400146484375,0.0327426968970169,互联网服务与基础设施 <span style='color:green;'>↓1</span>(1),Zillow Group Inc-C,3,69.0,0.6666666666666666,0.07188133330480474,多头排列,5010.440788269043
12,TTD,2024-08-09,99.3000030517578,98.69000244140624,-61.00006103515625,-0.0061430069647995,互联网服务与基础设施 <span style='color:green;'>↓1</span>(1),The Trade Desk Inc-A,3,59.0,0.6666666666666666,0.051328875020449825,收盘价上穿短期均线,5010.440788269043
13,AKAM,2024-08-09,101.51000213623048,99.7300033569336,-174.43988037109375,-0.0175352058106357,互联网服务与基础设施 <span style='color:green;'>↓1</span>(1),阿卡迈,4,16.75,0.25,-0.043175311563237964,收盘价上穿短期均线,5010.440788269043
14,FOUR,2024-08-08,70.69999694824219,80.16999816894531,1335.2701721191406,0.1339462748157668,互联网服务与基础设施 <span style='color:green;'>↓1</span>(1),Shift4 Payments Inc-A,4,47.75,0.5,0.07683495932774155,收盘价上穿短期均线,5010.440788269043
15,SHOP,2024-08-08,68.55000305175781,71.58999633789062,440.7990264892578,0.0443470919153352,互联网服务与基础设施 <span style='color:green;'>↓1</span>(1),Shopify Inc-A,5,40.2,0.6,0.026639627382851586,DIF上穿DEA-金叉,5010.440788269043
16,META,2024-08-06,494.0899963378906,526.760009765625,653.4002685546875,0.0661215844681714,互联网服务与基础设施 <span style='color:green;'>↓1</span>(1),Meta Platforms Inc-A,3,81.33333333333333,1.0,0.14911710948242177,收盘价上穿短期均线,5010.440788269043
17,SPOT,2024-07-24,336.5199890136719,334.3500061035156,-62.92950439453125,-0.0064483031647433,互联网服务与基础设施 <span style='color:green;'>↓1</span>(1),Spotify Technology SA,2,132.5,0.5,0.3800112826163148,多头排列,5010.440788269043
18,EQIX,2024-07-22,798.8599853515625,841.489990234375,511.56005859375,0.0533635501395803,互联网服务与基础设施 <span style='color:green;'>↓1</span>(1),易昆尼克斯,4,50.25,0.5,0.03463139500635563,多头排列,5010.440788269043
19,TWLO,2024-06-28,56.810001373291016,60.61000061035156,668.7998657226562,0.0668896170604055,互联网服务与基础设施 <span style='color:green;'>↓1</span>(1),Twilio Inc-A,2,42.5,0.5,0.010680897568582027,收盘价上穿短期均线,5010.440788269043
20,MELI,2024-06-25,1642.280029296875,1898.5699462890625,1537.739501953125,0.1560573790219658,互联网服务与基础设施 <span style='color:green;'>↓1</span>(1),MercadoLibre Inc,4,55.25,0.75,0.14048087931602443,收盘价上穿短期均线,5010.440788269043
21,EBAY,2024-05-13,51.720001220703125,55.7599983215332,779.7194404602051,0.0781128578011884,互联网服务与基础设施 <span style='color:green;'>↓1</span>(1),易趣,2,95.5,1.0,0.1291748257522916,多头排列,5010.440788269043
22,GDDY,2023-11-03,85.55999755859375,160.8300018310547,8731.320495605469,0.879733595374568,互联网服务与基础设施 <span style='color:green;'>↓1</span>(1),GoDaddy Inc-A,1,285.0,1.0,0.879733595374568,多头排列,5010.440788269043
23,DPZ,2024-08-12,444.8999938964844,442.239990234375,-58.52008056640625,-0.0059788799698843,餐馆 (2),达美乐比萨(US),2,122.0,0.5,0.18429421735733736,收盘价上穿短期均线,2689.239288330078
24,CMG,2024-08-09,55.54999923706055,51.650001525878906,-701.9995880126953,-0.070206980463462,餐馆 (2),墨式烧烤,2,128.0,0.5,0.29756349723290465,收盘价上穿短期均线,2689.239288330078
25,CAVA,2024-08-08,83.9800033569336,95.76000213623048,1401.819854736328,0.1402714730699554,餐馆 (2),CAVA Group Inc,3,85.33333333333333,0.6666666666666666,0.4996902286258815,收盘价上穿短期均线,2689.239288330078
26,YUM,2024-07-29,130.42999267578125,137.25999450683594,519.0801391601562,0.0523652703717655,餐馆 (2),百胜餐饮,3,39.0,0.3333333333333333,-0.001380559896992847,收盘价上穿短期均线,2689.239288330078
27,DRI,2024-07-29,146.75,140.82000732421875,-403.239501953125,-0.040408808693569,餐馆 (2),达登饭店,5,37.2,0.2,-0.019014147915294318,收盘价上穿短期均线,2689.239288330078
28,SBUX,2024-07-19,79.2699966430664,93.9000015258789,1843.380615234375,0.1845591712169217,餐馆 (2),星巴克,5,22.6,0.2,-0.011731581370550031,收盘价上穿短期均线,2689.239288330078
29,MCD,2024-07-11,254.8000030517578,271.1499938964844,637.6496429443359,0.0641679381825021,餐馆 (2),麦当劳,5,20.0,0.2,-0.01907952611183934,收盘价上穿短期均线,2689.239288330078
30,ACGL,2024-08-02,98.66999816894533,100.9000015258789,225.23033905029297,0.0226006222592132,财产与意外伤害保险 <span style='color:red;'>↑27</span>(3),艾奇资本,3,68.0,0.6666666666666666,0.09063901544179857,短期均线上穿中期均线,2025.5091247558594
31,CB,2024-07-16,261.6499938964844,272.3699951171875,407.3600463867188,0.0409707680900777,财产与意外伤害保险 <span style='color:red;'>↑27</span>(3),安达保险,3,129.66666666666666,1.0,0.11367560642885569,多头排列,2025.5091247558594
32,PGR,2024-07-15,217.1000061035156,234.33999633789065,793.03955078125,0.0794103627346504,财产与意外伤害保险 <span style='color:red;'>↑27</span>(3),前进保险,2,88.0,1.0,0.1813366881933298,多头排列,2025.5091247558594
33,ALL,2024-07-11,162.0399932861328,180.9499969482422,1153.510223388672,0.1166996077858247,财产与意外伤害保险 <span style='color:red;'>↑27</span>(3),好事达保险,2,150.5,1.0,0.32400708157806063,收盘价上穿短期均线,2025.5091247558594
34,TRV,2024-07-10,207.19000244140625,214.08999633789065,331.19970703125,0.0333027357265257,财产与意外伤害保险 <span style='color:red;'>↑27</span>(3),旅行者保险,3,75.33333333333333,0.6666666666666666,0.08912696952499945,收盘价上穿短期均线,2025.5091247558594
35,BRK_B,2024-05-06,404.9200134277344,438.4700012207031,805.19970703125,0.082855839870598,财产与意外伤害保险 <span style='color:red;'>↑27</span>(3),伯克希尔哈撒韦-B,2,133.0,1.0,0.12414339689158821,收盘价上穿短期均线,2025.5091247558594
36,FBIN,2024-07-11,68.79000091552734,75.30000305175781,943.950309753418,0.0946358780286194,建筑产品 (4),Fortune Brands Innovations Inc,3,71.0,0.6666666666666666,0.1068899744071257,收盘价上穿短期均线,1785.2602081298828
37,BLDR,2024-07-11,146.88999938964844,160.60000610351562,932.2804565429688,0.0933351948453568,建筑产品 (4),Builders FirstSource Inc,3,66.66666666666667,0.6666666666666666,0.18450379086723318,收盘价上穿短期均线,1785.2602081298828
38,MAS,2024-07-11,69.22000122070312,75.48999786376953,902.8795166015624,0.0905807069126589,建筑产品 (4),马斯可木业,4,56.5,0.5,0.10707442337453012,收盘价上穿短期均线,1785.2602081298828
39,LII,2024-05-15,502.1700134277344,577.0999755859375,1423.6692810058594,0.1492123387590248,建筑产品 (4),雷诺士,2,69.5,0.5,0.06298345722916394,多头排列,1785.2602081298828
40,CARR,2024-04-25,59.43000030517578,65.68000030517578,1050.0,0.1051657406681131,建筑产品 (4),Carrier Global Corp,3,46.0,0.3333333333333333,0.014176732065978522,收盘价上穿短期均线,1785.2602081298828
41,ACN,2024-07-12,310.6300048828125,319.8299865722656,294.3994140625,0.029617170089296,信息科技咨询与其它服务 <span style='color:red;'>↑14</span>(5),埃森哲,2,87.0,1.0,0.09130837442389644,收盘价上穿短期均线,1741.7796020507812
42,EPAM,2024-06-21,184.77999877929688,199.9600067138672,819.7204284667969,0.0821517915080271,信息科技咨询与其它服务 <span style='color:red;'>↑14</span>(5),EPAM Systems Inc,3,29.333333333333332,0.3333333333333333,-0.07241568005549875,收盘价上穿短期均线,1741.7796020507812
43,TRU,2024-06-20,73.41000366210938,91.37000274658205,2442.559875488281,0.2446532923106598,信息科技咨询与其它服务 <span style='color:red;'>↑14</span>(5),TransUnion,4,59.75,0.5,0.11871445729450847,收盘价上穿短期均线,1741.7796020507812
44,CTSH,2024-06-20,68.13999938964844,74.37999725341797,911.0396881103516,0.0915761361852534,信息科技咨询与其它服务 <span style='color:red;'>↑14</span>(5),高知特,4,52.25,0.5,0.038348348241333485,收盘价上穿短期均线,1741.7796020507812
45,IBM,2024-05-21,173.47000122070312,192.32000732421875,1074.4503479003906,0.1086643567813956,信息科技咨询与其它服务 <span style='color:red;'>↑14</span>(5),IBM国际商业机器(US),2,127.0,1.0,0.20555174431820408,收盘价上穿短期均线,1741.7796020507812
46,INFY,2024-05-16,16.90999984741211,21.75,2860.440090179444,0.2862211825110454,信息科技咨询与其它服务 <span style='color:red;'>↑14</span>(5),印孚瑟斯,2,105.0,1.0,0.2169576879210361,收盘价上穿短期均线,1741.7796020507812
47,IT,2024-05-15,442.1499938964844,478.6700134277344,803.4404296875,0.0825964492488493,信息科技咨询与其它服务 <span style='color:red;'>↑14</span>(5),加特纳,2,126.0,1.0,0.14292002331565323,收盘价上穿短期均线,1741.7796020507812
48,PFGC,2024-07-17,66.4000015258789,72.25,877.4997711181641,0.0881023846338482,食品分销商 <span style='color:red;'>↑20</span>(6),Performance Food Group Co,4,55.25,0.5,0.056252681749130055,收盘价上穿短期均线,1555.3597564697266
49,SYY,2024-07-11,71.69000244140625,76.01000213623047,600.4799575805664,0.060259444102475,食品分销商 <span style='color:red;'>↑20</span>(6),西斯科,4,57.0,0.5,0.03928416841748105,收盘价上穿短期均线,1555.3597564697266
50,K,2024-07-17,58.95000076293945,80.27999877929688,3604.769664764404,0.3618320227362425,包装食品与肉类 <span style='color:red;'>↑33</span>(7),家乐氏,2,53.0,1.0,0.18768758140027367,收盘价上穿短期均线,1418.4896812438965
51,GIS,2024-07-17,65.33999633789062,70.4000015258789,774.180793762207,0.0774411611813021,包装食品与肉类 <span style='color:red;'>↑33</span>(7),通用磨坊,3,33.333333333333336,0.6666666666666666,0.01738743639597791,收盘价上穿短期均线,1418.4896812438965
52,MDLZ,2024-07-17,67.12000274658203,71.19999694824219,603.8391418457031,0.0607865618996555,包装食品与肉类 <span style='color:red;'>↑33</span>(7),亿滋国际,4,21.5,0.5,0.00026907336226470135,收盘价上穿短期均线,1418.4896812438965
53,CAG,2024-07-16,28.989999771118164,30.81999969482422,629.5199737548828,0.0631252134582362,包装食品与肉类 <span style='color:red;'>↑33</span>(7),康尼格拉,4,28.75,0.5,0.021673690655947188,收盘价上穿短期均线,1418.4896812438965
54,KHC,2024-07-16,32.84000015258789,34.4900016784668,501.6004638671875,0.0502436515899005,包装食品与肉类 <span style='color:red;'>↑33</span>(7),卡夫亨氏,3,27.666666666666668,0.6666666666666666,0.008943441016852209,收盘价上穿短期均线,1418.4896812438965
55,HSY,2024-07-11,186.7899932861328,200.6100006103516,732.4603881835938,0.073986872000411,包装食品与肉类 <span style='color:red;'>↑33</span>(7),好时,4,40.25,0.5,0.010955431737440714,收盘价上穿短期均线,1418.4896812438965
56,MKC,2024-07-09,70.06999969482422,77.95999908447266,1120.379913330078,0.1126016758100719,包装食品与肉类 <span style='color:red;'>↑33</span>(7),味好美,2,77.5,1.0,0.0855807928821794,收盘价上穿短期均线,1418.4896812438965
57,TSN,2024-06-24,57.68000030517578,62.02999877929688,752.5497360229492,0.0754160619123775,包装食品与肉类 <span style='color:red;'>↑33</span>(7),泰森食品,2,67.5,1.0,0.04684150743268813,收盘价上穿短期均线,1418.4896812438965
58,CPB,2024-06-17,44.540000915527344,49.630001068115234,1140.1600341796875,0.1142793005828932,包装食品与肉类 <span style='color:red;'>↑33</span>(7),金宝汤,2,73.5,1.0,0.08041738409863726,收盘价上穿短期均线,1418.4896812438965
59,KDP,2024-07-17,33.08000183105469,35.310001373291016,673.4598617553711,0.067412316166889,软饮料与不含酒精饮料 <span style='color:red;'>↑59</span>(8),Keurig Dr Pepper Inc,3,44.0,0.6666666666666666,0.04987872017425557,收盘价上穿短期均线,1388.2011642456055
60,PEP,2024-07-12,166.3800048828125,173.7100067138672,439.8001098632813,0.044055785646944,软饮料与不含酒精饮料 <span style='color:red;'>↑59</span>(8),百事,3,46.333333333333336,0.6666666666666666,0.0148820125329661,收盘价上穿短期均线,1388.2011642456055
61,KO,2024-04-19,59.68000030517578,68.58000183105469,1486.3002548217771,0.1491287111321788,软饮料与不含酒精饮料 <span style='color:red;'>↑59</span>(8),可口可乐,2,127.5,1.0,0.08583566943608564,收盘价上穿短期均线,1388.2011642456055
62,CME,2024-07-15,197.00999450683597,207.8500061035156,542.0005798339844,0.0550226480834887,特殊金融服务 <span style='color:red;'>↑7</span>(9),芝加哥商业交易所,4,35.25,0.5,0.007868952201776276,收盘价上穿短期均线,1377.891944885254
63,MSCI,2024-06-24,489.1600036621094,554.3300170898438,1303.4002685546875,0.1332284179815138,特殊金融服务 <span style='color:red;'>↑7</span>(9),明晟,4,51.25,0.5,0.04438651585869924,收盘价上穿短期均线,1377.891944885254
64,CBOE,2024-06-21,175.91000366210938,205.9900054931641,1684.4801025390625,0.1709965391668845,特殊金融服务 <span style='color:red;'>↑7</span>(9),芝加哥期权交易所,3,115.0,0.6666666666666666,0.16344600046549834,收盘价上穿短期均线,1377.891944885254
65,NDAQ,2024-06-21,60.25,69.30000305175781,1493.250503540039,0.15020751953125,特殊金融服务 <span style='color:red;'>↑7</span>(9),纳斯达克,2,72.0,1.0,0.0994377896128755,收盘价上穿短期均线,1377.891944885254
66,MCO,2024-05-08,395.0899963378906,466.1499938964844,1776.4999389648438,0.1798577494172277,特殊金融服务 <span style='color:red;'>↑7</span>(9),穆迪,2,68.5,0.5,0.08270947719473082,短期均线上穿中期均线,1377.891944885254
67,ICE,2024-05-07,133.27000427246094,156.1199951171875,1713.7493133544922,0.171456367616012,特殊金融服务 <span style='color:red;'>↑7</span>(9),洲际交易所,2,126.5,1.0,0.19985640346136468,收盘价上穿短期均线,1377.891944885254
68,SPGI,2024-05-03,424.2699890136719,492.6499938964844,1572.7401123046875,0.1611709681417249,特殊金融服务 <span style='color:red;'>↑7</span>(9),标普全球,2,53.5,0.5,0.06844619420823361,收盘价上穿短期均线,1377.891944885254
69,GOLD,2024-08-12,18.989999771118164,19.15999984741211,89.42004013061523,0.00895208416761,黄金 <span style='color:red;'>↑8</span>(10),巴里克黄金,3,36.666666666666664,0.6666666666666666,0.015085071523155507,收盘价上穿短期均线,1239.3406400680542
70,NEM,2024-03-04,33.22999954223633,49.13999938964844,4772.999954223633,0.4787842331201365,黄金 <span style='color:red;'>↑8</span>(10),纽蒙特,1,163.0,1.0,0.47878423312013657,收盘价上穿短期均线,1239.3406400680542
71,AEM,2024-02-20,47.81999969482422,77.63999938964844,6232.379936218262,0.6235884543105042,黄金 <span style='color:red;'>↑8</span>(10),伊格尔矿业,1,176.0,1.0,0.6235884543105042,收盘价上穿短期均线,1239.3406400680542
72,NVDA,2024-08-13,116.13999938964844,118.08000183105467,166.8402099609375,0.0167039990666571,半导体产品 <span style='color:red;'>↑2</span>(11),英伟达,3,84.66666666666667,1.0,0.3587032266859957,收盘价上穿短期均线,1160.4707775115967
73,AVGO,2024-08-13,156.16000366210938,157.69000244140625,97.919921875,0.0097976353958559,半导体产品 <span style='color:red;'>↑2</span>(11),博通,3,95.33333333333333,1.0,0.19527345323375933,收盘价上穿短期均线,1160.4707775115967
74,FSLR,2024-08-12,219.22999572753903,225.5399932861328,283.94989013671875,0.0287825465564295,半导体产品 <span style='color:red;'>↑2</span>(11),第一太阳能,4,34.5,0.5,0.10895218659552107,收盘价上穿短期均线,1160.4707775115967
75,TSM,2024-08-08,164.5500030517578,169.97000122070312,325.19989013671875,0.032938304882562,半导体产品 <span style='color:red;'>↑2</span>(11),台积电,3,94.66666666666667,1.0,0.2055500196544502,收盘价上穿短期均线,1160.4707775115967
76,UMC,2024-07-31,8.369999885559082,8.720000267028809,417.9004554748535,0.041816055705519,半导体产品 <span style='color:red;'>↑2</span>(11),联华电子,4,41.25,0.75,0.008458967524162074,收盘价上穿短期均线,1160.4707775115967
77,AZO,2024-06-14,2835.820068359375,3196.419921875,1081.799560546875,0.1271589328036052,汽车零售 <span style='color:green;'>↓2</span>(12),汽车地带,3,54.0,0.6666666666666666,0.05691364524314392,收盘价上穿短期均线,1150.0282287597656
78,ORLY,2024-06-11,1000.030029296875,1129.219970703125,1162.70947265625,0.1291860620396409,汽车零售 <span style='color:green;'>↓2</span>(12),奥莱利,2,79.0,1.0,0.1254560450948322,收盘价上穿短期均线,1150.0282287597656
79,CVNA,2024-05-20,117.5,142.0,2082.5,0.2085106382978723,汽车零售 <span style='color:green;'>↓2</span>(12),Carvana Co-A,4,35.75,0.75,0.2564884152775561,多头排列,1150.0282287597656
80,KMX,2024-05-09,71.04000091552734,77.44999694824219,897.3994445800781,0.0902307988472139,汽车零售 <span style='color:green;'>↓2</span>(12),车美仕,2,85.0,0.5,0.03834101900407546,收盘价上穿短期均线,1150.0282287597656
81,CEG,2024-08-08,187.02999877929688,186.1499938964844,-46.6402587890625,-0.0047051536574672,电力公用事业 <span style='color:red;'>↑15</span>(13),Constellation Energy Corp,2,84.0,0.5,0.2138478896632392,收盘价上穿短期均线,1134.996467590332
82,FE,2024-07-26,40.93999862670898,42.27999877929688,326.9600372314453,0.0327308304234696,电力公用事业 <span style='color:red;'>↑15</span>(13),第一能源,3,42.666666666666664,0.6666666666666666,0.008201452455208402,多头排列,1134.996467590332
83,PPL,2024-07-11,28.21999931335449,31.049999237060547,1001.8199729919434,0.1002834866252749,电力公用事业 <span style='color:red;'>↑15</span>(13),PPL能源,3,54.0,1.0,0.04574891349781221,收盘价上穿短期均线,1134.996467590332
84,XEL,2024-07-11,54.08000183105469,58.959999084472656,897.9194946289062,0.0902366325478875,电力公用事业 <span style='color:red;'>↑15</span>(13),埃克西尔能源,3,46.0,0.3333333333333333,-0.012971501398656538,收盘价上穿短期均线,1134.996467590332
85,ETR,2024-07-11,108.48999786376952,117.98999786376952,874.0,0.0875656759799102,电力公用事业 <span style='color:red;'>↑15</span>(13),安特吉,3,54.666666666666664,0.6666666666666666,0.0330020074541394,收盘价上穿短期均线,1134.996467590332
86,EXC,2024-07-11,35.31999969482422,37.02999877929688,483.9297409057617,0.0484144705336234,电力公用事业 <span style='color:red;'>↑15</span>(13),爱克斯龙电力,3,40.666666666666664,0.6666666666666666,0.022300271948492153,收盘价上穿短期均线,1134.996467590332
87,EIX,2024-07-10,72.38999938964844,83.13999938964844,1483.5,0.1485011754474088,电力公用事业 <span style='color:red;'>↑15</span>(13),爱迪生国际,3,49.0,1.0,0.05910052900351171,收盘价上穿短期均线,1134.996467590332
88,AEP,2024-07-10,88.25,97.23999786376952,1015.869758605957,0.1018696641786915,电力公用事业 <span style='color:red;'>↑15</span>(13),美国电力,3,54.0,1.0,0.059746994591204104,收盘价上穿短期均线,1134.996467590332
89,PCG,2024-07-10,17.639999389648438,18.38999938964844,424.5,0.0425170082738278,电力公用事业 <span style='color:red;'>↑15</span>(13),太平洋煤气电力,4,34.25,0.5,0.0014007956047580317,收盘价上穿短期均线,1134.996467590332
90,ES,2024-07-09,57.84000015258789,66.44999694824219,1480.919448852539,0.1488588653689529,电力公用事业 <span style='color:red;'>↑15</span>(13),能源方案,3,45.333333333333336,0.6666666666666666,0.054867294591326846,收盘价上穿短期均线,1134.996467590332
91,DUK,2024-07-09,100.94000244140624,113.45999908447266,1239.4796676635742,0.1240340433945801,电力公用事业 <span style='color:red;'>↑15</span>(13),杜克能源,3,49.0,1.0,0.04779538676230653,收盘价上穿短期均线,1134.996467590332
92,SO,2024-04-19,71.43000030517578,87.19000244140625,2190.640296936035,0.2206356162522444,电力公用事业 <span style='color:red;'>↑15</span>(13),南方电力,2,84.0,1.0,0.11749157368279911,多头排列,1134.996467590332
93,NEE,2024-03-07,55.7400016784668,78.01000213623047,3986.330081939697,0.3995335448001414,电力公用事业 <span style='color:red;'>↑15</span>(13),新纪元能源,1,160.0,1.0,0.3995335448001414,收盘价上穿短期均线,1134.996467590332
94,NVO,2024-08-09,133.47000122070312,134.4199981689453,70.29977416992188,0.0071176814231933,制药 <span style='color:green;'>↓8</span>(14),诺和诺德,3,70.0,1.0,0.09051060888502928,收盘价上穿短期均线,1124.6506443023682
95,VTRS,2024-06-27,10.479999542236328,11.399999618530272,877.6800727844238,0.0877862706564227,制药 <span style='color:green;'>↓8</span>(14),Viatris Inc,4,55.25,0.5,0.07412814329225659,收盘价上穿短期均线,1124.6506443023682
96,ZTS,2024-06-24,171.41000366210938,183.3800048828125,694.2600708007812,0.0698325708241561,制药 <span style='color:green;'>↓8</span>(14),硕腾,3,39.0,0.6666666666666666,0.02368898304104206,收盘价上穿短期均线,1124.6506443023682
97,BMY,2024-06-21,41.33000183105469,48.40999984741211,1706.279521942139,0.1713040818458814,制药 <span style='color:green;'>↓8</span>(14),百时美施贵宝,3,41.666666666666664,0.6666666666666666,0.052267013961666824,收盘价上穿短期均线,1124.6506443023682
98,ABBV,2024-06-04,160.58999633789062,193.0,2009.4202270507808,0.2018183224434282,制药 <span style='color:green;'>↓8</span>(14),艾伯维,4,52.25,0.5,0.07464180598563534,收盘价上穿短期均线,1124.6506443023682
99,CTLT,2024-06-04,54.959999084472656,59.400001525878906,803.6404418945312,0.0807860719681242,制药 <span style='color:green;'>↓8</span>(14),Catalent Inc,2,127.0,1.0,0.23886874112527137,收盘价上穿短期均线,1124.6506443023682
100,JNJ,2024-05-01,149.94000244140625,158.47999572753906,563.6395568847656,0.0569560700752294,制药 <span style='color:green;'>↓8</span>(14),强生,2,66.5,0.5,0.023260012083806608,收盘价上穿短期均线,1124.6506443023682
101,TEVA,2024-04-26,13.8100004196167,18.010000228881836,3040.799861907959,0.3041274208289784,制药 <span style='color:green;'>↓8</span>(14),梯瓦制药,2,139.5,1.0,0.381503034998261,收盘价上穿短期均线,1124.6506443023682
102,NVS,2024-04-22,95.12000274658205,113.52999877929688,1933.0495834350584,0.193544948497979,制药 <span style='color:green;'>↓8</span>(14),诺华制药,2,69.5,0.5,0.08160293519643179,收盘价上穿短期均线,1124.6506443023682
103,AZN,2024-03-01,64.5999984741211,83.76000213623047,2950.640563964844,0.296594490939267,制药 <span style='color:green;'>↓8</span>(14),阿斯利康(US ADR),1,166.0,1.0,0.29659449093926704,收盘价上穿短期均线,1124.6506443023682
104,DUOL,2024-08-08,178.99000549316406,197.07000732421875,994.4001007080078,0.1010112368075501,教育服务 <span style='color:red;'>↑19</span>(15),多邻国,5,24.8,0.4,-0.022974548973267256,收盘价上穿短期均线,994.4001007080078
105,TDG,2024-08-09,1246.0999755859375,1248.3599853515625,18.080078125,0.0018136664873637,航天航空与国防 <span style='color:red;'>↑1</span>(16),TransDigm Group Inc,4,69.0,0.5,0.12747657747197655,收盘价上穿短期均线,966.1409301757812
106,AXON,2024-08-07,349.239990234375,370.5700073242188,597.240478515625,0.0610755288234007,航天航空与国防 <span style='color:red;'>↑1</span>(16),Axon Enterprise Inc,3,93.0,0.6666666666666666,0.18019104029644517,收盘价上穿短期均线,966.1409301757812
107,GD,2024-07-25,290.9800109863281,293.7300109863281,93.5,0.0094508210054649,航天航空与国防 <span style='color:red;'>↑1</span>(16),通用动力,3,101.66666666666667,0.6666666666666666,0.10263677349157654,收盘价上穿短期均线,966.1409301757812
108,RTX,2024-07-16,103.68000030517578,117.6500015258789,1341.1201171875,0.1347415237228325,航天航空与国防 <span style='color:red;'>↑1</span>(16),雷神技术,2,140.5,1.0,0.2738016116664232,收盘价上穿短期均线,966.1409301757812
109,NOC,2024-07-02,437.3699951171875,505.0,1487.860107421875,0.1546288168777831,航天航空与国防 <span style='color:red;'>↑1</span>(16),诺斯罗普-格鲁曼(US),3,45.0,0.6666666666666666,0.04211935582475742,收盘价上穿短期均线,966.1409301757812
110,LMT,2024-05-31,467.1900024414063,563.219970703125,2016.6293334960935,0.2055479949482921,航天航空与国防 <span style='color:red;'>↑1</span>(16),洛克希德马丁,2,85.5,1.0,0.1320549031107951,收盘价上穿短期均线,966.1409301757812
111,PR,2024-08-12,14.960000038146973,14.670000076293944,-193.7199745178223,-0.0193850241386061,资产管理与托管银行 <span style='color:green;'>↓5</span>(17),Permian Resources Corp-A,4,33.75,0.25,0.011484089961454535,收盘价上穿短期均线,923.8808517456055
112,KKR,2024-06-10,108.9499969482422,118.37999725341795,858.1300277709961,0.086553470117632,资产管理与托管银行 <span style='color:green;'>↓5</span>(17),KKR & Co Inc,3,83.66666666666667,0.6666666666666666,0.207206823617601,收盘价上穿短期均线,923.8808517456055
113,BX,2024-05-07,121.5,136.16000366210938,1202.1203002929688,0.1206584663548096,资产管理与托管银行 <span style='color:green;'>↓5</span>(17),黑石集团,2,132.0,1.0,0.18420690956866687,收盘价上穿短期均线,923.8808517456055
114,BLK,2024-05-06,769.5399780273438,857.52001953125,1055.760498046875,0.1143280973256727,资产管理与托管银行 <span style='color:green;'>↓5</span>(17),贝莱德,2,127.0,1.0,0.1832115206063633,收盘价上穿短期均线,923.8808517456055
115,BK,2024-04-22,56.27000045776367,64.11000061035156,1387.6800270080566,0.1393282404266657,资产管理与托管银行 <span style='color:green;'>↓5</span>(17),纽约梅隆银行,2,143.5,1.0,0.22051943197523102,多头排列,923.8808517456055
116,WEC,2024-07-11,80.33999633789062,89.63999938964844,1153.2003784179688,0.1157580716414803,复合型公用事业 <span style='color:red;'>↑24</span>(18),WEC能源,3,39.666666666666664,0.3333333333333333,0.028716479318795667,收盘价上穿短期均线,891.17041015625
117,ED,2024-07-11,91.45999908447266,100.86000061035156,1024.6001663208008,0.1027771880600725,复合型公用事业 <span style='color:red;'>↑24</span>(18),爱迪生联合电气,3,43.0,0.6666666666666666,0.041911299109074,收盘价上穿短期均线,891.17041015625
118,D,2024-07-10,49.75,55.5099983215332,1157.7596626281738,0.1157788607343357,复合型公用事业 <span style='color:red;'>↑24</span>(18),道明尼能源,2,77.5,1.0,0.1288684368711758,收盘价上穿短期均线,891.17041015625
119,SRE,2024-04-22,70.51000213623047,78.70999908447266,1156.1995697021484,0.1162955141087529,复合型公用事业 <span style='color:red;'>↑24</span>(18),桑普拉能源,2,82.0,0.5,0.04326271214137917,收盘价上穿年线,891.17041015625
120,PEG,2024-02-06,57.77999877929688,80.51000213623047,3932.290580749512,0.3933887822281847,复合型公用事业 <span style='color:red;'>↑24</span>(18),公共服务企业,1,190.0,1.0,0.39338878222818446,收盘价上穿短期均线,891.17041015625
121,ALNY,2024-07-31,237.4600067138672,262.8900146484375,1068.0603332519531,0.1070917510973238,生物科技 <span style='color:green;'>↓16</span>(19),Alnylam Pharmaceuticals Inc,3,31.0,0.6666666666666666,0.18094966941663446,收盘价上穿短期均线,846.4828109741211
122,EXAS,2024-07-05,44.56999969482422,56.36000061035156,2640.960205078125,0.2645277315740363,生物科技 <span style='color:green;'>↓16</span>(19),精密科学,4,23.25,0.25,0.004102221975736912,收盘价上穿短期均线,846.4828109741211
123,VKTX,2024-07-01,55.31999969482422,58.20000076293945,518.4001922607422,0.0520607571222508,生物科技 <span style='color:green;'>↓16</span>(19),Viking Therapeutics Inc,2,57.5,0.5,-0.004560639009910317,收盘价上穿短期均线,846.4828109741211
124,INSM,2024-06-24,68.43000030517578,74.87000274658203,940.2403564453124,0.0941108053877818,生物科技 <span style='color:green;'>↓16</span>(19),Insmed Inc,3,29.666666666666668,0.3333333333333333,-0.022388779379402302,多头排列,846.4828109741211
125,ARGX,2024-06-20,387.8699951171875,522.3599853515625,3362.249755859375,0.3467398662630282,生物科技 <span style='color:green;'>↓16</span>(19),argenx SE ADR,3,40.0,0.3333333333333333,0.06263659268866108,收盘价上穿短期均线,846.4828109741211
126,GILD,2024-06-10,64.4800033569336,74.13999938964844,1497.2993850708008,0.1498138264547111,生物科技 <span style='color:green;'>↓16</span>(19),吉利德科学,3,35.333333333333336,0.3333333333333333,0.016528070174530035,收盘价上穿短期均线,846.4828109741211
127,REGN,2024-05-02,937.6099853515624,1156.8599853515625,2192.5,0.2338392331837111,生物科技 <span style='color:green;'>↓16</span>(19),再生元制药,2,129.0,1.0,0.18807101161390766,收盘价上穿短期均线,846.4828109741211
128,HALO,2024-05-01,39.29999923706055,57.40999984741211,4599.940155029297,0.4608142738403296,生物科技 <span style='color:green;'>↓16</span>(19),奥洛兹美医疗,2,85.5,1.0,0.2816770216929281,收盘价上穿短期均线,846.4828109741211
129,UTHR,2024-04-08,236.9600067138672,323.8699951171875,3650.219512939453,0.3667707036667392,生物科技 <span style='color:green;'>↓16</span>(19),联合治疗,2,83.0,1.0,0.18575900891539948,收盘价上穿短期均线,846.4828109741211
130,FCNCA,2024-06-27,1679.4599609375,1999.6099853515625,1600.7501220703125,0.1906267680447409,区域性银行 <span style='color:green;'>↓15</span>(20),第一公民银行股份-A,3,61.333333333333336,1.0,0.08988373099764872,收盘价上穿短期均线,812.720235824585
131,KEY,2024-06-24,13.920000076293944,15.640000343322754,1234.9601917266846,0.1235632368966725,区域性银行 <span style='color:green;'>↓15</span>(20),KeyCorp,3,77.33333333333333,0.6666666666666666,0.1455290267520584,收盘价上穿短期均线,812.720235824585
132,TFC,2024-06-24,37.459999084472656,41.900001525878906,1181.0406494140625,0.1185264962605578,区域性银行 <span style='color:green;'>↓15</span>(20),Truist Financial Corp,2,141.0,1.0,0.23560536156641507,收盘价上穿短期均线,812.720235824585
133,PNC,2024-06-24,153.3000030517578,168.3699951171875,979.5494842529296,0.0983039254105017,区域性银行 <span style='color:green;'>↓15</span>(20),PNC金融服务集团,3,82.33333333333333,0.6666666666666666,0.10825825637852564,收盘价上穿短期均线,812.720235824585
134,FITB,2024-06-24,36.290000915527344,39.709999084472656,940.4994964599608,0.0942407848626425,区域性银行 <span style='color:green;'>↓15</span>(20),五三银行,3,84.33333333333333,0.6666666666666666,0.1594297348041443,收盘价上穿短期均线,812.720235824585
135,MTB,2024-06-24,149.58999633789062,160.16000366210938,697.6204833984375,0.0706598541545749,区域性银行 <span style='color:green;'>↓15</span>(20),美国制商银行,3,48.666666666666664,0.3333333333333333,0.017374394509236595,多头排列,812.720235824585
136,HBAN,2024-06-24,12.979999542236328,13.479999542236328,385.0,0.0385208025911728,区域性银行 <span style='color:green;'>↓15</span>(20),亨廷顿银行,2,134.5,1.0,0.18933073597996056,收盘价上穿短期均线,812.720235824585
137,RF,2024-06-17,18.899999618530277,20.88999938964844,1052.7098789215088,0.1052909953060048,区域性银行 <span style='color:green;'>↓15</span>(20),地区金融,3,47.0,0.6666666666666666,0.03312253796210563,收盘价上穿短期均线,812.720235824585
138,CFG,2024-04-24,35.099998474121094,40.11000061035156,1422.8406066894531,0.1427351098013379,区域性银行 <span style='color:green;'>↓15</span>(20),Citizens Financial Group Inc,2,71.5,0.5,0.06388508080480286,多头排列,812.720235824585
139,NU,2024-08-09,12.399999618530272,13.380000114440918,789.8803997039795,0.079032300488635,综合金融服务 <span style='color:red;'>↑24</span>(21),Nu Holdings Ltd-A,3,103.66666666666667,1.0,0.19235621051325702,收盘价上穿短期均线,799.480619430542
140,SQ,2024-08-09,62.13999938964844,62.20000076293945,9.6002197265625,0.0009655837444538,综合金融服务 <span style='color:red;'>↑24</span>(21),Block Inc-A,4,32.0,0.5,-0.019850504836216226,收盘价上穿短期均线,799.480619430542
141,AER,2024-08-12,92.26000213623048,93.04000091552734,84.2398681640625,0.0084543546633039,贸易公司与经销商 <span style='color:green;'>↓8</span>(22),AerCap飞机租赁,2,146.0,1.0,0.21815818542052207,收盘价上穿短期均线,796.4393081665039
142,FAST,2024-07-10,63.5099983215332,66.2699966430664,433.3197364807129,0.0434576979133287,贸易公司与经销商 <span style='color:green;'>↓8</span>(22),快扣,2,115.5,1.0,0.16343487187427663,收盘价上穿年线,796.4393081665039
143,URI,2024-06-18,644.8900146484375,702.1900024414062,859.4998168945312,0.0888523414712908,贸易公司与经销商 <span style='color:green;'>↓8</span>(22),联合租赁,3,82.0,0.6666666666666666,0.19077229659324896,收盘价上穿短期均线,796.4393081665039
144,GWW,2024-06-13,921.0700073242188,952.7000122070312,316.300048828125,0.0343405003216858,贸易公司与经销商 <span style='color:green;'>↓8</span>(22),固安捷,3,83.66666666666667,0.6666666666666666,0.10638385107165522,收盘价上穿短期均线,796.4393081665039
145,FND,2024-07-29,97.36000061035156,103.12000274658205,587.5202178955078,0.0591618950300011,建筑材料 <span style='color:green;'>↓12</span>(23),Floor & Decor Holdings Inc-A,3,44.0,0.6666666666666666,0.020464214458712486,收盘价上穿短期均线,749.2006683349609
146,EXP,2024-07-11,227.3500061035156,243.94000244140625,713.3698425292969,0.0729711717286559,建筑材料 <span style='color:green;'>↓12</span>(23),Eagle Materials Inc,3,62.666666666666664,0.6666666666666666,0.11752328387786361,收盘价上穿短期均线,749.2006683349609
147,CRH,2024-07-09,75.88999938964844,83.3499984741211,977.259880065918,0.0983001600272804,建筑材料 <span style='color:green;'>↓12</span>(23),CRH水泥,3,78.33333333333333,0.6666666666666666,0.16448235432521177,收盘价上穿短期均线,749.2006683349609
148,CHWY,2024-08-13,24.690000534057617,25.559999465942383,352.3495674133301,0.0352368940083529,互联网与直销零售 <span style='color:green;'>↓17</span>(24),Chewy Inc-A,5,23.6,0.4,0.017828162899795098,收盘价上穿短期均线,736.0187759399414
149,JD,2024-08-13,26.1299991607666,25.899999618530277,-87.85982513427734,-0.0088021258945031,互联网与直销零售 <span style='color:green;'>↓17</span>(24),京东,5,27.0,0.2,-0.04735590528664811,收盘价上穿短期均线,736.0187759399414
150,NFLX,2024-08-09,633.9400024414062,661.6799926757812,416.099853515625,0.0437580687881247,互联网与直销零售 <span style='color:green;'>↓17</span>(24),奈飞,3,82.0,1.0,0.1370409795460938,收盘价上穿短期均线,736.0187759399414
151,DASH,2024-08-08,124.76000213623048,126.93000030517578,173.599853515625,0.0173933803445739,互联网与直销零售 <span style='color:green;'>↓17</span>(24),DoorDash Inc-A,3,69.33333333333333,0.6666666666666666,0.15570692724079757,短期均线上穿中期均线,736.0187759399414
152,CPNG,2024-08-06,20.670000076293945,22.149999618530277,714.8397789001465,0.0716013322096555,互联网与直销零售 <span style='color:green;'>↓17</span>(24),Coupang Inc-A,4,38.0,0.5,0.0885990319131862,收盘价上穿短期均线,736.0187759399414
153,PDD,2024-08-06,132.6199951171875,141.97999572753906,702.0000457763672,0.0705775973078625,互联网与直销零售 <span style='color:green;'>↓17</span>(24),拼多多,4,24.75,0.5,-0.0023398684137420963,收盘价上穿短期均线,736.0187759399414
154,BABA,2024-07-03,75.56999969482422,79.47000122070312,514.8002014160156,0.0516078012654275,互联网与直销零售 <span style='color:green;'>↓17</span>(24),阿里巴巴,4,40.75,0.5,0.013238110748808388,收盘价上穿短期均线,736.0187759399414
155,ELV,2024-08-13,531.6500244140625,539.219970703125,136.259033203125,0.0142385891873237,管理型保健护理 <span style='color:red;'>↑16</span>(25),Elevance Health Inc,4,44.0,0.75,0.008574176760162191,收盘价上穿短期均线,698.5390930175781
156,CNC,2024-07-25,67.4000015258789,77.02999877929688,1425.2395935058594,0.1428782942938129,管理型保健护理 <span style='color:red;'>↑16</span>(25),康西哥,5,21.0,0.2,0.0006264567123062822,收盘价上穿短期均线,698.5390930175781
157,MOH,2024-07-25,324.1700134277344,339.2200012207031,451.4996337890625,0.0464262182483568,管理型保健护理 <span style='color:red;'>↑16</span>(25),Molina Healthcare Inc,3,27.0,0.3333333333333333,-0.007364020125791383,收盘价上穿短期均线,698.5390930175781
158,UNH,2024-04-19,499.0299987792969,579.6699829101562,1612.7996826171875,0.161593459968573,管理型保健护理 <span style='color:red;'>↑16</span>(25),联合健康,3,50.666666666666664,0.3333333333333333,0.017167164041014128,收盘价上穿年线,698.5390930175781
159,OKE,2024-08-08,85.33000183105469,86.33999633789062,118.16935729980467,0.0118363352298483,石油与天然气的储存和运输 <span style='color:red;'>↑3</span>(26),欧尼克,2,132.5,1.0,0.1257916380842083,多头排列,686.1790161132812
160,ENB,2024-06-28,35.59000015258789,39.540000915527344,1106.0002136230469,0.1109862530487298,石油与天然气的储存和运输 <span style='color:red;'>↑3</span>(26),恩桥,3,49.333333333333336,0.6666666666666666,0.03702892318849717,收盘价上穿短期均线,686.1790161132812
161,KMI,2024-02-15,16.68000030517578,20.959999084472656,2563.719268798828,0.2565946463423503,石油与天然气的储存和运输 <span style='color:red;'>↑3</span>(26),金德摩根,1,181.0,1.0,0.2565946463423503,收盘价上穿短期均线,686.1790161132812
162,TRGP,2024-01-25,84.73999786376953,140.16000366210938,6539.560684204102,0.6540005569440142,石油与天然气的储存和运输 <span style='color:red;'>↑3</span>(26),Targa Resources Corp,1,202.0,1.0,0.6540005569440142,收盘价上穿短期均线,686.1790161132812
163,EFX,2024-05-07,236.3500061035156,296.3800048828125,2521.2599487304688,0.2539877183375454,调查和咨询服务 <span style='color:red;'>↑9</span>(27),艾可菲,2,120.5,1.0,0.22257224751128488,收盘价上穿短期均线,657.2997436523438
164,ITUB,2024-08-09,6.269999980926514,6.710000038146973,701.3600912094116,0.0701754479360366,综合性银行 <span style='color:red;'>↑18</span>(28),艾涛巴西联合银行,3,70.66666666666667,0.6666666666666666,0.11896501467037558,DIF上穿DEA-金叉,616.6105833053589
165,HDB,2024-08-08,60.25,58.84000015258789,-232.64997482299805,-0.0234024870939769,综合性银行 <span style='color:red;'>↑18</span>(28),HDFC银行,3,43.666666666666664,0.6666666666666666,0.007064806002102697,收盘价上穿短期均线,616.6105833053589
166,USB,2024-06-21,39.209999084472656,42.34000015258789,798.1502723693848,0.07982660395814,综合性银行 <span style='color:red;'>↑18</span>(28),美国合众银行,3,40.0,0.6666666666666666,0.01537973407867811,收盘价上穿短期均线,616.6105833053589
167,TT,2024-08-09,332.67999267578125,345.7200012207031,391.20025634765625,0.0391968523265846,工业机械、物料与部件 <span style='color:green;'>↓4</span>(29),特灵科技,2,140.0,1.0,0.2732598945974127,收盘价上穿短期均线,606.7691192626953
168,PH,2024-08-08,568.0800170898438,578.3900146484375,175.26995849609375,0.0181488474307012,工业机械、物料与部件 <span style='color:green;'>↓4</span>(29),派克汉尼汾,5,49.6,0.4,0.03991299206631016,收盘价上穿短期均线,606.7691192626953
169,PNR,2024-07-11,78.25,83.12999725341797,619.759651184082,0.0623641821523063,工业机械、物料与部件 <span style='color:green;'>↓4</span>(29),滨特尔,3,83.66666666666667,0.6666666666666666,0.0911021191189737,收盘价上穿短期均线,606.7691192626953
170,FTNT,2024-08-07,69.93000030517578,72.79000091552734,408.98008728027344,0.0408980494475971,系统软件 <span style='color:red;'>↑35</span>(30),防特网,4,46.75,0.5,0.04750997286331099,收盘价上穿短期均线,587.7300872802734
171,NRG,2024-08-08,77.97000122070312,82.37999725341797,564.4794921875,0.0565601636997778,独立电力生产商与能源贸易商 <span style='color:red;'>↑6</span>(31),NRG Energy Inc,2,143.0,1.0,0.5069797115907366,收盘价上穿短期均线,585.8992614746094
172,VST,2024-08-08,79.08000183105469,79.25,21.41976928710937,0.0021496985964731,独立电力生产商与能源贸易商 <span style='color:red;'>↑6</span>(31),Vistra Corp,2,220.5,1.0,1.120542119427117,收盘价上穿短期均线,585.8992614746094
173,BURL,2024-05-06,188.0,255.4499969482422,3574.849838256836,0.3587765795119265,综合货品商店 <span style='color:green;'>↓12</span>(32),伯灵顿百货,2,112.5,1.0,0.26112147256205065,收盘价上穿短期均线,550.3300018310547
174,SN,2024-07-26,73.73999786376953,89.1500015258789,2080.3504943847656,0.2089775441894978,家用电器 <span style='color:green;'>↓25</span>(33),SharkNinja Inc,2,85.0,1.0,0.2990270102661085,收盘价上穿短期均线,511.6501235961914
175,AON,2024-06-05,285.5799865722656,331.0,1589.7004699707031,0.1590448055303094,保险经纪商 <span style='color:red;'>↑37</span>(34),怡安保险,3,54.333333333333336,0.6666666666666666,0.05177343777252256,收盘价上穿短期均线,496.5113067626953
176,WTW,2024-05-31,254.41000366210935,279.9800109863281,997.2302856445312,0.100507082882555,保险经纪商 <span style='color:red;'>↑37</span>(34),Willis Towers Watson PLC,3,80.66666666666667,0.6666666666666666,0.06860696821115249,收盘价上穿短期均线,496.5113067626953
177,MMC,2024-05-22,210.82000732421875,221.0500030517578,480.809799194336,0.0485247859412433,保险经纪商 <span style='color:red;'>↑37</span>(34),威达信,2,91.5,1.0,0.04872232101464225,多头排列,496.5113067626953
178,BRO,2024-05-01,82.56999969482422,101.3000030517578,2266.330406188965,0.226837876058605,保险经纪商 <span style='color:red;'>↑37</span>(34),布朗保险,2,100.0,1.0,0.18180230444764733,收盘价上穿短期均线,496.5113067626953
179,AJG,2024-05-01,238.1999969482422,284.70001220703125,1906.500625610352,0.1952141723532134,保险经纪商 <span style='color:red;'>↑37</span>(34),亚瑟加拉格尔,2,95.0,1.0,0.12078652884846529,收盘价上穿短期均线,496.5113067626953
180,PSTG,2024-08-13,59.59000015258789,60.29999923706055,118.5698471069336,0.0119147354028295,电脑硬件、储存设备及电脑周边 <span style='color:red;'>↑26</span>(35),Pure Storage Inc-A,2,108.5,1.0,0.34233350809125573,收盘价上穿短期均线,457.1498718261719
181,NTAP,2024-08-12,122.93000030517578,127.11000061035156,338.5800247192383,0.0340030935882116,电脑硬件、储存设备及电脑周边 <span style='color:red;'>↑26</span>(35),美国网存,3,85.66666666666667,1.0,0.11265544822490631,收盘价上穿短期均线,457.1498718261719
182,SNOW,2024-08-13,127.05999755859376,127.3000030517578,18.720428466796875,0.0018889146684689,数据处理与外包服务 <span style='color:green;'>↓15</span>(36),Snowflake Inc-A,4,47.0,0.5,0.039217988332730803,收盘价上穿短期均线,452.9419250488281
183,GPN,2024-08-08,104.05999755859376,105.08000183105467,97.92041015625,0.0098020785738208,数据处理与外包服务 <span style='color:green;'>↓15</span>(36),环汇,5,38.6,0.4,-0.013703543811506184,DIF上穿DEA-金叉,452.9419250488281
184,V,2024-07-31,265.6700134277344,261.1400146484375,-167.60995483398438,-0.0170512235116406,数据处理与外包服务 <span style='color:green;'>↓15</span>(36),维萨,4,63.0,0.25,0.018217668223705873,收盘价上穿短期均线,452.9419250488281
185,PYPL,2024-07-30,64.0,66.13999938964844,333.83990478515625,0.0334374904632568,数据处理与外包服务 <span style='color:green;'>↓15</span>(36),PayPal Holdings Inc,5,19.4,0.4,-0.02117207933259055,收盘价上穿短期均线,452.9419250488281
186,ADP,2024-07-15,242.63999938964844,262.82000732421875,827.3803253173828,0.0831685129629589,数据处理与外包服务 <span style='color:green;'>↓15</span>(36),自动数据处理,4,54.5,0.5,0.02073924136096264,收盘价上穿短期均线,452.9419250488281
187,PAYX,2024-07-15,121.62999725341795,125.0999984741211,284.54010009765625,0.0285291564503888,数据处理与外包服务 <span style='color:green;'>↓15</span>(36),沛齐,3,49.333333333333336,0.3333333333333333,-0.0005950337408389354,收盘价上穿短期均线,452.9419250488281
188,FI,2024-06-20,149.94000244140625,164.02999877929688,929.9397583007812,0.0939708957480958,数据处理与外包服务 <span style='color:green;'>↓15</span>(36),费哲金融服务,2,114.5,1.0,0.18893464680270405,收盘价上穿短期均线,452.9419250488281
189,BR,2024-05-13,197.0,209.6499938964844,632.4996948242188,0.0642131669872303,数据处理与外包服务 <span style='color:green;'>↓15</span>(36),布罗德里奇金融,3,86.66666666666667,0.6666666666666666,0.048047562783586024,收盘价上穿短期均线,452.9419250488281
190,EQR,2024-06-10,65.37999725341797,71.19000244140625,883.1207885742188,0.0888651794442304,住宅房地产投资信托 <span style='color:red;'>↑15</span>(37),公平住屋,3,53.0,0.6666666666666666,0.027335830121637653,收盘价上穿短期均线,383.230712890625
191,AVB,2024-06-03,192.75999450683597,213.5200042724609,1058.760498046875,0.1076987464060587,住宅房地产投资信托 <span style='color:red;'>↑15</span>(37),艾芙隆海湾社区,3,56.0,0.6666666666666666,0.03644337837386368,收盘价上穿短期均线,383.230712890625
192,TECK,2024-08-12,46.41999816894531,46.81999969482422,86.00032806396484,0.0086170086526738,多种金属与采矿 <span style='color:green;'>↓15</span>(38),泰克资源,4,31.75,0.5,0.018821196535656698,收盘价上穿短期均线,374.0000534057617
193,HWM,2024-04-26,66.3499984741211,93.87999725341795,4129.499816894531,0.4149208652963959,多种金属与采矿 <span style='color:green;'>↓15</span>(38),Howmet Aerospace Inc,2,141.5,1.0,0.41286446286259704,收盘价上穿短期均线,374.0000534057617
194,BTI,2024-04-29,28.790000915527344,36.18000030517578,2564.329788208008,0.256686320064088,烟草 <span style='color:green;'>↓8</span>(39),英美烟草,3,65.66666666666667,0.3333333333333333,0.06949130401703622,收盘价上穿短期均线,366.9486541748047
195,MO,2024-04-29,42.84000015258789,51.18999862670898,1945.5496444702148,0.1949112615401493,烟草 <span style='color:green;'>↓8</span>(39),奥驰亚集团,3,52.0,0.6666666666666666,0.0634669134469568,多头排列,366.9486541748047
196,PM,2024-04-22,92.76000213623048,117.1999969482422,2615.079444885254,0.2634755740531174,烟草 <span style='color:green;'>↓8</span>(39),菲利普莫里斯国际,2,78.5,0.5,0.12944566606839597,短期均线上穿中期均线,366.9486541748047
197,IP,2024-05-02,35.349998474121094,46.119998931884766,3037.1401290893555,0.3046676357185174,纸制品 <span style='color:red;'>↑18</span>(40),国际纸业,2,84.5,1.0,0.1524331412312508,收盘价上穿短期均线,358.14012908935547
198,SHW,2024-06-17,302.8500061035156,352.1499938964844,1626.8995971679688,0.1627868145926923,特种化学制品 <span style='color:red;'>↑14</span>(41),宣伟,4,60.75,0.5,0.09468579325386865,收盘价上穿短期均线,311.52008056640625
199,MPC,2024-08-08,174.14999389648438,179.0500030517578,279.30052185058594,0.028136717352893,石油与天然气的炼制和营销 <span style='color:red;'>↑31</span>(42),马拉松原油,4,39.0,0.5,0.032728174003545364,收盘价上穿短期均线,279.30052185058594
200,COST,2024-08-08,839.4299926757812,862.7100219726562,256.080322265625,0.0277331397495902,日常消费品零售 <span style='color:red;'>↑47</span>(43),开市客,3,87.66666666666667,1.0,0.1490751503111235,收盘价上穿短期均线,256.080322265625
201,GRAB,2024-08-13,3.369999885559082,3.369999885559082,0.0,0.0,综合支持服务 <span style='color:red;'>↑7</span>(44),Grab Holdings Ltd-A,4,38.25,0.5,-0.0017792683240606807,收盘价上穿短期均线,254.599609375
202,CTAS,2023-10-09,498.1700134277344,763.1599731445312,5299.7991943359375,0.5319267570793618,综合支持服务 <span style='color:red;'>↑7</span>(44),信达思,1,310.0,1.0,0.5319267570793618,短期均线上穿中期均线,254.599609375
203,PLNT,2024-03-28,62.630001068115234,79.76000213623047,2723.6701698303223,0.2735111093082205,消闲设施 <span style='color:green;'>↓7</span>(45),Planet Fitness Inc-A,2,73.0,0.5,0.09188306120864186,收盘价上穿短期均线,241.68067932128906
204,IRM,2023-10-11,58.880001068115234,108.69000244140624,8417.890232086182,0.8459578884122029,多样化房地产投资信托 <span style='color:red;'>↑4</span>(46),铁山,1,308.0,1.0,0.8459578884122028,收盘价上穿短期均线,223.07994842529297
205,HIG,2024-07-12,101.75,109.61000061035156,770.2800598144531,0.0772481632466984,多元化保险 <span style='color:red;'>↑12</span>(47),哈特福德金融,3,95.33333333333333,1.0,0.13777902783799234,多头排列,216.5799102783203
206,DHI,2024-07-11,149.72999572753906,174.2100067138672,1615.6807250976562,0.1634943677609792,住宅建筑 <span style='color:green;'>↓39</span>(48),霍顿房屋,4,55.75,0.5,0.12269870652130002,收盘价上穿短期均线,214.9711151123047
207,LEN,2024-07-11,155.8300018310547,169.1199951171875,850.5595703125,0.0852852026565548,住宅建筑 <span style='color:green;'>↓39</span>(48),莱纳建筑-A,2,100.5,1.0,0.23348550091876646,收盘价上穿短期均线,214.9711151123047
208,PHM,2024-07-11,113.83999633789062,121.87000274658205,698.6105575561523,0.0705376551915672,住宅建筑 <span style='color:green;'>↓39</span>(48),普得集团(帕尔迪),3,72.0,0.6666666666666666,0.08960118090099772,收盘价上穿短期均线,214.9711151123047
209,NVR,2024-07-11,8069.89013671875,8571.48046875,501.59033203125,0.0621557819912525,住宅建筑 <span style='color:green;'>↓39</span>(48),NVR Inc,3,76.33333333333333,0.6666666666666666,0.0920122719024727,短期均线上穿中期均线,214.9711151123047
210,TOL,2024-07-11,121.47000122070312,126.77999877929688,435.4197998046875,0.0437144768686206,住宅建筑 <span style='color:green;'>↓39</span>(48),托尔兄弟,4,60.5,0.5,0.1314055757854445,收盘价上穿短期均线,214.9711151123047
211,GS,2024-08-08,485.7699890136719,498.7000122070313,258.6004638671875,0.0266175833949994,投资银行业与经纪业 <span style='color:green;'>↓10</span>(49),高盛,2,142.0,1.0,0.2830639098511677,收盘价上穿短期均线,212.94087028503418
212,SOFI,2024-07-10,6.570000171661377,6.610000133514404,60.87994194030762,0.0060882740955716,投资银行业与经纪业 <span style='color:green;'>↓10</span>(49),SoFi Technologies Inc,4,32.25,0.25,-0.10904439747993606,收盘价上穿短期均线,212.94087028503418
213,TMUS,2023-09-01,135.3800048828125,196.4900054931641,4461.030044555664,0.4513960585483029,无线电信业务 <span style='color:red;'>↑3</span>(50),T-Mobile US Inc,1,348.0,1.0,0.45139605854830306,收盘价上穿短期均线,210.2403564453125
214,ENPH,2024-07-11,111.68000030517578,111.1500015258789,-47.16989135742188,-0.0047456910623979,电气部件与设备 <span style='color:green;'>↓24</span>(51),Enphase Energy Inc,4,29.0,0.0,-0.06011325588802934,收盘价上穿短期均线,209.14986419677734
215,PBR,2024-08-12,14.6899995803833,14.859999656677246,115.6000518798828,0.0115725038223254,综合性石油与天然气企业 <span style='color:red;'>↑8</span>(52),巴西石油,4,54.25,0.75,0.036429153796131396,收盘价上穿短期均线,207.81983947753906
216,XOM,2024-06-24,114.0500030517578,118.9499969482422,426.2994689941406,0.0429635577849189,综合性石油与天然气企业 <span style='color:red;'>↑8</span>(52),埃克森美孚,2,86.0,1.0,0.10205979048297512,收盘价上穿短期均线,207.81983947753906
217,PANW,2024-08-09,331.4800109863281,339.9100036621094,252.8997802734375,0.025431375637697,通信设备 <span style='color:red;'>↑1</span>(53),派拓网络,3,72.66666666666667,1.0,0.05914694123499101,收盘价上穿短期均线,207.08999633789062
218,MSI,2024-05-09,359.1300048828125,418.5899963378906,1605.4197692871094,0.1655667603559899,通信设备 <span style='color:red;'>↑1</span>(53),摩托罗拉解决方案,2,151.0,1.0,0.1740129252837673,多头排列,207.08999633789062
219,LHX,2024-04-22,206.97999572753903,226.05999755859372,915.840087890625,0.0921828303454547,通信设备 <span style='color:red;'>↑1</span>(53),L3Harris Technologies Inc,2,144.5,1.0,0.1327199346802964,收盘价上穿短期均线,207.08999633789062
220,CBRE,2024-06-18,88.66999816894531,110.48999786376952,2443.8399658203125,0.2460809760393813,房地产服务 <span style='color:green;'>↓10</span>(54),世邦魏理仕,3,45.666666666666664,0.6666666666666666,0.08514822014545967,收盘价上穿短期均线,202.7197265625
221,SBAC,2024-07-18,211.25,217.8699951171875,311.1397705078125,0.0313372549926035,特种房地产投资信托 <span style='color:green;'>↓22</span>(55),SBA通信-A,3,39.0,0.3333333333333333,-0.02110702867308401,多头排列,192.76841926574707
222,WY,2024-07-11,28.959999084472656,30.020000457763672,365.7004737854004,0.0366022585221472,特种房地产投资信托 <span style='color:green;'>↓22</span>(55),惠好,2,97.0,1.0,0.08571381596674951,收盘价上穿短期均线,192.76841926574707
223,CCI,2024-07-09,97.05999755859376,110.20999908447266,1354.4501571655271,0.1354832253930404,特种房地产投资信托 <span style='color:green;'>↓22</span>(55),冠城,3,37.333333333333336,0.3333333333333333,0.03163571302336301,收盘价上穿短期均线,192.76841926574707
224,EXR,2024-05-13,146.27000427246094,166.67999267578125,1387.8792114257812,0.1395363902861594,特种房地产投资信托 <span style='color:green;'>↓22</span>(55),Extra Space Storage Inc,2,69.0,0.5,0.05544992503368067,短期均线上穿中期均线,192.76841926574707
225,PSA,2024-05-06,266.19000244140625,320.8800048828125,2023.5300903320312,0.2054547576535847,特种房地产投资信托 <span style='color:green;'>↓22</span>(55),大众仓储,2,77.5,0.5,0.08974301845484035,收盘价上穿短期均线,192.76841926574707
226,VTR,2024-05-03,46.34000015258789,58.52000045776367,2618.700065612793,0.2628398848741821,特种房地产投资信托 <span style='color:green;'>↓22</span>(55),芬塔公司,3,45.666666666666664,0.3333333333333333,0.06073407101223476,短期均线上穿中期均线,192.76841926574707
227,AMT,2024-05-02,178.02000427246094,223.17999267578125,2528.959350585937,0.2536792906386105,特种房地产投资信托 <span style='color:green;'>↓22</span>(55),美国电塔,2,69.0,0.5,0.12310220880535078,收盘价上穿短期均线,192.76841926574707
228,WELL,2024-04-23,92.31999969482422,117.51000213623048,2720.520263671875,0.2728553133088722,特种房地产投资信托 <span style='color:green;'>↓22</span>(55),Welltower Inc,2,81.5,0.5,0.12397681246404924,多头排列,192.76841926574707
229,CI,2024-07-11,333.5599975585937,334.8999938964844,38.859893798828125,0.0040172573081256,人寿与健康保险 <span style='color:green;'>↓7</span>(56),信诺,3,68.33333333333333,0.6666666666666666,0.0380247150043687,收盘价上穿短期均线,174.7003936767578
230,AFL,2024-05-06,84.2300033569336,102.37000274658205,2140.519927978516,0.2153626815468386,人寿与健康保险 <span style='color:green;'>↓7</span>(56),美国家庭人寿保险,2,78.0,0.5,0.10729536901844135,收盘价上穿短期均线,174.7003936767578
231,ASTS,2024-08-13,20.959999084472656,20.809999465942383,-71.54981803894043,-0.0071564706623195,综合电信业务 <span style='color:red;'>↑7</span>(57),AST SpaceMobile Inc-A,5,16.8,0.4,0.2034748866719703,多头排列,161.5401668548584
232,VZ,2024-08-08,40.52000045776367,40.900001525878906,93.48026275634766,0.0093781111505991,综合电信业务 <span style='color:red;'>↑7</span>(57),威瑞森通讯,4,60.0,0.5,0.03302973693205839,收盘价上穿短期均线,161.5401668548584
233,T,2024-04-26,16.469999313354492,19.6299991607666,1918.1199073791504,0.1918639938770284,综合电信业务 <span style='color:red;'>↑7</span>(57),美国电话电报,3,119.66666666666667,0.6666666666666666,0.113560147489969,收盘价上穿短期均线,161.5401668548584
234,CF,2024-07-16,73.19999694824219,80.55000305175781,999.600830078125,0.1004099236330928,化肥与农用药剂 <span style='color:green;'>↓36</span>(58),CF实业,5,27.8,0.4,-0.015441100275769741,收盘价上穿短期均线,138.7205810546875
235,CAH,2024-07-24,96.70999908447266,106.36000061035156,993.9501571655272,0.0997828726836196,保健护理产品经销商 <span style='color:red;'>↑30</span>(59),卡地纳健康,3,34.0,0.6666666666666666,0.03597073702299757,收盘价上穿短期均线,138.23919677734375
236,COR,2024-07-24,225.97999572753903,237.75,517.8801879882812,0.0520842751349188,保健护理产品经销商 <span style='color:red;'>↑30</span>(59),Cencora Inc,3,93.0,0.6666666666666666,0.10739174152397181,收盘价上穿短期均线,138.23919677734375
237,HCA,2024-07-22,325.3800048828125,371.5799865722656,1385.9994506835938,0.1419877712095195,保健护理产品经销商 <span style='color:red;'>↑30</span>(59),HCA Healthcare Inc,3,69.66666666666667,1.0,0.12094872262703255,收盘价上穿短期均线,138.23919677734375
238,THC,2024-04-29,99.1500015258789,154.0,5484.999847412109,0.5532021949571512,保健护理产品经销商 <span style='color:red;'>↑30</span>(59),泰尼特保健,2,131.5,1.0,0.5556051237959005,收盘价上穿短期均线,138.23919677734375
239,UHS,2024-04-29,168.9199981689453,221.8500061035156,3122.8704681396484,0.3133436449699246,保健护理产品经销商 <span style='color:red;'>↑30</span>(59),Universal Health Services Inc-B,2,135.5,1.0,0.3214613894643732,收盘价上穿短期均线,138.23919677734375
240,PLD,2024-05-31,109.52999877929688,123.41999816894533,1263.9899444580078,0.126814567191193,工业房地产投资信托 <span style='color:red;'>↑3</span>(60),安博,2,106.5,1.0,0.18590905409289485,收盘价上穿短期均线,130.1300277709961
241,O,2024-06-24,53.380001068115234,60.15999984741211,1267.8597717285156,0.1270138374603121,零售业房地产投资信托 <span style='color:red;'>↑5</span>(61),Realty Income Corp,3,39.333333333333336,0.3333333333333333,0.02085892361866115,收盘价上穿短期均线,104.97999954223633
242,SPG,2024-05-06,142.44000244140625,156.82000732421875,1006.600341796875,0.1009548205303339,零售业房地产投资信托 <span style='color:red;'>↑5</span>(61),西蒙地产,3,93.0,0.6666666666666666,0.15596702761915088,收盘价上穿短期均线,104.97999954223633
243,GE,2024-08-13,167.9600067138672,167.9499969482422,-0.590576171875,-5.959612541604864e-05,工业集团企业 <span style='color:green;'>↓19</span>(62),通用电气(US),4,61.5,0.25,0.03348139521444018,多头排列,88.84842681884766
244,DHR,2024-07-16,252.13999938964844,268.0799865722656,621.6595001220703,0.0632187959911274,工业集团企业 <span style='color:green;'>↓19</span>(62),丹纳赫,3,76.0,0.6666666666666666,0.08315903685691095,收盘价上穿短期均线,88.84842681884766
245,MMM,2024-04-01,93.31999969482422,126.16999816894533,3514.949836730957,0.3520145583106238,工业集团企业 <span style='color:green;'>↓19</span>(62),3M公司,1,135.0,1.0,0.35201455831062395,多头排列,88.84842681884766
246,LIN,2024-07-12,440.7000122070313,451.1799926757813,230.5595703125,0.0237803044666736,商品化工 <span style='color:red;'>↑5</span>(63),Linde plc,3,46.666666666666664,0.6666666666666666,0.017012977677541223,收盘价上穿短期均线,80.07965087890625
247,COP,2024-08-12,110.02999877929688,109.33000183105467,-62.99972534179688,-0.0063618736345373,石油与天然气的勘探与生产 <span style='color:red;'>↑21</span>(64),康菲石油,3,43.0,0.3333333333333333,0.018552422044064685,收盘价上穿短期均线,52.99028015136719
248,MRO,2024-08-12,27.86000061035156,27.649999618530277,-75.18035507202148,-0.0075377238772658,石油与天然气的勘探与生产 <span style='color:red;'>↑21</span>(64),马拉松石油,3,44.333333333333336,0.3333333333333333,0.031094833533816854,收盘价上穿短期均线,52.99028015136719
249,DVN,2024-08-12,45.33000183105469,44.4900016784668,-184.80003356933597,-0.0185307769392681,石油与天然气的勘探与生产 <span style='color:red;'>↑21</span>(64),戴文能源,3,47.0,0.3333333333333333,0.03499046217305451,收盘价上穿短期均线,52.99028015136719
250,CNQ,2024-08-09,34.81999969482422,36.130001068115234,375.9703941345215,0.0376220960589422,石油与天然气的勘探与生产 <span style='color:red;'>↑21</span>(64),加拿大自然资源,3,48.0,0.6666666666666666,0.06097707217473885,收盘价上穿短期均线,52.99028015136719
251,J,2024-07-22,149.44000244140625,144.99000549316406,-293.6997985839844,-0.0297778163513278,建筑与工程 <span style='color:green;'>↓33</span>(65),Jacobs Solutions Inc,5,30.8,0.2,-0.004842699589560102,多头排列,12.6005859375
252,ACM,2024-07-12,87.16000366210938,95.44000244140624,943.9198608398438,0.0949976873727048,建筑与工程 <span style='color:green;'>↓33</span>(65),AECOM,3,83.0,0.6666666666666666,0.07380237871979993,收盘价上穿短期均线,12.6005859375
253,APH,2024-08-13,64.79000091552734,64.80999755859375,3.0794830322265625,0.0003086377957067,电子元件 <span style='color:red;'>↑10</span>(66),安费诺,2,130.0,1.0,0.2952937621385184,收盘价上穿短期均线,3.0794830322265625
254,TSCO,2024-08-12,262.2300109863281,262.2900085449219,2.2799072265625,0.0002287974529234,其他专卖店 <span style='color:red;'>↑15</span>(67),拖拉机供应,4,60.25,0.75,0.052763095465725954,收盘价上穿短期均线,2.2799072265625
255,VEEV,2024-07-11,185.97999572753903,188.1999969482422,117.66006469726562,0.011936774232189,医疗保健技术 <span style='color:green;'>↓33</span>(68),Veeva Systems Inc-A,3,56.0,0.6666666666666666,0.059712203813391235,收盘价上穿短期均线,-25.28070068359375
256,LH,2024-06-14,199.8800048828125,221.3300018310547,1072.4998474121094,0.1073143707436773,医疗保健技术 <span style='color:green;'>↓33</span>(68),徕博科,6,37.5,0.3333333333333333,-0.0017533384077163048,收盘价上穿短期均线,-25.28070068359375
257,DAR,2024-08-13,40.58000183105469,40.43000030517578,-36.90037536621094,-0.0036964396035121,农产品与服务 <span style='color:red;'>↑8</span>(69),美国达尔令国际,4,24.0,0.0,-0.03549263383888015,收盘价上穿短期均线,-36.90037536621094
258,KLAC,2024-08-13,793.8300170898438,793.8900146484375,0.719970703125,7.557985626910304e-05,半导体材料与设备 <span style='color:red;'>↑8</span>(70),科磊,3,84.33333333333333,1.0,0.14642437395738486,收盘价上穿短期均线,-39.840362548828125
259,MRVL,2024-08-13,64.05000305175781,63.790000915527344,-40.560333251953125,-0.0040593618086226,半导体材料与设备 <span style='color:red;'>↑8</span>(70),迈威尔科技,4,50.25,0.25,0.006044032090901935,收盘价上穿短期均线,-39.840362548828125
260,DECK,2024-08-12,918.2999877929688,919.3699951171876,10.7000732421875,0.0011652045501932,鞋类 <span style='color:green;'>↓24</span>(71),德克斯户外,5,45.0,0.6,0.06630348412893916,收盘价上穿短期均线,-55.30029296875
261,CROX,2024-08-09,132.27000427246094,131.38999938964844,-66.0003662109375,-0.0066530948392485,鞋类 <span style='color:green;'>↓24</span>(71),卡骆驰,3,58.0,0.6666666666666666,0.07966111482866116,收盘价上穿短期均线,-55.30029296875
262,MHK,2024-08-05,147.0,144.02999877929688,-201.9600830078125,-0.0202040899367559,家庭装饰品 <span style='color:green;'>↓10</span>(72),莫霍克工业,4,49.25,0.5,0.18365419057318963,多头排列,-102.0
263,APD,2024-07-12,261.3099975585937,276.489990234375,576.8397216796875,0.0580918939864802,工业气体 <span style='color:red;'>↑8</span>(73),空气化工,3,46.666666666666664,0.6666666666666666,0.05093604135894751,收盘价上穿短期均线,-103.36004638671875
264,ROST,2024-08-13,141.64999389648438,141.33999633789062,-21.6998291015625,-0.0021884756226695,服装零售 <span style='color:red;'>↑14</span>(74),罗斯百货,3,84.0,0.6666666666666666,0.10250625659915365,收盘价上穿短期均线,-117.0601806640625
265,ANF,2024-08-12,154.57000732421875,153.0800018310547,-95.3603515625,-0.0096396805496599,服装零售 <span style='color:red;'>↑14</span>(74),阿贝克隆比&费奇,4,103.5,0.5,1.0693149087737277,收盘价上穿短期均线,-117.0601806640625
266,BKR,2024-06-28,35.16999816894531,34.75,-119.27947998046876,-0.0119419445780968,石油天然气设备与服务 <span style='color:green;'>↓6</span>(75),Baker Hughes Co-A,4,31.75,0.25,-0.002717671605045995,多头排列,-127.80021667480469
267,PKG,2024-07-12,185.44000244140625,194.33999633789065,471.6996765136719,0.0479939267650544,纸质和塑料包装产品及材料 <span style='color:green;'>↓2</span>(76),美国包装,3,48.0,0.6666666666666666,0.023037708621379157,多头排列,-128.79042053222656
268,CLX,2024-08-13,143.6300048828125,144.52000427246094,61.40995788574219,0.006196472598985,居家用品 <span style='color:red;'>↑10</span>(77),高乐氏,5,33.6,0.4,-0.012518104208965647,多头排列,-141.6887969970703
269,PG,2024-08-09,170.5399932861328,168.8000030517578,-100.91943359375,-0.0102028280923855,居家用品 <span style='color:red;'>↑10</span>(77),宝洁,3,57.333333333333336,0.6666666666666666,0.029790583129619526,多头排列,-141.6887969970703
270,KMB,2024-08-08,141.25,140.82000732421875,-30.0994873046875,-0.0030441959347345,居家用品 <span style='color:red;'>↑10</span>(77),金佰利,4,36.0,0.25,-0.004498115886380215,多头排列,-141.6887969970703
271,CL,2023-11-02,73.31999969482422,102.18000030517578,3924.960083007813,0.3936170312394155,居家用品 <span style='color:red;'>↑10</span>(77),高露洁,1,286.0,1.0,0.39361703123941555,短期均线上穿中期均线,-141.6887969970703
272,ODFL,2024-06-26,176.0399932861328,193.0,949.7603759765624,0.0963417823261367,陆运 <span style='color:green;'>↓6</span>(78),Old Dominion Freight Line Inc,2,67.5,1.0,0.073700539565172,收盘价上穿短期均线,-168.0
273,CMI,2024-07-16,299.42999267578125,291.989990234375,-245.52008056640625,-0.0248472184597158,建筑机械与重型运输设备 (79),康明斯,2,79.0,0.5,0.06794032989592887,短期均线上穿中期均线,-173.25
274,LNTH,2024-07-23,115.5199966430664,94.91000366210938,-1772.4593963623047,-0.1784106092440235,医疗保健用品 <span style='color:green;'>↓56</span>(80),Lantheus Holdings Inc,2,87.5,0.5,0.3666265137437392,多头排列,-202.09986877441406
275,TTWO,2024-08-12,147.2899932861328,144.91000366210938,-159.4593048095703,-0.0161585289735192,互动家庭娱乐 <span style='color:green;'>↓6</span>(81),Take-Two Interactive Software I,4,27.0,0.25,-0.01727947613501185,收盘价上穿短期均线,-202.57911682128906
276,EA,2024-05-16,128.97000122070312,146.4600067138672,1346.7304229736328,0.1356129745492818,互动家庭娱乐 <span style='color:green;'>↓6</span>(81),艺电,3,84.0,0.6666666666666666,0.07449970758798885,收盘价上穿短期均线,-202.57911682128906
277,MTCH,2024-07-09,30.940000534057617,34.16999816894531,1043.2892360687256,0.1043955261517281,互动媒体与服务 <span style='color:red;'>↑1</span>(82),Match Group Inc,4,51.25,0.5,-0.004286902138267022,收盘价上穿短期均线,-226.10024642944336
278,NSC,2024-07-11,220.94000244140625,241.97000122070312,946.3499450683594,0.0951842063316446,铁路 <span style='color:red;'>↑1</span>(83),诺福克南方,3,60.666666666666664,0.6666666666666666,0.06914245132439789,收盘价上穿短期均线,-242.23936462402344
279,UNP,2024-07-11,228.72000122070312,241.22000122070312,537.5,0.0546519759237765,铁路 <span style='color:red;'>↑1</span>(83),联合太平洋,3,74.0,0.6666666666666666,0.06117419169022572,收盘价上穿短期均线,-242.23936462402344
280,CSX,2024-06-18,33.029998779296875,33.36000061035156,99.66055297851562,0.0099909731532152,铁路 <span style='color:red;'>↑1</span>(83),CSX运输,4,54.75,0.5,0.030472383395231846,收盘价上穿短期均线,-242.23936462402344
281,LOW,2024-07-10,219.58999633789065,237.63999938964844,812.2501373291016,0.0821986581938079,家庭装潢零售 <span style='color:green;'>↓4</span>(84),劳氏,4,56.75,0.5,0.05135435433677722,收盘价上穿短期均线,-331.6801452636719
282,TMO,2024-07-16,555.4199829101562,602.0999755859375,840.2398681640625,0.0840444962588465,生命科学工具和服务 <span style='color:green;'>↓70</span>(85),赛默飞世尔科技,3,63.666666666666664,0.6666666666666666,0.08583634436677613,收盘价上穿短期均线,-345.9589385986328
283,MTD,2024-07-16,1382.8900146484375,1402.550048828125,137.6202392578125,0.0142166289230785,生命科学工具和服务 <span style='color:green;'>↓70</span>(85),梅特勒-托利多,3,47.0,1.0,0.047221476243084475,收盘价上穿短期均线,-345.9589385986328
284,A,2024-07-11,130.82000732421875,136.02999877929688,395.9593505859375,0.0398256471746397,生命科学工具和服务 <span style='color:green;'>↓70</span>(85),安捷伦,3,76.66666666666667,0.6666666666666666,0.08103464500971054,收盘价上穿短期均线,-345.9589385986328
285,IQV,2024-07-09,213.0500030517578,236.2100067138672,1065.3601684570312,0.1087068919519468,生命科学工具和服务 <span style='color:green;'>↓70</span>(85),艾昆纬,4,31.0,0.5,0.020944490415240165,收盘价上穿短期均线,-345.9589385986328
286,ILMN,2024-06-06,114.72000122070312,122.27999877929688,657.7197875976562,0.0658995596073043,生命科学工具和服务 <span style='color:green;'>↓70</span>(85),Illumina Inc,3,35.333333333333336,0.3333333333333333,-0.039814942369879626,收盘价上穿短期均线,-345.9589385986328
287,KVUE,2024-07-26,18.690000534057617,21.18000030517578,1332.1498775482178,0.1332263081844643,个人护理用品 <span style='color:green;'>↓38</span>(86),Kenvue Inc,4,26.0,0.25,0.0029571095418342032,收盘价上穿短期均线,-382.3888626098633
288,UL,2024-04-22,47.59999847412109,60.86000061035156,2784.6004486083984,0.2785714823801852,个人护理用品 <span style='color:green;'>↓38</span>(86),联合利华(英国),3,57.333333333333336,0.6666666666666666,0.08306745085170654,收盘价上穿短期均线,-382.3888626098633
289,ROKU,2024-08-13,56.5099983215332,56.220001220703125,-51.03948974609375,-0.0051317839222015,有线和卫星电视 <span style='color:green;'>↓30</span>(87),Roku Inc-A,5,17.2,0.0,-0.07937681158696268,收盘价上穿短期均线,-609.0595741271973
290,CMCSA,2024-06-28,38.84999847412109,39.0099983215332,41.11996078491211,0.0041184003525428,有线和卫星电视 <span style='color:green;'>↓30</span>(87),康卡斯特,4,29.5,0.25,-0.033689025110647225,收盘价上穿短期均线,-609.0595741271973
291,CHTR,2024-05-03,265.92999267578125,351.2200012207031,3155.7303161621094,0.3207235396306217,有线和卫星电视 <span style='color:green;'>↓30</span>(87),特许通讯,2,63.5,0.5,0.11503454027174784,收盘价上穿短期均线,-609.0595741271973
292,VFC,2024-07-16,14.220000267028809,16.829999923706055,1834.829758644104,0.1835442762071474,服装、服饰与奢侈品 <span style='color:green;'>↓18</span>(88),威富,4,13.5,0.25,-0.022388524672116918,收盘价上穿短期均线,-674.8806972503662
293,LI,2024-08-08,19.729999542236328,18.799999237060547,-470.5801544189453,-0.0471363571593052,汽车制造商 <span style='color:green;'>↓3</span>(89),理想汽车,5,17.4,0.2,-0.03967758159532139,收盘价上穿短期均线,-1348.170313835144
294,RIVN,2024-07-19,16.75,13.25,-2089.5,-0.208955223880597,汽车制造商 <span style='color:green;'>↓3</span>(89),Rivian Automotive Inc-A,3,36.666666666666664,0.3333333333333333,0.10665836973255954,多头排列,-1348.170313835144
295,IDXX,2024-08-08,483.9100036621094,474.9400024414063,-179.4000244140625,-0.0185365071042557,医疗保健设备 <span style='color:green;'>↓34</span>(90),IDEXX实验室,5,39.8,0.2,0.0203933259783499,收盘价上穿短期均线,-2455.428810119629
296,ABT,2024-08-01,110.1500015258789,109.88999938964844,-23.400192260742188,-0.0023604369734791,医疗保健设备 <span style='color:green;'>↓34</span>(90),雅培,4,46.5,0.25,0.03233456475758823,短期均线上穿中期均线,-2455.428810119629
297,ISRG,2024-07-19,455.010009765625,471.2099914550781,340.1996154785156,0.0356035721011889,医疗保健设备 <span style='color:green;'>↓34</span>(90),直觉外科,3,89.33333333333333,1.0,0.16571635569543486,收盘价上穿短期均线,-2455.428810119629
298,MDT,2024-07-17,81.26000213623047,81.73999786376953,59.03947448730469,0.0059069125636295,医疗保健设备 <span style='color:green;'>↓34</span>(90),美敦力,3,76.33333333333333,0.6666666666666666,0.042933638146406765,收盘价上穿短期均线,-2455.428810119629
299,BDX,2024-07-16,230.6999969482422,234.0800018310547,145.3402099609375,0.0146510833442742,医疗保健设备 <span style='color:green;'>↓34</span>(90),碧迪医疗,4,39.0,0.25,-0.018858605824271173,收盘价上穿短期均线,-2455.428810119629
300,RMD,2024-07-11,199.77999877929688,222.2100067138672,1121.5003967285156,0.1122735412534937,医疗保健设备 <span style='color:green;'>↓34</span>(90),瑞思迈,4,62.5,0.5,0.037878157737663405,收盘价上穿短期均线,-2455.428810119629
301,HOLX,2024-06-27,74.20999908447266,80.98999786376953,908.5198364257812,0.0913623347654169,医疗保健设备 <span style='color:green;'>↓34</span>(90),豪洛捷,3,73.66666666666667,0.6666666666666666,0.04903837817699068,收盘价上穿短期均线,-2455.428810119629
302,GEHC,2024-06-18,78.23999786376953,83.47000122070312,664.2104263305664,0.0668456480027007,医疗保健设备 <span style='color:green;'>↓34</span>(90),GE HealthCare Technologies Inc,4,36.5,0.5,-0.02721817195999286,收盘价上穿短期均线,-2455.428810119629
