,symbol,name,open,close,high,low,volume,date
0,NOW,现在服务公司,139.410,137.504,139.872,135.086,1130930,2024-01-02
1,NOW,现在服务公司,135.152,135.060,137.487,134.806,883137,2024-01-03
2,NOW,现在服务公司,134.954,134.374,135.838,134.244,914469,2024-01-04
3,NOW,现在服务公司,134.426,135.232,136.156,134.426,723641,2024-01-05
4,NOW,现在服务公司,136.848,139.252,139.564,136.492,1198165,2024-01-08
5,NOW,现在服务公司,138.772,139.734,140.240,138.201,984114,2024-01-09
6,NOW,现在服务公司,141.500,142.860,143.384,140.250,1011932,2024-01-10
7,NOW,现在服务公司,144.512,145.292,146.860,143.682,1230738,2024-01-11
8,NOW,现在服务公司,144.960,145.836,146.200,143.752,832922,2024-01-12
9,NOW,现在服务公司,146.000,145.512,146.800,145.002,935227,2024-01-16
10,NOW,现在服务公司,145.200,145.508,145.798,142.862,673965,2024-01-17
11,NOW,现在服务公司,148.484,149.192,149.495,147.094,1298176,2024-01-18
12,NOW,现在服务公司,150.088,149.822,150.632,148.963,1358013,2024-01-19
13,NOW,现在服务公司,152.038,150.490,153.362,150.412,1625003,2024-01-22
14,NOW,现在服务公司,150.430,150.684,150.874,148.610,1144622,2024-01-23
15,NOW,现在服务公司,154.180,152.684,155.192,152.255,2817061,2024-01-24
16,NOW,现在服务公司,156.000,153.338,156.776,151.458,3127557,2024-01-25
17,NOW,现在服务公司,153.420,153.888,156.766,152.904,1799864,2024-01-26
18,NOW,现在服务公司,153.864,157.448,157.609,153.799,1330572,2024-01-29
19,NOW,现在服务公司,157.466,157.146,157.983,155.792,1081212,2024-01-30
20,NOW,现在服务公司,155.578,153.080,155.578,151.506,1364388,2024-01-31
21,NOW,现在服务公司,153.818,154.200,154.585,152.811,886342,2024-02-01
22,NOW,现在服务公司,154.794,156.260,157.400,154.420,974791,2024-02-02
23,NOW,现在服务公司,156.400,156.968,157.290,154.224,1080535,2024-02-05
24,NOW,现在服务公司,157.776,155.490,157.820,153.176,1097834,2024-02-06
25,NOW,现在服务公司,156.562,158.078,158.694,156.521,911720,2024-02-07
26,NOW,现在服务公司,158.400,159.882,160.060,158.168,893043,2024-02-08
27,NOW,现在服务公司,160.470,162.588,163.064,160.470,909664,2024-02-09
28,NOW,现在服务公司,162.820,157.470,163.000,156.570,1241204,2024-02-12
29,NOW,现在服务公司,153.000,154.752,156.096,150.046,1785878,2024-02-13
30,NOW,现在服务公司,157.000,158.400,158.456,155.258,774125,2024-02-14
31,NOW,现在服务公司,159.000,156.000,159.689,155.974,1056562,2024-02-15
32,NOW,现在服务公司,154.854,153.000,155.900,152.934,1141749,2024-02-16
33,NOW,现在服务公司,150.616,150.568,151.856,147.548,1485501,2024-02-20
34,NOW,现在服务公司,147.398,149.588,149.716,146.104,877186,2024-02-21
35,NOW,现在服务公司,155.000,153.842,158.374,153.526,2146182,2024-02-22
36,NOW,现在服务公司,155.070,154.194,156.994,153.316,1297364,2024-02-23
37,NOW,现在服务公司,154.938,155.932,158.118,154.900,1120813,2024-02-26
38,NOW,现在服务公司,156.452,153.428,156.798,151.392,1413997,2024-02-27
39,NOW,现在服务公司,152.702,151.958,152.746,150.800,1266687,2024-02-28
40,NOW,现在服务公司,153.410,154.268,154.664,152.596,1486153,2024-02-29
41,NOW,现在服务公司,154.400,154.726,155.660,153.674,912577,2024-03-01
42,NOW,现在服务公司,154.600,155.218,155.576,152.947,986650,2024-03-04
43,NOW,现在服务公司,153.246,148.030,153.443,146.030,1957479,2024-03-05
44,NOW,现在服务公司,150.102,148.212,150.478,146.530,1346972,2024-03-06
45,NOW,现在服务公司,149.694,153.616,153.786,147.054,1586930,2024-03-07
46,NOW,现在服务公司,153.820,151.536,155.514,150.046,1026916,2024-03-08
47,NOW,现在服务公司,150.400,151.348,151.840,148.896,912058,2024-03-11
48,NOW,现在服务公司,152.864,157.912,158.600,152.596,1530337,2024-03-12
49,NOW,现在服务公司,159.012,155.376,161.555,155.000,1225381,2024-03-13
50,NOW,现在服务公司,157.626,155.898,158.000,154.624,886115,2024-03-14
51,NOW,现在服务公司,152.312,148.782,152.400,147.200,2539129,2024-03-15
52,NOW,现在服务公司,150.000,151.160,151.938,149.624,944747,2024-03-18
53,NOW,现在服务公司,150.000,151.388,151.664,148.560,1224449,2024-03-19
54,NOW,现在服务公司,152.124,153.512,153.636,151.010,703525,2024-03-20
55,NOW,现在服务公司,156.000,154.636,157.176,154.316,1262716,2024-03-21
56,NOW,现在服务公司,154.948,154.830,155.978,153.864,885256,2024-03-22
57,NOW,现在服务公司,153.610,154.928,155.182,151.852,720836,2024-03-25
58,NOW,现在服务公司,155.798,155.714,157.760,155.302,910076,2024-03-26
59,NOW,现在服务公司,156.766,151.800,157.266,150.700,1401511,2024-03-27
60,NOW,现在服务公司,151.930,152.480,153.752,151.150,1083701,2024-03-28
61,NOW,现在服务公司,152.798,153.674,154.618,151.814,716383,2024-04-01
62,NOW,现在服务公司,151.018,151.400,151.932,149.646,769141,2024-04-02
63,NOW,现在服务公司,150.500,151.832,152.939,150.300,564242,2024-04-03
64,NOW,现在服务公司,153.680,151.510,156.450,151.484,1022246,2024-04-04
65,NOW,现在服务公司,151.686,156.700,158.376,151.686,1286436,2024-04-05
66,NOW,现在服务公司,156.668,157.120,157.998,154.482,999171,2024-04-08
67,NOW,现在服务公司,158.654,156.444,159.088,154.306,790569,2024-04-09
68,NOW,现在服务公司,153.800,153.838,154.989,152.820,860842,2024-04-10
69,NOW,现在服务公司,154.000,154.268,155.197,152.280,748312,2024-04-11
70,NOW,现在服务公司,152.440,153.742,154.992,152.189,960000,2024-04-12
71,NOW,现在服务公司,153.800,147.162,154.326,147.092,1171567,2024-04-15
72,NOW,现在服务公司,147.600,148.956,149.800,147.068,1085831,2024-04-16
73,NOW,现在服务公司,149.356,147.290,149.798,146.990,721665,2024-04-17
74,NOW,现在服务公司,147.380,146.272,147.978,145.470,788946,2024-04-18
75,NOW,现在服务公司,145.000,142.782,145.206,141.707,1540609,2024-04-19
76,NOW,现在服务公司,144.650,144.390,144.998,142.124,1464323,2024-04-22
77,NOW,现在服务公司,145.440,148.190,148.734,145.440,1164909,2024-04-23
78,NOW,现在服务公司,150.794,149.258,151.450,147.826,1705638,2024-04-24
79,NOW,现在服务公司,142.978,143.250,143.406,137.800,3386529,2024-04-25
80,NOW,现在服务公司,144.752,144.710,146.942,143.969,1445884,2024-04-26
81,NOW,现在服务公司,144.652,144.232,145.660,142.704,802646,2024-04-29
82,NOW,现在服务公司,143.330,138.666,143.493,138.438,1995467,2024-04-30
83,NOW,现在服务公司,138.742,137.122,140.140,136.777,1333399,2024-05-01
84,NOW,现在服务公司,138.600,139.144,139.214,137.000,1159165,2024-05-02
85,NOW,现在服务公司,141.996,143.330,144.930,141.000,1437055,2024-05-03
86,NOW,现在服务公司,143.998,145.312,145.328,143.682,1190895,2024-05-06
87,NOW,现在服务公司,146.000,142.666,146.000,139.910,1552654,2024-05-07
88,NOW,现在服务公司,143.270,144.206,144.390,142.953,1147949,2024-05-08
89,NOW,现在服务公司,144.116,144.588,145.800,143.598,1050278,2024-05-09
90,NOW,现在服务公司,145.000,145.958,146.710,145.000,820949,2024-05-10
91,NOW,现在服务公司,146.570,146.024,146.570,144.590,869972,2024-05-13
92,NOW,现在服务公司,146.000,144.324,147.400,143.554,1099157,2024-05-14
93,NOW,现在服务公司,146.000,152.114,152.262,145.512,1506092,2024-05-15
94,NOW,现在服务公司,152.690,151.602,153.822,151.484,1094294,2024-05-16
95,NOW,现在服务公司,153.000,153.010,153.195,151.508,887753,2024-05-17
96,NOW,现在服务公司,152.706,154.836,154.968,152.447,734758,2024-05-20
97,NOW,现在服务公司,155.000,155.410,155.586,152.782,784234,2024-05-21
98,NOW,现在服务公司,156.000,154.166,156.866,153.894,845703,2024-05-22
99,NOW,现在服务公司,156.336,151.630,156.336,151.206,861517,2024-05-23
100,NOW,现在服务公司,149.872,147.702,149.944,147.274,1357098,2024-05-24
101,NOW,现在服务公司,147.776,145.772,147.795,143.662,1547435,2024-05-28
102,NOW,现在服务公司,144.400,146.224,147.571,144.288,877651,2024-05-29
103,NOW,现在服务公司,138.198,128.658,138.514,128.034,5098243,2024-05-30
104,NOW,现在服务公司,130.358,131.386,131.508,127.598,4301832,2024-05-31
105,NOW,现在服务公司,131.960,132.022,132.874,129.090,1907702,2024-06-03
106,NOW,现在服务公司,131.720,134.400,134.920,131.204,2491160,2024-06-04
107,NOW,现在服务公司,136.690,140.822,141.144,135.238,2797948,2024-06-05
108,NOW,现在服务公司,141.246,140.632,142.472,139.946,1410875,2024-06-06
109,NOW,现在服务公司,140.102,139.762,140.798,137.702,1122703,2024-06-07
110,NOW,现在服务公司,139.464,141.830,142.128,138.712,930760,2024-06-10
111,NOW,现在服务公司,142.346,142.408,143.800,141.374,1060982,2024-06-11
112,NOW,现在服务公司,144.452,144.300,145.900,144.166,1296125,2024-06-12
113,NOW,现在服务公司,144.400,141.952,145.564,141.834,1119314,2024-06-13
114,NOW,现在服务公司,143.120,145.716,146.100,143.120,958030,2024-06-14
115,NOW,现在服务公司,144.684,145.100,145.866,143.809,1074942,2024-06-17
116,NOW,现在服务公司,144.572,146.034,146.904,144.154,1186383,2024-06-18
117,NOW,现在服务公司,148.400,146.862,148.452,145.883,1184178,2024-06-20
118,NOW,现在服务公司,147.988,149.866,150.108,146.724,1764477,2024-06-21
119,NOW,现在服务公司,148.400,147.918,149.636,147.538,1214053,2024-06-24
120,NOW,现在服务公司,149.000,150.962,151.282,148.476,1036283,2024-06-25
121,NOW,现在服务公司,150.800,150.782,152.274,150.158,986067,2024-06-26
122,NOW,现在服务公司,151.642,154.826,156.000,151.334,1181421,2024-06-27
123,NOW,现在服务公司,155.086,157.334,157.994,154.176,1721786,2024-06-28
124,NOW,现在服务公司,156.800,157.792,158.096,154.156,1121477,2024-07-01
125,NOW,现在服务公司,156.996,158.822,158.830,156.324,875835,2024-07-02
126,NOW,现在服务公司,158.734,157.184,159.190,157.038,577464,2024-07-03
127,NOW,现在服务公司,157.684,161.294,161.304,157.184,1193423,2024-07-05
128,NOW,现在服务公司,152.700,153.240,155.330,152.288,2121332,2024-07-08
129,NOW,现在服务公司,150.192,148.802,152.004,147.402,2434819,2024-07-09
130,NOW,现在服务公司,148.112,148.630,148.676,146.310,1498780,2024-07-10
131,NOW,现在服务公司,149.200,149.828,151.300,148.266,1281599,2024-07-11
132,NOW,现在服务公司,149.800,151.698,152.520,148.800,909518,2024-07-12
133,NOW,现在服务公司,153.390,153.570,155.296,151.850,911088,2024-07-15
134,NOW,现在服务公司,153.570,152.158,154.008,150.902,996711,2024-07-16
135,NOW,现在服务公司,148.000,147.214,149.274,146.040,1455662,2024-07-17
136,NOW,现在服务公司,147.668,147.754,150.116,146.019,1518000,2024-07-18
137,NOW,现在服务公司,148.938,150.240,151.176,147.600,1187234,2024-07-19
138,NOW,现在服务公司,150.962,151.300,152.888,150.755,1051562,2024-07-22
139,NOW,现在服务公司,152.694,153.104,155.194,152.132,1007283,2024-07-23
140,NOW,现在服务公司,151.000,146.174,151.496,145.846,2094706,2024-07-24
141,NOW,现在服务公司,157.866,165.758,170.066,156.608,6549768,2024-07-25
142,NOW,现在服务公司,165.170,165.522,169.372,163.614,2410057,2024-07-26
143,NOW,现在服务公司,165.800,159.812,166.100,159.710,1977472,2024-07-29
144,NOW,现在服务公司,161.148,159.760,161.148,156.918,1191058,2024-07-30
145,NOW,现在服务公司,163.232,162.878,164.292,161.000,1313705,2024-07-31
146,NOW,现在服务公司,163.772,162.276,167.718,160.424,1338275,2024-08-01
147,NOW,现在服务公司,158.172,158.128,158.626,153.092,1568867,2024-08-02
148,NOW,现在服务公司,151.408,156.254,158.190,149.220,2019701,2024-08-05
149,NOW,现在服务公司,157.400,158.590,162.857,156.256,1545801,2024-08-06
150,NOW,现在服务公司,161.128,155.256,163.308,154.987,1062412,2024-08-07
151,NOW,现在服务公司,158.400,159.228,160.540,157.354,1449104,2024-08-08
152,NOW,现在服务公司,159.228,162.216,163.203,159.228,799546,2024-08-09
153,NOW,现在服务公司,162.216,161.324,162.966,160.014,539575,2024-08-12
154,NOW,现在服务公司,162.400,163.760,164.574,162.120,765765,2024-08-13
155,NOW,现在服务公司,164.400,163.804,165.409,163.100,833147,2024-08-14
156,NOW,现在服务公司,165.000,166.422,167.000,164.736,1165748,2024-08-15
157,NOW,现在服务公司,165.850,165.512,166.207,164.770,835507,2024-08-16
158,NOW,现在服务公司,165.184,166.576,166.744,164.237,641512,2024-08-19
159,NOW,现在服务公司,167.000,167.644,168.652,166.416,784794,2024-08-20
160,NOW,现在服务公司,166.706,167.836,168.084,166.000,609872,2024-08-21
161,NOW,现在服务公司,168.000,164.186,168.510,163.904,706633,2024-08-22
162,NOW,现在服务公司,166.000,165.654,166.900,163.000,702052,2024-08-23
163,NOW,现在服务公司,165.936,165.572,167.352,165.098,536300,2024-08-26
164,NOW,现在服务公司,164.634,166.348,167.141,164.634,481503,2024-08-27
165,NOW,现在服务公司,166.338,162.822,166.536,161.792,864574,2024-08-28
166,NOW,现在服务公司,164.460,166.254,169.800,164.460,1245610,2024-08-29
167,NOW,现在服务公司,167.352,171.000,171.450,167.168,1920980,2024-08-30
168,NOW,现在服务公司,171.280,167.172,172.770,166.174,1261504,2024-09-03
169,NOW,现在服务公司,165.944,166.966,167.280,164.248,709110,2024-09-04
170,NOW,现在服务公司,165.330,167.080,168.072,165.010,789138,2024-09-05
171,NOW,现在服务公司,167.802,165.008,169.684,163.796,1070842,2024-09-06
172,NOW,现在服务公司,166.698,171.116,171.400,165.394,1129125,2024-09-09
173,NOW,现在服务公司,172.142,172.030,173.290,169.498,883931,2024-09-10
174,NOW,现在服务公司,171.654,175.192,175.524,168.370,1002449,2024-09-11
175,NOW,现在服务公司,176.006,177.226,177.904,174.256,941870,2024-09-12
176,NOW,现在服务公司,176.354,175.790,176.900,174.576,913049,2024-09-13
177,NOW,现在服务公司,177.000,178.492,179.598,175.946,1082274,2024-09-16
178,NOW,现在服务公司,178.130,177.166,179.922,176.560,1033882,2024-09-17
179,NOW,现在服务公司,177.552,178.078,179.942,176.460,981167,2024-09-18
180,NOW,现在服务公司,181.600,183.850,184.394,180.572,1484312,2024-09-19
181,NOW,现在服务公司,184.084,187.472,188.024,183.462,3609403,2024-09-20
182,NOW,现在服务公司,187.376,185.110,189.092,184.584,1212995,2024-09-23
183,NOW,现在服务公司,185.110,184.720,185.383,181.498,1001256,2024-09-24
184,NOW,现在服务公司,179.694,178.006,180.200,177.302,2288811,2024-09-25
185,NOW,现在服务公司,178.730,176.972,178.844,174.286,1599516,2024-09-26
186,NOW,现在服务公司,176.808,176.358,177.237,175.274,906696,2024-09-27
187,NOW,现在服务公司,175.852,178.878,178.960,175.244,843880,2024-09-30
188,NOW,现在服务公司,179.718,173.436,179.718,173.326,1313083,2024-10-01
189,NOW,现在服务公司,173.800,176.082,176.917,172.648,933207,2024-10-02
190,NOW,现在服务公司,175.600,178.128,178.442,175.424,1193758,2024-10-03
191,NOW,现在服务公司,179.958,183.536,183.658,179.277,1183626,2024-10-04
192,NOW,现在服务公司,183.824,181.188,184.510,179.986,1123636,2024-10-07
193,NOW,现在服务公司,185.194,184.400,188.600,183.854,1180769,2024-10-08
194,NOW,现在服务公司,184.392,187.730,188.680,183.192,1132427,2024-10-09
195,NOW,现在服务公司,186.642,188.926,189.800,186.586,1110467,2024-10-10
196,NOW,现在服务公司,188.564,187.718,189.354,187.418,854087,2024-10-11
197,NOW,现在服务公司,189.478,188.938,189.919,187.182,567366,2024-10-14
198,NOW,现在服务公司,189.056,185.592,189.450,185.333,1081586,2024-10-15
199,NOW,现在服务公司,184.992,183.774,185.400,182.406,1011192,2024-10-16
200,NOW,现在服务公司,186.556,183.424,186.620,183.022,715522,2024-10-17
201,NOW,现在服务公司,184.200,184.350,185.632,183.424,1422660,2024-10-18
202,NOW,现在服务公司,180.400,183.668,183.726,179.954,1417168,2024-10-21
203,NOW,现在服务公司,183.298,183.590,184.880,182.872,1144250,2024-10-22
204,NOW,现在服务公司,183.293,181.536,184.022,180.274,1849859,2024-10-23
205,NOW,现在服务公司,189.678,191.316,195.956,188.082,3400982,2024-10-24
206,NOW,现在服务公司,191.452,190.170,192.987,189.434,1494753,2024-10-25
207,NOW,现在服务公司,191.802,189.000,192.000,189.000,1238498,2024-10-28
208,NOW,现在服务公司,190.000,190.616,191.564,187.887,1641133,2024-10-29
209,NOW,现在服务公司,190.206,190.000,192.700,189.896,950818,2024-10-30
210,NOW,现在服务公司,188.160,186.598,190.872,185.670,1333336,2024-10-31
211,NOW,现在服务公司,187.472,188.682,190.232,186.110,985688,2024-11-01
212,NOW,现在服务公司,188.806,190.918,192.074,188.320,948362,2024-11-04
213,NOW,现在服务公司,192.292,194.208,194.772,191.666,826955,2024-11-05
214,NOW,现在服务公司,198.800,198.896,199.406,196.420,1246584,2024-11-06
215,NOW,现在服务公司,199.360,203.056,204.888,199.000,1260829,2024-11-07
216,NOW,现在服务公司,202.188,201.616,203.992,201.004,1094976,2024-11-08
217,NOW,现在服务公司,202.600,207.202,207.600,202.600,1307052,2024-11-11
218,NOW,现在服务公司,206.155,209.658,210.652,205.424,1291717,2024-11-12
219,NOW,现在服务公司,209.658,209.110,212.331,208.700,1313732,2024-11-13
220,NOW,现在服务公司,209.800,207.960,210.800,206.400,1157710,2024-11-14
221,NOW,现在服务公司,204.794,202.278,205.945,200.602,1498472,2024-11-15
222,NOW,现在服务公司,203.308,201.068,204.235,200.750,1751526,2024-11-18
223,NOW,现在服务公司,199.534,204.420,205.166,198.684,1830185,2024-11-19
224,NOW,现在服务公司,205.600,204.596,206.338,201.262,1141936,2024-11-20
225,NOW,现在服务公司,206.726,209.410,210.652,206.198,1111297,2024-11-21
226,NOW,现在服务公司,210.200,212.120,212.918,210.000,1437259,2024-11-22
227,NOW,现在服务公司,212.920,210.542,213.776,209.830,1930596,2024-11-25
228,NOW,现在服务公司,212.000,214.014,214.568,210.896,744411,2024-11-26
229,NOW,现在服务公司,212.737,208.280,213.040,207.682,977141,2024-11-27
230,NOW,现在服务公司,208.470,209.888,210.400,207.674,583092,2024-11-29
231,NOW,现在服务公司,209.680,209.686,211.064,209.098,1056991,2024-12-02
232,NOW,现在服务公司,208.018,211.464,211.530,207.382,1284190,2024-12-03
233,NOW,现在服务公司,216.734,224.626,225.326,216.000,2063004,2024-12-04
234,NOW,现在服务公司,223.020,224.744,226.120,222.622,1075479,2024-12-05
235,NOW,现在服务公司,227.124,224.868,227.400,224.000,904425,2024-12-06
236,NOW,现在服务公司,224.840,224.096,226.804,221.142,1223391,2024-12-09
237,NOW,现在服务公司,222.804,225.568,229.474,222.804,1599460,2024-12-10
238,NOW,现在服务公司,227.208,229.436,231.580,227.208,1245070,2024-12-11
239,NOW,现在服务公司,228.188,229.684,230.936,227.400,687371,2024-12-12
240,NOW,现在服务公司,226.000,224.220,228.352,222.920,1347291,2024-12-13
241,NOW,现在服务公司,223.560,225.986,226.905,222.000,1186509,2024-12-16
242,NOW,现在服务公司,226.000,222.944,226.468,222.134,1223077,2024-12-17
243,NOW,现在服务公司,223.498,212.198,223.771,211.398,1588516,2024-12-18
244,NOW,现在服务公司,214.048,214.974,216.164,212.504,1971841,2024-12-19
245,NOW,现在服务公司,212.000,218.250,220.574,211.000,2025965,2024-12-20
246,NOW,现在服务公司,217.200,217.652,218.400,214.754,787010,2024-12-23
247,NOW,现在服务公司,219.416,221.112,221.310,218.000,418689,2024-12-24
248,NOW,现在服务公司,220.000,219.822,221.216,218.720,436892,2024-12-26
249,NOW,现在服务公司,218.400,216.292,218.914,212.400,1016924,2024-12-27
250,NOW,现在服务公司,213.194,213.540,214.716,211.046,720112,2024-12-30
251,NOW,现在服务公司,214.700,212.024,214.700,210.586,841117,2024-12-31
252,NOW,现在服务公司,214.704,210.868,214.742,208.200,1028706,2025-01-02
253,NOW,现在服务公司,211.860,214.754,214.828,211.344,898694,2025-01-03
254,NOW,现在服务公司,216.794,215.410,216.910,213.717,850949,2025-01-06
255,NOW,现在服务公司,214.820,210.830,217.000,208.894,1133440,2025-01-07
256,NOW,现在服务公司,212.376,209.816,212.600,208.460,1422036,2025-01-08
257,NOW,现在服务公司,207.826,204.914,208.306,203.350,1577456,2025-01-10
258,NOW,现在服务公司,202.226,203.148,204.030,199.826,1712591,2025-01-13
259,NOW,现在服务公司,206.880,206.258,207.412,204.118,1272291,2025-01-14
260,NOW,现在服务公司,210.662,210.826,211.912,208.196,1287453,2025-01-15
261,NOW,现在服务公司,211.708,211.432,212.950,210.516,632874,2025-01-16
262,NOW,现在服务公司,214.516,214.296,216.000,212.400,1081924,2025-01-17
263,NOW,现在服务公司,217.744,219.370,220.974,217.245,1439442,2025-01-21
264,NOW,现在服务公司,223.000,225.034,226.140,222.172,1636837,2025-01-22
265,NOW,现在服务公司,223.530,226.840,226.840,222.950,1073942,2025-01-23
266,NOW,现在服务公司,228.224,224.996,229.000,223.762,917742,2025-01-24
267,NOW,现在服务公司,223.483,228.124,233.196,222.200,2241278,2025-01-27
268,NOW,现在服务公司,230.000,234.078,239.618,226.394,2437685,2025-01-28
269,NOW,现在服务公司,232.182,228.726,234.078,227.040,2619418,2025-01-29
270,NOW,现在服务公司,205.424,202.550,206.200,198.000,6207477,2025-01-30
271,NOW,现在服务公司,206.402,203.676,207.150,202.284,2867304,2025-01-31
272,NOW,现在服务公司,201.300,204.188,206.199,199.611,2015959,2025-02-03
273,NOW,现在服务公司,207.982,202.026,208.690,199.667,1918817,2025-02-04
274,NOW,现在服务公司,203.072,205.412,205.770,202.416,1339221,2025-02-05
275,NOW,现在服务公司,204.584,204.660,207.056,203.658,1261689,2025-02-06
276,NOW,现在服务公司,205.000,201.658,208.469,200.792,1387164,2025-02-07
277,NOW,现在服务公司,203.510,204.362,206.619,202.250,1174857,2025-02-10
278,NOW,现在服务公司,203.000,201.810,204.273,200.788,1015969,2025-02-11
279,NOW,现在服务公司,199.250,196.480,199.684,196.000,1677649,2025-02-12
280,NOW,现在服务公司,196.480,197.896,198.400,194.096,1563426,2025-02-13
281,NOW,现在服务公司,195.820,197.326,197.800,193.320,1503419,2025-02-14
282,NOW,现在服务公司,197.600,199.496,199.508,194.800,1672692,2025-02-18
283,NOW,现在服务公司,199.464,197.428,200.569,195.134,1737540,2025-02-19
284,NOW,现在服务公司,196.016,193.596,196.116,191.774,1351246,2025-02-20
285,NOW,现在服务公司,192.940,187.682,193.400,186.602,2004213,2025-02-21
286,NOW,现在服务公司,188.808,185.516,188.900,182.706,1692758,2025-02-24
287,NOW,现在服务公司,184.744,184.458,185.328,179.642,2144338,2025-02-25
288,NOW,现在服务公司,185.860,188.392,190.520,185.200,2002542,2025-02-26
289,NOW,现在服务公司,189.632,184.192,190.670,183.928,1455077,2025-02-27
290,NOW,现在服务公司,184.194,185.952,185.996,181.490,1567936,2025-02-28
291,NOW,现在服务公司,187.202,182.062,187.800,180.536,1545908,2025-03-03
292,NOW,现在服务公司,180.000,181.218,183.468,175.389,2459102,2025-03-04
293,NOW,现在服务公司,181.000,183.158,184.800,179.676,1540617,2025-03-05
294,NOW,现在服务公司,178.000,173.418,181.580,171.650,2164163,2025-03-06
295,NOW,现在服务公司,171.300,170.126,174.000,166.544,2528469,2025-03-07
296,NOW,现在服务公司,164.680,156.766,166.400,155.582,3898499,2025-03-10
297,NOW,现在服务公司,160.000,161.680,165.596,158.800,2999056,2025-03-11
298,NOW,现在服务公司,166.958,168.628,169.850,164.685,2741843,2025-03-12
299,NOW,现在服务公司,166.000,162.324,167.000,161.195,1963561,2025-03-13
300,NOW,现在服务公司,164.552,168.866,169.812,164.552,1853239,2025-03-14
301,NOW,现在服务公司,167.800,168.586,171.136,167.000,1656750,2025-03-17
302,NOW,现在服务公司,167.486,166.000,167.494,164.070,1768045,2025-03-18
303,NOW,现在服务公司,167.146,168.824,170.800,166.004,1561830,2025-03-19
304,NOW,现在服务公司,165.448,164.824,165.652,161.836,2592996,2025-03-20
305,NOW,现在服务公司,163.228,165.550,165.780,161.760,2907341,2025-03-21
306,NOW,现在服务公司,169.200,169.946,170.695,168.243,1599705,2025-03-24
307,NOW,现在服务公司,171.646,172.276,174.198,171.000,1643177,2025-03-25
308,NOW,现在服务公司,171.268,167.710,172.102,166.806,1349751,2025-03-26
309,NOW,现在服务公司,167.008,165.548,167.989,164.434,1479981,2025-03-27
310,NOW,现在服务公司,164.000,159.552,164.202,157.907,1758851,2025-03-28
311,NOW,现在服务公司,156.304,159.228,159.800,151.568,2984478,2025-03-31
312,NOW,现在服务公司,159.644,162.312,162.592,158.545,1543006,2025-04-01
313,NOW,现在服务公司,158.936,164.806,165.432,158.936,1626420,2025-04-02
314,NOW,现在服务公司,156.550,154.814,157.612,151.450,2087836,2025-04-03
315,NOW,现在服务公司,151.268,144.330,151.754,143.690,2900381,2025-04-04
316,NOW,现在服务公司,137.600,147.100,151.729,135.732,2878166,2025-04-07
317,NOW,现在服务公司,153.602,145.520,155.176,142.638,2123217,2025-04-08
318,NOW,现在服务公司,145.000,165.190,166.327,144.640,3092026,2025-04-09
319,NOW,现在服务公司,161.418,156.698,161.998,152.216,2046435,2025-04-10
320,NOW,现在服务公司,154.262,157.134,157.376,151.000,2102981,2025-04-11
321,NOW,现在服务公司,160.444,159.964,162.426,157.360,1717301,2025-04-14
322,NOW,现在服务公司,160.192,163.300,164.980,159.842,1735237,2025-04-15
323,NOW,现在服务公司,160.922,159.332,164.234,158.147,1869466,2025-04-16
324,NOW,现在服务公司,160.012,154.432,160.012,153.804,1803904,2025-04-17
325,NOW,现在服务公司,151.872,151.198,153.109,148.482,1668684,2025-04-21
326,NOW,现在服务公司,152.560,153.366,155.325,150.488,1582828,2025-04-22
327,NOW,现在服务公司,164.208,162.540,166.793,161.400,3019221,2025-04-23
328,NOW,现在服务公司,180.062,187.714,188.796,179.666,6083058,2025-04-24
329,NOW,现在服务公司,188.800,189.052,192.000,185.834,2887783,2025-04-25
330,NOW,现在服务公司,191.970,187.482,192.205,185.426,2052370,2025-04-28
331,NOW,现在服务公司,188.000,188.572,189.446,186.110,1245641,2025-04-29
332,NOW,现在服务公司,186.112,191.002,191.532,184.080,1947868,2025-04-30
333,NOW,现在服务公司,194.772,191.590,195.724,191.504,1807708,2025-05-01
334,NOW,现在服务公司,195.784,195.472,197.100,193.812,1669372,2025-05-02
335,NOW,现在服务公司,194.600,195.610,198.400,194.268,1274167,2025-05-05
336,NOW,现在服务公司,193.808,193.052,195.735,192.837,1280506,2025-05-06
337,NOW,现在服务公司,194.244,196.658,197.462,193.458,1730324,2025-05-07
338,NOW,现在服务公司,197.000,194.898,198.400,194.561,1468796,2025-05-08
339,NOW,现在服务公司,196.000,196.012,197.356,194.324,920067,2025-05-09
340,NOW,现在服务公司,201.704,203.120,203.400,199.134,1432105,2025-05-12
341,NOW,现在服务公司,204.600,207.344,207.996,203.400,1483090,2025-05-13
342,NOW,现在服务公司,207.400,205.364,209.200,205.330,1414587,2025-05-14
343,NOW,现在服务公司,206.884,207.036,208.130,204.392,988034,2025-05-15
344,NOW,现在服务公司,207.678,208.036,208.748,206.625,1160948,2025-05-16
345,NOW,现在服务公司,205.789,205.150,206.938,203.210,2071522,2025-05-19
346,NOW,现在服务公司,203.000,204.368,204.932,202.664,1075447,2025-05-20
347,NOW,现在服务公司,201.780,202.952,206.148,201.116,1259600,2025-05-21
348,NOW,现在服务公司,202.952,203.154,205.498,202.358,856379,2025-05-22
349,NOW,现在服务公司,200.000,200.874,202.858,198.919,1388129,2025-05-23
350,NOW,现在服务公司,202.722,205.478,205.966,202.596,1102507,2025-05-27
351,NOW,现在服务公司,205.478,204.260,207.534,203.635,993273,2025-05-28
352,NOW,现在服务公司,204.634,203.046,204.917,200.940,1266245,2025-05-29
353,NOW,现在服务公司,204.000,202.218,204.000,200.518,2663904,2025-05-30
354,NOW,现在服务公司,201.828,202.422,203.589,200.060,1002594,2025-06-02
355,NOW,现在服务公司,202.364,202.176,203.250,201.100,1023885,2025-06-03
356,NOW,现在服务公司,202.312,202.548,203.510,200.592,717918,2025-06-04
357,NOW,现在服务公司,205.462,203.520,206.288,202.834,904334,2025-06-05
358,NOW,现在服务公司,205.246,206.042,206.920,203.268,959723,2025-06-06
359,NOW,现在服务公司,206.200,205.372,206.896,203.612,907750,2025-06-09
360,NOW,现在服务公司,204.228,201.958,205.372,199.824,1189537,2025-06-10
361,NOW,现在服务公司,202.048,200.866,203.544,200.279,742823,2025-06-11
362,NOW,现在服务公司,200.520,201.474,203.208,200.520,848179,2025-06-12
363,NOW,现在服务公司,199.606,197.732,200.200,195.637,1332459,2025-06-13
364,NOW,现在服务公司,198.400,201.026,203.394,198.276,1230880,2025-06-16
365,NOW,现在服务公司,200.770,200.982,202.400,199.868,819977,2025-06-17
366,NOW,现在服务公司,200.888,196.416,201.408,195.840,1209477,2025-06-18
367,NOW,现在服务公司,197.118,194.282,197.201,193.090,2007708,2025-06-20
368,NOW,现在服务公司,194.282,196.080,196.266,191.366,1099914,2025-06-23
369,NOW,现在服务公司,198.000,199.264,199.900,197.000,1514018,2025-06-24
370,NOW,现在服务公司,199.656,201.032,202.800,199.630,1193736,2025-06-25
371,NOW,现在服务公司,201.436,202.288,202.712,198.900,1204424,2025-06-26
372,NOW,现在服务公司,202.556,204.484,206.606,202.414,1514336,2025-06-27
373,NOW,现在服务公司,205.948,205.616,207.274,203.689,1009309,2025-06-30
374,NOW,现在服务公司,205.452,202.378,206.388,198.946,1244261,2025-07-01
375,NOW,现在服务公司,200.074,201.952,202.207,198.400,871727,2025-07-02
376,NOW,现在服务公司,203.546,208.938,211.478,203.000,1205886,2025-07-03
377,NOW,现在服务公司,208.646,207.002,209.800,205.524,1133622,2025-07-07
378,NOW,现在服务公司,207.436,204.596,207.754,202.250,1460195,2025-07-08
379,NOW,现在服务公司,204.900,202.742,205.602,201.800,1153612,2025-07-09
380,NOW,现在服务公司,202.740,193.618,202.740,193.062,2004900,2025-07-10
381,NOW,现在服务公司,192.000,187.756,193.200,186.834,2154733,2025-07-11
382,NOW,现在服务公司,187.740,192.356,192.868,187.028,1812748,2025-07-14
383,NOW,现在服务公司,193.054,191.384,194.868,191.200,1264275,2025-07-15
384,NOW,现在服务公司,193.012,193.394,193.818,190.676,985144,2025-07-16
385,NOW,现在服务公司,193.698,191.830,195.000,191.000,1275613,2025-07-17
386,NOW,现在服务公司,191.610,192.680,192.703,189.946,1155758,2025-07-18
387,NOW,现在服务公司,191.906,191.982,193.819,191.600,1112772,2025-07-21
388,NOW,现在服务公司,192.756,192.474,194.792,191.368,1175737,2025-07-22
389,NOW,现在服务公司,189.572,191.286,193.370,189.572,1984030,2025-07-23
390,NOW,现在服务公司,206.932,199.236,210.200,196.400,4070052,2025-07-24
391,NOW,现在服务公司,200.024,193.758,200.200,192.816,1999628,2025-07-25
392,NOW,现在服务公司,195.200,197.150,199.208,195.196,1474801,2025-07-28
393,NOW,现在服务公司,198.306,198.640,201.150,196.456,1207739,2025-07-29
394,NOW,现在服务公司,198.318,195.496,198.605,194.600,1094172,2025-07-30
395,NOW,现在服务公司,196.400,188.624,196.400,188.012,2131904,2025-07-31
396,NOW,现在服务公司,187.458,182.874,187.458,181.897,1811125,2025-08-01
397,NOW,现在服务公司,183.703,184.600,185.917,183.052,1285510,2025-08-04
398,NOW,现在服务公司,184.400,181.024,185.100,180.890,1448465,2025-08-05
399,NOW,现在服务公司,182.320,182.462,182.610,180.566,1068562,2025-08-06
400,NOW,现在服务公司,184.400,174.824,184.577,172.400,2798687,2025-08-07
401,NOW,现在服务公司,175.678,174.502,176.400,172.428,1902819,2025-08-08
402,NOW,现在服务公司,173.584,171.274,175.996,170.179,2369795,2025-08-11
403,NOW,现在服务公司,171.562,170.686,171.946,168.006,2870399,2025-08-12
404,NOW,现在服务公司,172.114,172.660,172.880,168.540,2453568,2025-08-13
405,NOW,现在服务公司,171.232,170.172,172.596,169.268,1788268,2025-08-14
406,NOW,现在服务公司,170.354,173.448,173.588,169.724,1758812,2025-08-15
407,NOW,现在服务公司,173.290,178.410,178.448,173.074,2577385,2025-08-18
408,NOW,现在服务公司,178.680,177.356,180.182,176.191,2184223,2025-08-19
409,NOW,现在服务公司,176.852,178.050,179.778,176.000,1971910,2025-08-20
410,NOW,现在服务公司,177.186,175.394,177.675,174.614,1126989,2025-08-21
411,NOW,现在服务公司,175.668,177.350,179.276,174.600,1084386,2025-08-22
412,NOW,现在服务公司,177.941,175.988,178.034,175.738,861292,2025-08-25
413,NOW,现在服务公司,175.800,172.932,176.000,171.016,2683696,2025-08-26
414,NOW,现在服务公司,174.334,177.596,177.922,173.640,1202236,2025-08-27
415,NOW,现在服务公司,178.100,185.720,187.156,177.948,3043596,2025-08-28
416,NOW,现在服务公司,185.852,183.492,186.798,181.942,1881991,2025-08-29
417,NOW,现在服务公司,180.354,182.284,182.849,178.927,1247931,2025-09-02
418,NOW,现在服务公司,181.798,183.876,184.268,178.902,1338113,2025-09-03
419,NOW,现在服务公司,181.896,179.712,182.045,175.638,1703911,2025-09-04
420,NOW,现在服务公司,180.830,182.760,183.240,180.270,1283851,2025-09-05
421,NOW,现在服务公司,183.028,187.866,188.964,182.511,1636381,2025-09-08
422,NOW,现在服务公司,189.000,186.734,189.000,185.560,1197612,2025-09-09
423,NOW,现在服务公司,187.200,184.714,188.984,183.866,1648569,2025-09-10
424,NOW,现在服务公司,185.544,187.656,188.534,184.729,1173242,2025-09-11
425,NOW,现在服务公司,188.346,185.792,188.370,185.386,711217,2025-09-12
426,NOW,现在服务公司,186.090,189.484,191.234,185.946,1546273,2025-09-15
427,NOW,现在服务公司,188.142,186.402,189.287,185.694,1300476,2025-09-16
428,NOW,现在服务公司,187.350,190.074,190.753,186.650,1284591,2025-09-17
429,NOW,现在服务公司,191.310,189.548,192.407,188.102,1491089,2025-09-18
430,NOW,现在服务公司,190.370,192.230,193.148,190.000,2807205,2025-09-19
431,NOW,现在服务公司,190.778,189.556,191.350,186.182,1208006,2025-09-22
432,NOW,现在服务公司,189.512,185.534,190.100,185.290,1407038,2025-09-23
433,NOW,现在服务公司,192.528,186.674,194.726,186.220,2022269,2025-09-24
434,NOW,现在服务公司,185.490,183.722,185.637,182.092,1188993,2025-09-25
435,NOW,现在服务公司,183.938,187.200,187.628,183.340,891574,2025-09-26
436,NOW,现在服务公司,188.412,188.170,190.912,187.848,1023198,2025-09-29
437,NOW,现在服务公司,187.820,184.056,188.329,180.900,1415621,2025-09-30
438,NOW,现在服务公司,184.188,182.486,187.000,178.451,1829942,2025-10-01
439,NOW,现在服务公司,182.334,182.020,183.010,179.108,1512239,2025-10-02
440,NOW,现在服务公司,182.730,182.472,183.940,181.666,1166652,2025-10-03
441,NOW,现在服务公司,180.804,182.568,185.952,179.108,1288164,2025-10-06
442,NOW,现在服务公司,182.800,180.848,183.159,178.672,1194891,2025-10-07
443,NOW,现在服务公司,182.000,182.864,184.068,181.466,1090564,2025-10-08
444,NOW,现在服务公司,180.780,183.590,183.930,178.746,1039390,2025-10-09
445,NOW,现在服务公司,184.000,177.742,185.600,177.461,1403911,2025-10-10
446,NOW,现在服务公司,179.408,184.740,185.152,178.532,1185334,2025-10-13
447,NOW,现在服务公司,181.470,182.252,184.854,179.473,879231,2025-10-14
448,NOW,现在服务公司,183.600,180.610,184.420,179.940,763420,2025-10-15
449,NOW,现在服务公司,182.794,178.898,185.800,177.614,1078434,2025-10-16
450,NOW,现在服务公司,178.000,180.720,181.306,177.590,840091,2025-10-17
451,NOW,现在服务公司,181.328,183.510,184.404,181.270,1071723,2025-10-20
452,NOW,现在服务公司,183.500,188.300,188.888,182.056,1260241,2025-10-21
453,NOW,现在服务公司,188.358,187.130,189.600,185.580,1215046,2025-10-22
454,NOW,现在服务公司,186.238,187.834,188.917,185.600,844652,2025-10-23
455,NOW,现在服务公司,189.150,186.034,190.000,185.776,1071017,2025-10-24
456,NOW,现在服务公司,188.814,189.258,190.338,187.402,1147021,2025-10-27
457,NOW,现在服务公司,189.862,187.582,190.200,187.582,944932,2025-10-28
458,NOW,现在服务公司,186.908,182.340,186.908,182.020,2686751,2025-10-29
459,NOW,现在服务公司,185.346,186.936,192.966,179.385,3040640,2025-10-30
460,NOW,现在服务公司,188.642,183.856,189.530,180.664,2374674,2025-10-31
461,NOW,现在服务公司,184.428,182.768,184.428,177.204,1746565,2025-11-03
462,NOW,现在服务公司,180.000,177.514,181.726,175.310,1944936,2025-11-04
463,NOW,现在服务公司,178.334,175.926,178.524,174.460,1520752,2025-11-05
464,NOW,现在服务公司,174.950,171.754,175.800,170.002,2046200,2025-11-06
465,NOW,现在服务公司,170.268,172.374,172.620,168.110,1632498,2025-11-07
466,NOW,现在服务公司,172.772,173.260,173.720,170.234,1409072,2025-11-10
467,NOW,现在服务公司,172.686,172.134,174.130,171.866,1035365,2025-11-11
468,NOW,现在服务公司,173.742,172.808,174.000,169.834,1520720,2025-11-12
469,NOW,现在服务公司,170.476,169.938,172.600,168.796,1629406,2025-11-13
470,NOW,现在服务公司,168.398,170.086,173.063,167.809,1183461,2025-11-14
471,NOW,现在服务公司,169.384,167.158,170.696,165.642,1140150,2025-11-17
472,NOW,现在服务公司,165.416,163.594,167.000,162.321,1528067,2025-11-18
473,NOW,现在服务公司,163.332,163.290,164.228,161.513,1915368,2025-11-19
474,NOW,现在服务公司,166.100,160.092,166.338,159.456,1619116,2025-11-20
475,NOW,现在服务公司,160.460,162.686,163.922,159.000,1470782,2025-11-21
476,NOW,现在服务公司,162.680,163.168,163.898,160.761,1789407,2025-11-24
477,NOW,现在服务公司,162.474,165.062,166.180,162.200,1455988,2025-11-25
478,NOW,现在服务公司,163.450,160.544,164.404,159.968,2007054,2025-11-26
479,NOW,现在服务公司,161.600,162.482,162.800,161.002,904070,2025-11-28
480,NOW,现在服务公司,160.334,164.414,165.214,159.800,1386845,2025-12-01
481,NOW,现在服务公司,165.724,164.876,166.685,164.800,1310324,2025-12-02
482,NOW,现在服务公司,164.400,166.580,166.596,162.692,923946,2025-12-03
483,NOW,现在服务公司,168.200,167.774,169.300,166.138,1110040,2025-12-04
484,NOW,现在服务公司,168.166,170.872,172.300,167.602,1294574,2025-12-05
485,NOW,现在服务公司,170.848,170.704,174.395,170.086,1548216,2025-12-08
486,NOW,现在服务公司,170.522,170.982,172.200,169.800,979224,2025-12-09
487,NOW,现在服务公司,170.114,170.712,172.331,169.110,1692091,2025-12-10
488,NOW,现在服务公司,170.600,173.498,175.000,170.224,1407748,2025-12-11
489,NOW,现在服务公司,173.478,173.012,174.926,171.582,1499031,2025-12-12
490,NOW,现在服务公司,159.600,153.040,160.680,152.106,5925825,2025-12-15
491,NOW,现在服务公司,154.894,156.224,157.215,153.914,3334515,2025-12-16
492,NOW,现在服务公司,157.000,156.478,161.932,156.290,2354891,2025-12-17
493,NOW,现在服务公司,156.510,153.380,157.780,151.150,9644020,2025-12-18
494,NOW,现在服务公司,152.970,155.310,156.160,152.540,25257483,2025-12-19
495,NOW,现在服务公司,156.860,156.680,157.155,153.150,11120320,2025-12-22
496,NOW,现在服务公司,155.500,154.360,156.090,151.630,12572497,2025-12-23
497,NOW,现在服务公司,153.500,152.590,153.944,152.010,3896794,2025-12-24
498,NOW,现在服务公司,152.500,153.890,154.480,152.210,5450461,2025-12-26
499,NOW,现在服务公司,153.070,154.580,155.694,152.790,7157749,2025-12-29
500,NOW,现在服务公司,153.850,154.230,154.690,153.250,5110624,2025-12-30
501,NOW,现在服务公司,153.990,153.190,154.540,152.680,5256089,2025-12-31
502,NOW,现在服务公司,153.080,147.450,153.200,145.640,9896627,2026-01-02
503,NOW,现在服务公司,146.510,147.600,149.810,145.790,9854884,2026-01-05
504,NOW,现在服务公司,147.420,148.810,149.570,146.700,6428186,2026-01-06
505,NOW,现在服务公司,148.000,150.900,152.110,147.751,6195552,2026-01-07
506,NOW,现在服务公司,149.940,146.190,150.300,146.180,7426050,2026-01-08
507,NOW,现在服务公司,147.350,141.800,147.350,141.430,11845425,2026-01-09
508,NOW,现在服务公司,141.640,142.640,143.765,141.148,9899964,2026-01-12
509,NOW,现在服务公司,142.140,138.190,144.700,137.180,12898270,2026-01-13
510,NOW,现在服务公司,137.390,134.610,138.190,132.610,15646945,2026-01-14
511,NOW,现在服务公司,135.150,131.170,136.235,129.930,14582794,2026-01-15
512,NOW,现在服务公司,129.700,127.310,131.350,126.850,20052358,2026-01-16
513,NOW,现在服务公司,126.570,125.400,128.780,125.030,19712233,2026-01-20
514,NOW,现在服务公司,128.000,125.300,128.010,123.780,16119611,2026-01-21
515,NOW,现在服务公司,126.000,128.560,128.730,125.100,12944216,2026-01-22
516,NOW,现在服务公司,128.650,133.110,133.850,128.230,16605381,2026-01-23
517,NOW,现在服务公司,134.550,136.340,136.630,133.270,17489740,2026-01-26
518,NOW,现在服务公司,135.830,131.800,136.030,130.860,11804175,2026-01-27
519,NOW,现在服务公司,132.270,129.620,133.670,129.140,21254084,2026-01-28
520,NOW,现在服务公司,118.530,116.730,118.960,113.130,55125067,2026-01-29
521,NOW,现在服务公司,117.540,117.010,118.830,115.890,28053900,2026-01-30
522,NOW,现在服务公司,118.800,118.000,121.670,116.350,18889053,2026-02-02
523,NOW,现在服务公司,115.020,109.770,115.890,108.100,34729644,2026-02-03
524,NOW,现在服务公司,107.190,111.070,111.150,105.250,36718099,2026-02-04
525,NOW,现在服务公司,109.260,102.630,112.090,101.725,36178844,2026-02-05
526,NOW,现在服务公司,101.680,100.740,104.000,98.940,34727047,2026-02-06
527,NOW,现在服务公司,100.000,103.870,104.250,98.000,23127386,2026-02-09
528,NOW,现在服务公司,104.990,106.480,108.980,104.900,21869554,2026-02-10
