0,FFIV,2024-01-30,buy,186.83999633789062,53.0,成交量放大
0,DINO,2024-01-30,buy,53.459999084472656,187.0,红三兵
0,WM,2024-01-31,buy,180.16000366210938,55.0,成交量放大
0,CTSH,2024-02-06,buy,76.5999984741211,130.0,成交量放大
0,PYPL,2024-02-07,buy,63.2400016784668,158.0,成交量放大
0,EXPE,2024-02-08,buy,158.27000427246094,63.0,成交量放大
0,PATH,2024-02-08,buy,24.360000610351562,410.0,成交量放大
0,LIN,2024-02-09,buy,409.3599853515625,24.0,连续上涨
0,ERAS,2024-02-09,buy,1.840000033378601,5434.0,连续上涨
0,PARR,2024-02-09,buy,39.59000015258789,252.0,连续上涨
0,KVYO,2024-02-09,buy,30.270000457763672,330.0,连续上涨
0,FIGS,2024-02-09,buy,6.130000114440918,1631.0,连续上涨
0,EBAY,2024-02-09,buy,40.47999954223633,247.0,连续上涨
0,CF,2024-02-09,buy,74.58000183105469,134.0,连续上涨
0,NICE,2024-02-12,buy,221.3699951171875,45.0,连续上涨
0,UNF,2024-02-12,buy,175.22000122070312,57.0,连续上涨
0,SM,2024-02-12,buy,36.88999938964844,271.0,连续上涨
0,W,2024-02-12,buy,54.22999954223633,184.0,连续上涨
0,ROIV,2024-02-12,buy,10.869999885559082,919.0,连续上涨
0,CTSH,2024-02-12,sell,74.4000015258789,-130.0,连续下跌
0,JKHY,2024-02-14,buy,171.32000732421875,58.0,连续上涨
0,AR,2024-02-15,buy,23.520000457763672,425.0,连续上涨
0,APA,2024-02-15,buy,29.75,336.0,连续上涨
0,DKNG,2024-02-16,buy,44.56999969482422,224.0,成交量放大
0,GLPI,2024-02-21,buy,40.09000015258789,249.0,连续上涨
0,PATH,2024-02-21,sell,22.899999618530273,-410.0,连续下跌
0,CTSH,2024-02-21,buy,75.63999938964844,132.0,连续上涨
0,MSI,2024-02-22,buy,323.739990234375,30.0,连续上涨
0,UNF,2024-02-23,sell,164.5800018310547,-57.0,连续下跌
0,FIGS,2024-02-23,sell,5.869999885559082,-1631.0,连续下跌
0,DNTH,2024-02-26,buy,25.479999542236328,392.0,成交量放大
0,NOK,2024-02-27,buy,3.3399999141693115,2994.0,连续上涨
0,DAVE,2024-02-27,buy,25.399999618530273,393.0,成交量放大
0,PARR,2024-02-28,sell,36.52000045776367,-252.0,连续下跌
0,DINO,2024-02-28,sell,51.619998931884766,-187.0,连续下跌
0,CMCSA,2024-02-29,buy,40.619998931884766,246.0,连续上涨
0,APA,2024-02-29,sell,28.290000915527344,-336.0,连续下跌
0,FDS,2024-03-04,buy,458.6199951171875,21.0,连续上涨
0,DAVE,2024-03-04,sell,21.899999618530273,-393.0,连续下跌
0,KVYO,2024-03-05,sell,24.979999542236328,-330.0,连续下跌
0,NOK,2024-03-05,sell,3.2899999618530273,-2994.0,连续下跌
0,PYPL,2024-03-06,sell,58.119998931884766,-158.0,连续下跌
0,UNF,2024-03-06,buy,167.69000244140625,59.0,连续上涨
0,NOK,2024-03-06,buy,3.440000057220459,2906.0,连续上涨
0,CTSH,2024-03-06,sell,74.86000061035156,-132.0,连续下跌
0,CMCSA,2024-03-07,sell,39.5099983215332,-246.0,连续下跌
0,CMCSA,2024-03-11,buy,41.310001373291016,242.0,连续上涨
0,ROIV,2024-03-11,sell,10.4399995803833,-919.0,连续下跌
0,APA,2024-03-11,buy,29.700000762939453,336.0,连续上涨
0,ADBE,2024-03-12,buy,579.1400146484375,17.0,连续上涨
0,PYPL,2024-03-13,buy,62.45000076293945,160.0,连续上涨
0,PARR,2024-03-13,buy,37.599998474121094,265.0,红三兵
0,PATH,2024-03-13,buy,24.43000030517578,409.0,成交量放大
0,DINO,2024-03-13,buy,56.2400016784668,177.0,连续上涨
0,JKHY,2024-03-14,sell,167.4199981689453,-58.0,连续下跌
0,ADBE,2024-03-15,sell,492.4599914550781,-17.0,连续下跌
0,NOK,2024-03-18,sell,3.25,-2906.0,连续下跌
0,FDS,2024-03-21,sell,444.29998779296875,-21.0,连续下跌
0,KVYO,2024-03-21,buy,26.940000534057617,371.0,连续上涨
0,ERAS,2024-03-26,sell,1.9800000190734863,-5434.0,连续下跌
0,PARR,2024-03-26,sell,36.27000045776367,-265.0,连续下跌
0,UNF,2024-03-26,sell,165.08999633789062,-59.0,连续下跌
0,PATH,2024-03-26,sell,22.709999084472656,-409.0,连续下跌
0,ROIV,2024-03-27,buy,10.84000015258789,922.0,成交量放大
0,BTSG,2024-03-27,buy,10.15999984741211,984.0,连续上涨
0,UNF,2024-03-28,buy,171.3699951171875,58.0,多头排列
0,DAVE,2024-03-28,buy,37.13999938964844,269.0,成交量放大
0,JKHY,2024-03-28,buy,170.33999633789062,58.0,连续上涨
0,EXPE,2024-04-01,sell,132.02000427246094,-63.0,空头排列
0,UNF,2024-04-01,sell,167.39999389648438,-58.0,连续下跌
0,CMCSA,2024-04-01,sell,40.04999923706055,-242.0,空头排列
0,PARR,2024-04-03,buy,39.209999084472656,255.0,多头排列
0,KVYO,2024-04-03,sell,24.280000686645508,-371.0,空头排列
0,LIN,2024-04-04,sell,448.5899963378906,-24.0,连续下跌
0,WM,2024-04-04,sell,202.36000061035156,-55.0,连续下跌
0,DNTH,2024-04-04,sell,24.729999542236328,-392.0,连续下跌
0,FIGS,2024-04-08,buy,5.269999980926514,1897.0,连续上涨
0,CF,2024-04-08,sell,76.79000091552734,-134.0,连续下跌
0,PARR,2024-04-09,sell,35.65999984741211,-255.0,连续下跌
0,GLPI,2024-04-10,sell,38.689998626708984,-249.0,连续下跌
0,W,2024-04-10,sell,61.72999954223633,-184.0,连续下跌
0,NICE,2024-04-11,sell,240.19000244140625,-45.0,连续下跌
0,FFIV,2024-04-12,sell,187.99000549316406,-53.0,连续下跌
0,DAVE,2024-04-12,sell,34.619998931884766,-269.0,连续下跌
0,JKHY,2024-04-12,sell,164.17999267578125,-58.0,连续下跌
0,EBAY,2024-04-12,sell,49.630001068115234,-247.0,连续下跌
0,MSI,2024-04-15,sell,332.260009765625,-30.0,连续下跌
0,DINO,2024-04-15,sell,55.95000076293945,-177.0,连续下跌
0,DKNG,2024-04-17,sell,42.209999084472656,-224.0,连续下跌
0,FIGS,2024-04-17,sell,4.710000038146973,-1897.0,空头排列
0,APA,2024-04-17,sell,30.760000228881836,-336.0,连续下跌
0,PYPL,2024-04-18,sell,62.099998474121094,-160.0,连续下跌
0,ROIV,2024-04-18,sell,10.359999656677246,-922.0,均线死叉
0,FIGS,2024-04-19,buy,4.789999961853027,2087.0,红三兵
0,CMCSA,2024-04-22,buy,38.650001525878906,258.0,红三兵
0,UNF,2024-04-23,buy,163.3699951171875,61.0,均线收敛
0,DAVE,2024-04-23,buy,41.869998931884766,238.0,多头排列
0,WM,2024-04-25,buy,207.97999572753906,48.0,连续上涨
0,NOK,2024-04-25,buy,3.450000047683716,2898.0,连续上涨
0,GLPI,2024-04-25,buy,38.83000183105469,257.0,连续上涨
0,CMCSA,2024-04-25,sell,35.95000076293945,-258.0,空头排列
0,PYPL,2024-04-26,buy,65.95999908447266,151.0,多头排列
0,ROIV,2024-04-26,buy,11.029999732971191,906.0,连续上涨
0,ERAS,2024-04-29,buy,2.0399999618530273,4901.0,均线收敛
0,EXPE,2024-04-29,buy,135.4600067138672,73.0,连续上涨
0,MSI,2024-04-29,buy,341.3699951171875,29.0,连续上涨
0,FFIV,2024-04-29,buy,182.1300048828125,54.0,成交量放大
0,PATH,2024-04-29,buy,19.760000228881836,506.0,连续上涨
0,EBAY,2024-04-29,buy,51.06999969482422,195.0,红三兵
0,MSI,2024-04-30,sell,332.8299865722656,-29.0,连续下跌
0,FFIV,2024-04-30,sell,165.30999755859375,-54.0,空头排列
0,SM,2024-05-01,sell,46.13999938964844,-271.0,连续下跌
0,DKNG,2024-05-02,buy,43.029998779296875,232.0,连续上涨
0,UNF,2024-05-02,sell,155.02000427246094,-61.0,空头排列
0,EXPE,2024-05-03,sell,114.12999725341797,-73.0,空头排列
0,DNTH,2024-05-03,buy,25.799999237060547,387.0,连续上涨
0,ADBE,2024-05-03,buy,486.17999267578125,20.0,连续上涨
0,INTA,2024-05-06,buy,32.22999954223633,310.0,连续上涨
0,EBAY,2024-05-06,sell,47.70000076293945,-195.0,连续下跌
0,FDS,2024-05-07,buy,429.1000061035156,23.0,连续上涨
0,PYPL,2024-05-08,sell,63.810001373291016,-151.0,连续下跌
0,W,2024-05-08,buy,68.20999908447266,146.0,连续上涨
0,CMCSA,2024-05-08,buy,37.130001068115234,269.0,连续上涨
0,SM,2024-05-09,buy,49.95000076293945,200.0,连续上涨
0,ERAS,2024-05-10,sell,1.850000023841858,-4901.0,连续下跌
0,FFIV,2024-05-10,buy,171.6199951171875,58.0,连续上涨
0,EBAY,2024-05-15,buy,50.7400016784668,197.0,连续上涨
0,CF,2024-05-16,buy,74.81999969482422,133.0,连续上涨
0,CTSH,2024-05-16,buy,68.5,145.0,连续上涨
0,APA,2024-05-17,buy,29.6299991607666,337.0,连续上涨
0,DINO,2024-05-17,buy,55.40999984741211,180.0,连续上涨
0,ERAS,2024-05-20,buy,2.240000009536743,4464.0,均线收敛
0,MSI,2024-05-20,buy,362.1099853515625,27.0,连续上涨
0,WM,2024-05-21,sell,203.60000610351562,-48.0,连续下跌
0,SM,2024-05-22,sell,47.38999938964844,-200.0,连续下跌
0,JKHY,2024-05-22,buy,166.24000549316406,60.0,连续上涨
0,PATH,2024-05-22,sell,19.59000015258789,-506.0,空头排列
0,DKNG,2024-05-23,sell,40.599998474121094,-232.0,连续下跌
0,FFIV,2024-05-23,sell,169.9499969482422,-58.0,连续下跌
0,FDS,2024-05-24,sell,429.67999267578125,-23.0,空头排列
0,AR,2024-05-24,sell,33.279998779296875,-425.0,连续下跌
0,CMCSA,2024-05-24,sell,36.619998931884766,-269.0,空头排列
0,DAVE,2024-05-24,sell,42.16999816894531,-238.0,连续下跌
0,ADBE,2024-05-24,sell,475.42999267578125,-20.0,空头排列
0,APA,2024-05-24,sell,28.110000610351562,-337.0,空头排列
0,DINO,2024-05-24,sell,53.61000061035156,-180.0,空头排列
0,ROIV,2024-05-28,sell,10.829999923706055,-906.0,连续下跌
0,JKHY,2024-05-28,sell,159.72999572753906,-60.0,空头排列
0,CTSH,2024-05-28,sell,65.33000183105469,-145.0,空头排列
0,SM,2024-05-30,buy,48.27000045776367,207.0,多头排列
0,DNTH,2024-05-30,sell,20.700000762939453,-387.0,连续下跌
0,WM,2024-05-31,buy,206.0,48.0,均线收敛
0,CMCSA,2024-05-31,buy,38.11000061035156,262.0,连续上涨
0,APA,2024-05-31,buy,29.280000686645508,341.0,均线收敛
0,WM,2024-06-03,sell,196.5800018310547,-48.0,均线死叉
0,SM,2024-06-03,sell,46.540000915527344,-207.0,连续下跌
0,W,2024-06-03,sell,57.91999816894531,-146.0,连续下跌
0,EXPE,2024-06-04,buy,113.29000091552734,88.0,连续上涨
0,APA,2024-06-04,sell,27.709999084472656,-341.0,空头排列
0,LIN,2024-06-05,buy,427.79998779296875,23.0,连续上涨
0,PYPL,2024-06-06,buy,67.0199966430664,149.0,均线金叉
0,CF,2024-06-06,sell,74.80000305175781,-133.0,空头排列
0,INTA,2024-06-07,sell,34.75,-310.0,均线死叉
0,CMCSA,2024-06-07,sell,37.040000915527344,-262.0,空头排列
0,BTSG,2024-06-07,sell,10.949999809265137,-984.0,连续下跌
0,CTSH,2024-06-10,buy,65.72000122070312,152.0,连续上涨
0,DKNG,2024-06-11,buy,38.2400016784668,261.0,连续上涨
0,INTA,2024-06-11,buy,35.52000045776367,281.0,连续上涨
0,DNTH,2024-06-11,buy,23.959999084472656,417.0,连续上涨
0,NOK,2024-06-12,sell,3.619999885559082,-2898.0,连续下跌
0,PYPL,2024-06-13,sell,61.540000915527344,-149.0,连续下跌
0,GLPI,2024-06-13,sell,39.790000915527344,-257.0,连续下跌
0,ROIV,2024-06-13,buy,10.8100004196167,925.0,连续上涨
0,ADBE,2024-06-13,buy,458.739990234375,21.0,连续上涨
0,FIGS,2024-06-13,sell,5.039999961853027,-2087.0,连续下跌
0,CTSH,2024-06-13,sell,63.08000183105469,-152.0,空头排列
0,EBAY,2024-06-14,sell,50.720001220703125,-197.0,连续下跌
0,FDS,2024-06-17,buy,401.4100036621094,24.0,连续上涨
0,INTA,2024-06-17,sell,33.720001220703125,-281.0,连续下跌
0,WM,2024-06-17,buy,202.39999389648438,49.0,均线金叉
0,FFIV,2024-06-17,buy,167.69000244140625,59.0,连续上涨
0,JKHY,2024-06-17,buy,162.1999969482422,61.0,均线收敛
0,GLPI,2024-06-18,buy,40.29999923706055,248.0,连续上涨
0,DAVE,2024-06-18,buy,38.16999816894531,261.0,连续上涨
0,ERAS,2024-06-20,sell,2.0299999713897705,-4464.0,连续下跌
0,CTSH,2024-06-20,buy,66.61000061035156,150.0,连续上涨
0,UNF,2024-06-21,buy,151.67999267578125,65.0,成交量放大
0,EBAY,2024-06-21,buy,52.7400016784668,189.0,多头排列
0,CF,2024-06-21,buy,70.61000061035156,141.0,成交量放大
0,DINO,2024-06-21,buy,50.849998474121094,196.0,成交量放大
0,PATH,2024-06-24,buy,12.029999732971191,831.0,连续上涨
0,DKNG,2024-06-25,sell,38.0,-261.0,连续下跌
0,KVYO,2024-06-25,buy,23.540000915527344,424.0,连续上涨
0,INTA,2024-06-26,buy,35.09000015258789,284.0,连续上涨
0,DAVE,2024-06-26,sell,30.579999923706055,-261.0,空头排列
0,ROIV,2024-06-26,sell,10.569999694824219,-925.0,连续下跌
0,ERAS,2024-06-27,buy,2.309999942779541,4329.0,多头排列
0,FIGS,2024-06-27,buy,5.230000019073486,1912.0,均线收敛
0,NICE,2024-06-28,buy,171.97000122070312,58.0,连续上涨
0,PARR,2024-06-28,buy,25.25,396.0,成交量放大
0,NOK,2024-06-28,buy,3.5899999141693115,2785.0,多头排列
0,CMCSA,2024-06-28,buy,37.2400016784668,268.0,连续上涨
0,APA,2024-06-28,buy,28.190000534057617,354.0,连续上涨
0,BTSG,2024-06-28,buy,11.359999656677246,880.0,多头排列
0,LIN,2024-07-01,sell,421.6600036621094,-23.0,跌破半年线
0,ROIV,2024-07-01,buy,10.829999923706055,923.0,均线收敛
0,EBAY,2024-07-01,sell,51.27000045776367,-189.0,连续下跌
0,CF,2024-07-01,sell,70.87999725341797,-141.0,空头排列
0,ROIV,2024-07-02,sell,10.5600004196167,-923.0,空头排列
0,JKHY,2024-07-02,sell,160.9199981689453,-61.0,空头排列
0,DINO,2024-07-03,sell,50.4900016784668,-196.0,连续下跌
0,W,2024-07-08,buy,52.9900016784668,188.0,连续上涨
0,CMCSA,2024-07-08,sell,35.720001220703125,-268.0,空头排列
0,INTA,2024-07-09,sell,33.939998626708984,-284.0,连续下跌
0,PARR,2024-07-10,sell,22.940000534057617,-396.0,空头排列
0,ROIV,2024-07-10,buy,11.25,888.0,突破半年线
0,DAVE,2024-07-11,buy,36.34000015258789,275.0,连续上涨
0,JKHY,2024-07-11,buy,161.3000030517578,61.0,均线收敛
0,EBAY,2024-07-11,buy,52.61000061035156,190.0,多头排列
0,LIN,2024-07-12,buy,433.4200134277344,23.0,多头排列
0,DKNG,2024-07-15,buy,39.47999954223633,253.0,红三兵
0,PYPL,2024-07-15,buy,60.470001220703125,165.0,连续上涨
0,SM,2024-07-15,buy,45.16999816894531,221.0,连续上涨
0,CMCSA,2024-07-15,buy,37.33000183105469,267.0,连续上涨
0,INTA,2024-07-17,buy,35.91999816894531,278.0,多头排列
0,NOK,2024-07-18,sell,3.430000066757202,-2785.0,跌破半年线
0,W,2024-07-18,sell,52.02000045776367,-188.0,空头排列
0,DKNG,2024-07-22,sell,36.84000015258789,-253.0,空头排列
0,FDS,2024-07-23,sell,410.82000732421875,-24.0,空头排列
0,SM,2024-07-23,sell,44.18000030517578,-221.0,空头排列
0,EXPE,2024-07-24,sell,127.29000091552734,-88.0,跌破半年线
0,PYPL,2024-07-24,sell,58.06999969482422,-165.0,空头排列
0,DAVE,2024-07-24,sell,35.369998931884766,-275.0,跌破半年线
0,ROIV,2024-07-24,sell,10.75,-888.0,跌破半年线
0,PARR,2024-07-25,buy,24.809999465942383,403.0,连续上涨
0,WM,2024-07-25,sell,195.94000244140625,-49.0,跌破半年线
0,EBAY,2024-07-25,sell,51.709999084472656,-190.0,连续下跌
0,CF,2024-07-25,buy,71.01000213623047,140.0,连续上涨
0,DINO,2024-07-25,buy,47.29999923706055,211.0,连续上涨
0,ADBE,2024-07-29,sell,536.6099853515625,-21.0,连续下跌
0,PYPL,2024-07-30,buy,64.0,156.0,突破半年线
0,EBAY,2024-07-30,buy,53.9900016784668,185.0,多头排列
0,INTA,2024-08-01,sell,34.720001220703125,-278.0,跌破半年线
0,NICE,2024-08-01,sell,176.72999572753906,-58.0,空头排列
0,W,2024-08-01,buy,50.0099983215332,199.0,成交量放大
0,KVYO,2024-08-02,sell,23.90999984741211,-424.0,跌破半年线
0,W,2024-08-02,sell,47.77000045776367,-199.0,空头排列
0,PATH,2024-08-02,sell,11.40999984741211,-831.0,空头排列
0,APA,2024-08-02,sell,27.59000015258789,-354.0,跌破半年线
0,DINO,2024-08-02,sell,44.2599983215332,-211.0,连续下跌
0,LIN,2024-08-05,sell,436.2200012207031,-23.0,跌破半年线
0,PARR,2024-08-05,sell,23.56999969482422,-403.0,空头排列
0,CMCSA,2024-08-05,sell,37.56999969482422,-267.0,跌破半年线
0,JKHY,2024-08-05,sell,160.9600067138672,-61.0,跌破半年线
0,ERAS,2024-08-06,sell,2.5399999618530273,-4329.0,连续下跌
0,DNTH,2024-08-07,sell,25.799999237060547,-417.0,连续下跌
0,CF,2024-08-07,sell,70.80000305175781,-140.0,空头排列
0,CF,2024-08-08,buy,77.02999877929688,129.0,突破半年线
0,EXPE,2024-08-09,buy,128.80999755859375,77.0,连续上涨
0,ROIV,2024-08-09,buy,11.119999885559082,899.0,连续上涨
0,FIGS,2024-08-09,sell,4.920000076293945,-1912.0,跌破半年线
0,INTA,2024-08-13,buy,34.0,294.0,成交量放大
0,KVYO,2024-08-13,buy,31.420000076293945,318.0,多头排列
0,NOK,2024-08-13,buy,3.7799999713897705,2645.0,红三兵
0,ADBE,2024-08-13,buy,535.219970703125,18.0,连续上涨
0,DNTH,2024-08-14,buy,28.5,350.0,连续上涨
0,PATH,2024-08-15,buy,11.789999961853027,848.0,连续上涨
0,DKNG,2024-08-16,buy,34.13999938964844,292.0,连续上涨
0,ERAS,2024-08-16,buy,2.799999952316284,3571.0,连续上涨
0,AR,2024-08-16,buy,27.889999389648438,358.0,连续上涨
0,APA,2024-08-16,buy,28.25,353.0,连续上涨
0,DINO,2024-08-16,buy,46.279998779296875,216.0,连续上涨
0,LIN,2024-08-19,buy,451.29998779296875,22.0,连续上涨
0,FDS,2024-08-19,buy,407.7200012207031,24.0,连续上涨
0,WM,2024-08-19,buy,202.6199951171875,49.0,连续上涨
0,CMCSA,2024-08-19,buy,38.650001525878906,258.0,连续上涨
0,W,2024-08-21,buy,43.790000915527344,228.0,连续上涨
0,DAVE,2024-08-21,buy,38.38999938964844,260.0,连续上涨
0,JKHY,2024-08-21,buy,162.61000061035156,61.0,成交量放大
0,APA,2024-08-21,sell,27.059999465942383,-353.0,空头排列
0,FIGS,2024-08-23,buy,5.900000095367432,1694.0,连续上涨
0,NICE,2024-08-27,buy,181.39999389648438,55.0,连续上涨
0,AR,2024-08-27,sell,26.579999923706055,-358.0,连续下跌
0,SM,2024-08-28,buy,45.27000045776367,220.0,连续上涨
0,DAVE,2024-08-28,sell,35.880001068115234,-260.0,连续下跌
0,NICE,2024-08-30,sell,173.74000549316406,-55.0,空头排列
0,SM,2024-09-03,sell,42.09000015258789,-220.0,空头排列
0,W,2024-09-03,sell,40.900001525878906,-228.0,连续下跌
0,DKNG,2024-09-04,sell,34.279998779296875,-292.0,空头排列
0,CMCSA,2024-09-04,sell,37.060001373291016,-258.0,跌破半年线
0,DINO,2024-09-04,sell,45.400001525878906,-216.0,空头排列
0,WM,2024-09-05,sell,204.4199981689453,-49.0,跌破半年线
0,UNF,2024-09-06,sell,180.75999450683594,-65.0,连续下跌
0,DNTH,2024-09-06,sell,26.6200008392334,-350.0,连续下跌
0,KVYO,2024-09-06,sell,29.6200008392334,-318.0,连续下跌
0,FIGS,2024-09-09,sell,5.380000114440918,-1694.0,跌破半年线
0,CF,2024-09-10,sell,74.77999877929688,-129.0,连续下跌
0,DKNG,2024-09-11,buy,38.439998626708984,260.0,连续上涨
0,EXPE,2024-09-11,sell,128.6300048828125,-77.0,连续下跌
0,W,2024-09-11,buy,44.70000076293945,223.0,连续上涨
0,AR,2024-09-12,buy,26.56999969482422,376.0,连续上涨
0,UNF,2024-09-13,buy,187.64999389648438,53.0,多头排列
0,DAVE,2024-09-13,buy,36.150001525878906,276.0,均线收敛
0,KVYO,2024-09-16,buy,32.279998779296875,309.0,连续上涨
0,ADBE,2024-09-16,sell,521.5,-18.0,连续下跌
0,CF,2024-09-17,buy,79.47000122070312,125.0,连续上涨
0,EXPE,2024-09-18,buy,138.4600067138672,72.0,多头排列
0,CMCSA,2024-09-18,buy,38.209999084472656,261.0,连续上涨
0,CTSH,2024-09-18,sell,74.12000274658203,-150.0,连续下跌
0,NICE,2024-09-19,buy,165.8300018310547,60.0,连续上涨
0,PARR,2024-09-20,buy,19.350000381469727,516.0,成交量放大
0,SM,2024-09-20,buy,40.72999954223633,245.0,连续上涨
0,DINO,2024-09-20,buy,44.25,225.0,成交量放大
0,ERAS,2024-09-23,sell,2.5999999046325684,-3571.0,连续下跌
0,FIGS,2024-09-23,buy,6.039999961853027,1655.0,连续上涨
0,ROIV,2024-09-24,sell,11.6899995803833,-899.0,连续下跌
0,PARR,2024-09-25,sell,17.290000915527344,-516.0,空头排列
0,JKHY,2024-09-25,sell,167.99000549316406,-61.0,连续下跌
0,DINO,2024-09-25,sell,42.91999816894531,-225.0,空头排列
0,DKNG,2024-10-01,sell,38.25,-260.0,跌破半年线
0,WM,2024-10-01,buy,204.6999969482422,48.0,连续上涨
0,DNTH,2024-10-01,buy,27.8799991607666,358.0,连续上涨
0,JKHY,2024-10-01,buy,177.41000366210938,56.0,红三兵
0,APA,2024-10-01,buy,24.65999984741211,405.0,连续上涨
0,PATH,2024-10-02,sell,12.329999923706055,-848.0,连续下跌
0,W,2024-10-03,sell,52.43000030517578,-223.0,跌破半年线
0,DINO,2024-10-03,buy,45.70000076293945,218.0,连续上涨
0,INTA,2024-10-07,sell,43.849998474121094,-294.0,连续下跌
0,DNTH,2024-10-07,sell,26.479999542236328,-358.0,连续下跌
0,DNTH,2024-10-08,buy,27.989999771118164,357.0,均线收敛
0,W,2024-10-08,buy,56.939998626708984,175.0,多头排列
0,DINO,2024-10-08,sell,42.5099983215332,-218.0,空头排列
0,NICE,2024-10-09,sell,165.60000610351562,-60.0,空头排列
0,UNF,2024-10-10,sell,183.13999938964844,-53.0,连续下跌
0,GLPI,2024-10-10,sell,47.349998474121094,-248.0,连续下跌
0,ROIV,2024-10-10,buy,11.869999885559082,842.0,连续上涨
0,PATH,2024-10-10,buy,12.5600004196167,796.0,连续上涨
0,ERAS,2024-10-11,buy,2.75,3636.0,连续上涨
0,DNTH,2024-10-14,sell,25.43000030517578,-357.0,跌破半年线
0,NICE,2024-10-15,buy,177.72000122070312,56.0,连续上涨
0,DNTH,2024-10-15,buy,27.540000915527344,363.0,均线收敛
0,APA,2024-10-15,sell,23.850000381469727,-405.0,连续下跌
0,CTSH,2024-10-15,buy,76.1500015258789,131.0,连续上涨
0,SM,2024-10-16,sell,41.88999938964844,-245.0,空头排列
0,UNF,2024-10-17,buy,192.49000549316406,51.0,连续上涨
0,W,2024-10-17,sell,52.56999969482422,-175.0,跌破半年线
0,FFIV,2024-10-18,sell,217.47999572753906,-59.0,连续下跌
0,GLPI,2024-10-18,buy,48.400001525878906,206.0,多头排列
0,AR,2024-10-18,sell,26.84000015258789,-376.0,连续下跌
0,EBAY,2024-10-22,sell,62.18000030517578,-185.0,连续下跌
0,CF,2024-10-22,sell,81.88999938964844,-125.0,连续下跌
0,ERAS,2024-10-23,sell,2.5799999237060547,-3636.0,空头排列
0,UNF,2024-10-23,sell,182.60000610351562,-51.0,连续下跌
0,DAVE,2024-10-23,sell,40.279998779296875,-276.0,连续下跌
0,ROIV,2024-10-23,sell,11.619999885559082,-842.0,连续下跌
0,PATH,2024-10-23,sell,12.0600004196167,-796.0,连续下跌
0,INTA,2024-10-24,buy,49.9900016784668,200.0,连续上涨
0,ROIV,2024-10-24,buy,11.800000190734863,847.0,多头排列
0,CTSH,2024-10-24,sell,73.62999725341797,-131.0,连续下跌
0,LIN,2024-10-25,sell,467.8699951171875,-22.0,连续下跌
0,FDS,2024-10-25,sell,450.6600036621094,-24.0,连续下跌
0,NICE,2024-10-25,sell,174.3300018310547,-56.0,跌破半年线
0,WM,2024-10-25,sell,203.5800018310547,-48.0,跌破半年线
0,SM,2024-10-25,buy,42.880001068115234,233.0,均线收敛
0,GLPI,2024-10-25,sell,46.689998626708984,-206.0,连续下跌
0,AR,2024-10-25,buy,27.739999771118164,360.0,均线收敛
0,FIGS,2024-10-25,sell,6.190000057220459,-1655.0,连续下跌
0,NICE,2024-10-28,buy,179.89999389648438,55.0,连续上涨
0,FFIV,2024-10-28,buy,218.36000061035156,45.0,成交量放大
0,WM,2024-10-29,buy,215.8800048828125,46.0,多头排列
0,DNTH,2024-10-29,sell,27.75,-363.0,连续下跌
0,PATH,2024-10-29,buy,12.699999809265137,787.0,均线收敛
0,NICE,2024-10-31,sell,173.6999969482422,-55.0,跌破半年线
0,AR,2024-10-31,sell,25.8799991607666,-360.0,连续下跌
0,JKHY,2024-10-31,sell,179.63999938964844,-56.0,连续下跌
0,ERAS,2024-11-01,buy,2.7200000286102295,3676.0,突破半年线
0,PYPL,2024-11-01,sell,77.25,-156.0,连续下跌
0,SM,2024-11-01,sell,39.68000030517578,-233.0,连续下跌
0,FDS,2024-11-04,buy,457.5299987792969,21.0,多头排列
0,DNTH,2024-11-04,buy,28.280000686645508,353.0,多头排列
0,GLPI,2024-11-05,buy,47.70000076293945,209.0,均线收敛
0,DKNG,2024-11-06,buy,38.25,261.0,成交量放大
0,NICE,2024-11-06,buy,175.27999877929688,57.0,均线收敛
0,UNF,2024-11-06,buy,197.14999389648438,50.0,均线收敛
0,GLPI,2024-11-06,sell,45.959999084472656,-209.0,连续下跌
0,DAVE,2024-11-06,buy,45.869998931884766,218.0,多头排列
0,ADBE,2024-11-06,buy,504.8299865722656,19.0,连续上涨
0,KVYO,2024-11-07,sell,33.779998779296875,-309.0,连续下跌
0,FIGS,2024-11-07,buy,6.670000076293945,1499.0,多头排列
0,PYPL,2024-11-08,buy,83.01000213623047,120.0,多头排列
0,FIGS,2024-11-08,sell,4.78000020980835,-1499.0,跌破半年线
0,AR,2024-11-11,buy,31.670000076293945,315.0,连续上涨
0,EBAY,2024-11-11,buy,61.290000915527344,163.0,连续上涨
0,DNTH,2024-11-13,sell,26.350000381469727,-353.0,跌破半年线
0,CTSH,2024-11-13,buy,81.08999633789062,123.0,连续上涨
0,DINO,2024-11-14,buy,40.4900016784668,246.0,连续上涨
0,ERAS,2024-11-15,sell,2.6700000762939453,-3676.0,跌破半年线
0,NICE,2024-11-15,sell,172.6199951171875,-57.0,跌破半年线
0,NOK,2024-11-15,sell,4.340000152587891,-2645.0,连续下跌
0,ROIV,2024-11-15,sell,11.199999809265137,-847.0,跌破半年线
0,CF,2024-11-15,buy,85.56999969482422,116.0,连续上涨
0,SM,2024-11-18,buy,44.0,227.0,连续上涨
0,W,2024-11-18,buy,40.2599983215332,248.0,连续上涨
0,ADBE,2024-11-20,sell,499.5,-19.0,空头排列
0,GLPI,2024-11-21,buy,47.56999969482422,210.0,连续上涨
0,KVYO,2024-11-22,buy,36.88999938964844,271.0,多头排列
0,ROIV,2024-11-22,buy,12.529999732971191,798.0,连续上涨
0,APA,2024-11-22,buy,22.020000457763672,454.0,连续上涨
0,LIN,2024-11-26,buy,450.7099914550781,22.0,连续上涨
0,NICE,2024-11-26,buy,182.50999450683594,54.0,多头排列
0,DINO,2024-11-27,sell,39.47999954223633,-246.0,空头排列
0,JKHY,2024-11-29,buy,173.88999938964844,57.0,连续上涨
0,FIGS,2024-11-29,buy,5.190000057220459,1926.0,连续上涨
0,ERAS,2024-12-02,buy,3.2300000190734863,3095.0,多头排列
0,PARR,2024-12-02,buy,17.65999984741211,566.0,连续上涨
0,DNTH,2024-12-02,buy,25.700000762939453,389.0,连续上涨
0,PARR,2024-12-04,sell,16.229999542236328,-566.0,空头排列
0,SM,2024-12-04,sell,41.33000183105469,-227.0,跌破半年线
0,CMCSA,2024-12-04,sell,41.25,-261.0,连续下跌
0,ADBE,2024-12-04,buy,536.489990234375,18.0,突破半年线
0,LIN,2024-12-05,sell,444.0799865722656,-22.0,跌破半年线
0,NOK,2024-12-05,buy,4.190000057220459,2386.0,连续上涨
0,APA,2024-12-06,sell,20.670000076293945,-454.0,空头排列
0,BTSG,2024-12-06,sell,18.280000686645508,-880.0,连续下跌
0,MSI,2024-12-09,sell,474.54998779296875,-27.0,连续下跌
0,WM,2024-12-09,sell,215.0,-46.0,连续下跌
0,UNF,2024-12-09,sell,193.64999389648438,-50.0,连续下跌
0,DKNG,2024-12-10,sell,41.70000076293945,-261.0,连续下跌
0,AR,2024-12-10,sell,31.049999237060547,-315.0,连续下跌
0,ERAS,2024-12-11,sell,2.7799999713897705,-3095.0,跌破半年线
0,DNTH,2024-12-12,sell,23.5,-389.0,连续下跌
0,DAVE,2024-12-12,sell,85.98999786376953,-218.0,连续下跌
0,ROIV,2024-12-12,sell,11.880000114440918,-798.0,连续下跌
0,ADBE,2024-12-12,sell,474.6300048828125,-18.0,跌破半年线
0,BTSG,2024-12-13,buy,18.559999465942383,538.0,多头排列
0,ROIV,2024-12-16,buy,12.100000381469727,826.0,均线收敛
0,CF,2024-12-16,sell,85.18000030517578,-116.0,连续下跌
0,EXPE,2024-12-18,sell,175.02999877929688,-72.0,连续下跌
0,FDS,2024-12-18,sell,469.80999755859375,-21.0,连续下跌
0,GLPI,2024-12-18,sell,44.779998779296875,-210.0,连续下跌
0,BTSG,2024-12-18,sell,17.1299991607666,-538.0,连续下跌
0,ROIV,2024-12-19,sell,11.5,-826.0,跌破半年线
0,PATH,2024-12-19,sell,12.739999771118164,-787.0,连续下跌
0,NICE,2024-12-23,sell,173.6699981689453,-54.0,跌破半年线
0,ROIV,2024-12-23,buy,11.970000267028809,835.0,均线收敛
0,FDS,2024-12-24,buy,488.1099853515625,20.0,多头排列
0,W,2024-12-24,sell,44.75,-248.0,连续下跌
0,AR,2024-12-24,buy,33.25,300.0,连续上涨
0,EXPE,2024-12-26,buy,188.9199981689453,52.0,多头排列
0,EBAY,2024-12-27,sell,61.939998626708984,-163.0,连续下跌
0,PYPL,2024-12-30,sell,85.43000030517578,-120.0,连续下跌
0,ROIV,2024-12-30,sell,11.430000305175781,-835.0,跌破半年线
0,JKHY,2024-12-30,sell,173.33999633789062,-57.0,连续下跌
0,APA,2024-12-30,buy,21.670000076293945,461.0,连续上涨
0,CTSH,2024-12-30,sell,75.81999969482422,-123.0,连续下跌
0,INTA,2024-12-31,sell,64.08999633789062,-200.0,连续下跌
0,PARR,2024-12-31,buy,16.389999389648438,610.0,连续上涨
0,ERAS,2025-01-02,buy,2.700000047683716,3703.0,连续上涨
0,ROIV,2025-01-02,buy,12.079999923706055,827.0,多头排列
0,FDS,2025-01-03,sell,471.82000732421875,-20.0,连续下跌
0,SM,2025-01-03,buy,39.97999954223633,250.0,连续上涨
0,DNTH,2025-01-03,buy,25.1200008392334,398.0,连续上涨
0,CF,2025-01-03,buy,87.01000213623047,114.0,多头排列
0,BTSG,2025-01-03,buy,17.639999389648438,566.0,连续上涨
0,PYPL,2025-01-06,buy,89.52999877929688,111.0,连续上涨
0,W,2025-01-06,buy,48.4900016784668,206.0,连续上涨
0,ROIV,2025-01-06,sell,11.510000228881836,-827.0,跌破半年线
0,EXPE,2025-01-07,sell,181.1300048828125,-52.0,连续下跌
0,EBAY,2025-01-07,buy,62.29999923706055,160.0,均线收敛
0,WM,2025-01-08,buy,204.10000610351562,48.0,连续上涨
0,DKNG,2025-01-10,buy,39.4900016784668,253.0,连续上涨
0,ERAS,2025-01-10,sell,2.359999895095825,-3703.0,连续下跌
0,PYPL,2025-01-10,sell,83.36000061035156,-111.0,连续下跌
0,INTA,2025-01-10,buy,67.05000305175781,149.0,多头排列
0,DINO,2025-01-10,buy,34.380001068115234,290.0,连续上涨
0,LIN,2025-01-14,buy,422.7900085449219,23.0,连续上涨
0,DNTH,2025-01-14,sell,19.8799991607666,-398.0,连续下跌
0,W,2025-01-14,sell,42.709999084472656,-206.0,连续下跌
0,FIGS,2025-01-14,sell,5.78000020980835,-1926.0,连续下跌
0,PYPL,2025-01-15,buy,89.63999938964844,111.0,多头排列
0,EXPE,2025-01-16,buy,187.47000122070312,53.0,多头排列
0,KVYO,2025-01-16,sell,39.83000183105469,-271.0,连续下跌
0,NOK,2025-01-16,sell,4.320000171661377,-2386.0,连续下跌
0,MSI,2025-01-17,buy,461.5899963378906,21.0,均线收敛
0,NOK,2025-01-17,buy,4.389999866485596,2277.0,均线收敛
0,GLPI,2025-01-17,buy,45.72999954223633,218.0,连续上涨
0,W,2025-01-21,buy,48.630001068115234,205.0,均线收敛
0,DAVE,2025-01-21,buy,90.91999816894531,109.0,多头排列
0,JKHY,2025-01-21,buy,173.00999450683594,57.0,连续上涨
0,CTSH,2025-01-21,buy,77.5199966430664,128.0,连续上涨
0,EXPE,2025-01-22,sell,172.4499969482422,-53.0,连续下跌
0,KVYO,2025-01-22,buy,42.630001068115234,234.0,多头排列
0,ADBE,2025-01-23,buy,437.2799987792969,22.0,连续上涨
0,PATH,2025-01-23,buy,13.789999961853027,725.0,连续上涨
0,FDS,2025-01-24,buy,463.8800048828125,21.0,连续上涨
0,NICE,2025-01-27,buy,170.5800018310547,58.0,连续上涨
0,CMCSA,2025-01-27,buy,37.2400016784668,268.0,连续上涨
0,CMCSA,2025-01-30,sell,32.2599983215332,-268.0,连续下跌
0,ROIV,2025-01-30,buy,11.369999885559082,879.0,连续上涨
0,SM,2025-01-31,sell,37.560001373291016,-250.0,连续下跌
0,DNTH,2025-01-31,buy,22.149999618530273,451.0,连续上涨
0,ROIV,2025-01-31,sell,11.130000114440918,-879.0,连续下跌
0,APA,2025-01-31,sell,21.43000030517578,-461.0,连续下跌
0,W,2025-02-03,sell,45.91999816894531,-205.0,跌破半年线
0,PYPL,2025-02-04,sell,77.72000122070312,-111.0,跌破半年线
0,W,2025-02-04,buy,47.38999938964844,211.0,均线收敛
0,CF,2025-02-06,sell,82.62000274658203,-114.0,跌破半年线
0,EXPE,2025-02-07,buy,201.1699981689453,49.0,均线金叉
0,PARR,2025-02-07,sell,16.40999984741211,-610.0,连续下跌
0,W,2025-02-07,sell,43.7599983215332,-211.0,跌破半年线
0,PARR,2025-02-10,buy,17.489999771118164,571.0,均线收敛
0,FDS,2025-02-11,sell,451.0400085449219,-21.0,连续下跌
0,JKHY,2025-02-11,sell,169.22999572753906,-57.0,连续下跌
0,PARR,2025-02-12,sell,15.899999618530273,-571.0,连续下跌
0,W,2025-02-13,buy,47.59000015258789,210.0,均线收敛
0,CMCSA,2025-02-13,buy,34.38999938964844,290.0,连续上涨
0,MSI,2025-02-14,sell,434.8699951171875,-21.0,跌破半年线
0,APA,2025-02-14,buy,22.639999389648438,441.0,连续上涨
0,FDS,2025-02-19,buy,462.94000244140625,21.0,均线收敛
0,INTA,2025-02-20,sell,69.36000061035156,-149.0,连续下跌
0,NICE,2025-02-20,sell,153.58999633789062,-58.0,连续下跌
0,BTSG,2025-02-20,sell,20.399999618530273,-566.0,连续下跌
0,KVYO,2025-02-21,sell,41.849998474121094,-234.0,连续下跌
0,W,2025-02-21,sell,41.83000183105469,-210.0,空头排列
0,FIGS,2025-02-21,buy,5.46999979019165,1828.0,连续上涨
0,PATH,2025-02-21,sell,13.430000305175781,-725.0,连续下跌
0,AR,2025-02-24,sell,37.900001525878906,-300.0,连续下跌
0,JKHY,2025-02-24,buy,170.8699951171875,58.0,均线收敛
0,FDS,2025-02-26,sell,450.44000244140625,-21.0,空头排列
0,DNTH,2025-02-26,sell,20.610000610351562,-451.0,连续下跌
0,ADBE,2025-02-26,sell,441.5,-22.0,连续下跌
0,APA,2025-02-26,sell,21.510000228881836,-441.0,连续下跌
0,DINO,2025-02-26,sell,32.9900016784668,-290.0,连续下跌
0,FFIV,2025-02-27,sell,290.9700012207031,-45.0,连续下跌
0,EBAY,2025-02-27,sell,62.61000061035156,-160.0,跌破半年线
0,FDS,2025-02-28,buy,459.5400085449219,21.0,均线收敛
0,ROIV,2025-02-28,buy,10.739999771118164,931.0,连续上涨
0,FIGS,2025-02-28,sell,4.570000171661377,-1828.0,连续下跌
0,DKNG,2025-03-03,sell,41.59000015258789,-253.0,连续下跌
0,FDS,2025-03-03,sell,455.8900146484375,-21.0,连续下跌
0,DAVE,2025-03-03,sell,95.02999877929688,-109.0,连续下跌
0,ROIV,2025-03-03,sell,10.170000076293945,-931.0,连续下跌
0,EBAY,2025-03-06,buy,67.0,149.0,连续上涨
0,ERAS,2025-03-07,buy,1.5299999713897705,6535.0,连续上涨
0,DNTH,2025-03-07,buy,24.030000686645508,416.0,连续上涨
0,ADBE,2025-03-07,buy,449.3999938964844,22.0,连续上涨
0,EXPE,2025-03-10,sell,175.8000030517578,-49.0,连续下跌
0,ROIV,2025-03-10,buy,10.579999923706055,945.0,连续上涨
0,LIN,2025-03-11,sell,449.57000732421875,-23.0,连续下跌
0,WM,2025-03-11,sell,221.74000549316406,-48.0,连续下跌
0,CTSH,2025-03-11,sell,81.8499984741211,-128.0,连续下跌
0,CMCSA,2025-03-12,sell,34.20000076293945,-290.0,连续下跌
0,DNTH,2025-03-13,sell,21.280000686645508,-416.0,低于买入价10%
0,ADBE,2025-03-13,sell,377.8399963378906,-22.0,连续下跌
0,EBAY,2025-03-13,sell,63.380001068115234,-149.0,连续下跌
0,AR,2025-03-14,buy,37.56999969482422,266.0,连续上涨
0,NICE,2025-03-17,buy,151.0500030517578,66.0,连续上涨
0,PARR,2025-03-17,buy,14.729999542236328,678.0,连续上涨
0,WM,2025-03-17,buy,226.5399932861328,44.0,多头排列
0,SM,2025-03-17,buy,29.860000610351562,334.0,连续上涨
0,APA,2025-03-17,buy,19.530000686645508,512.0,连续上涨
0,DINO,2025-03-17,buy,32.47999954223633,307.0,均线收敛
0,MSI,2025-03-18,buy,419.7200012207031,23.0,连续上涨
0,PYPL,2025-03-20,buy,69.66999816894531,143.0,连续上涨
0,INTA,2025-03-20,buy,60.22999954223633,166.0,连续上涨
0,CMCSA,2025-03-20,buy,35.5099983215332,281.0,连续上涨
0,DAVE,2025-03-20,buy,87.79000091552734,113.0,连续上涨
0,JKHY,2025-03-20,sell,174.13999938964844,-58.0,跌破半年线
0,BTSG,2025-03-20,buy,18.1299991607666,551.0,连续上涨
0,LIN,2025-03-21,buy,455.3299865722656,21.0,连续上涨
0,DKNG,2025-03-21,buy,39.4900016784668,253.0,连续上涨
0,FFIV,2025-03-21,buy,268.3999938964844,37.0,成交量放大
0,EBAY,2025-03-21,buy,65.19999694824219,153.0,成交量放大
0,KVYO,2025-03-24,buy,33.939998626708984,294.0,连续上涨
0,W,2025-03-24,buy,37.86000061035156,264.0,连续上涨
0,FIGS,2025-03-24,buy,4.840000152587891,2066.0,连续上涨
0,PATH,2025-03-24,buy,11.210000038146973,892.0,连续上涨
0,JKHY,2025-03-26,buy,178.22999572753906,56.0,多头排列
0,FDS,2025-03-27,buy,447.0299987792969,22.0,突破年线
0,PYPL,2025-03-27,sell,68.86000061035156,-143.0,连续下跌
0,CF,2025-03-27,buy,76.9800033569336,129.0,连续上涨
0,DKNG,2025-03-28,sell,35.290000915527344,-253.0,连续下跌
0,SM,2025-03-28,sell,29.0,-334.0,连续下跌
0,W,2025-03-28,sell,33.849998474121094,-264.0,低于买入价10%
0,ROIV,2025-03-28,sell,10.380000114440918,-945.0,连续下跌
0,ERAS,2025-03-31,sell,1.3700000047683716,-6535.0,低于买入价10%
0,KVYO,2025-03-31,sell,30.260000228881836,-294.0,低于买入价10%
0,INTA,2025-04-03,sell,54.689998626708984,-166.0,连续下跌
0,NOK,2025-04-03,sell,4.889999866485596,-2277.0,连续下跌
0,FFIV,2025-04-03,sell,250.97999572753906,-37.0,连续下跌
0,CMCSA,2025-04-03,sell,35.060001373291016,-281.0,连续下跌
0,DAVE,2025-04-03,sell,79.38999938964844,-113.0,连续下跌
0,FIGS,2025-04-03,sell,3.930000066757202,-2066.0,连续下跌
0,APA,2025-04-03,sell,17.239999771118164,-512.0,连续下跌
0,DINO,2025-04-03,sell,28.260000228881836,-307.0,空头排列
0,LIN,2025-04-04,sell,434.9599914550781,-21.0,连续下跌
0,FDS,2025-04-04,sell,413.989990234375,-22.0,空头排列
0,MSI,2025-04-04,sell,399.95001220703125,-23.0,连续下跌
0,NICE,2025-04-04,sell,141.3000030517578,-66.0,连续下跌
0,PARR,2025-04-04,sell,12.920000076293945,-678.0,低于买入价10%
0,WM,2025-04-04,sell,223.5500030517578,-44.0,连续下跌
0,GLPI,2025-04-04,sell,46.33000183105469,-218.0,连续下跌
0,AR,2025-04-04,sell,33.459999084472656,-266.0,连续下跌
0,JKHY,2025-04-04,sell,171.4600067138672,-56.0,跌破半年线
0,PATH,2025-04-04,sell,10.039999961853027,-892.0,低于买入价10%
0,EBAY,2025-04-04,sell,61.81999969482422,-153.0,连续下跌
0,CF,2025-04-04,sell,72.06999969482422,-129.0,连续下跌
0,BTSG,2025-04-08,sell,16.389999389648438,-551.0,连续下跌
0,FFIV,2025-04-09,buy,264.1400146484375,37.0,均线收敛
0,PATH,2025-04-09,buy,11.079999923706055,902.0,连续上涨
0,NICE,2025-04-11,buy,152.61000061035156,65.0,连续上涨
0,DAVE,2025-04-11,buy,83.02999877929688,120.0,连续上涨
0,WM,2025-04-14,buy,230.64999389648438,43.0,多头排列
0,DNTH,2025-04-14,buy,18.709999084472656,534.0,连续上涨
0,ROIV,2025-04-14,buy,10.1899995803833,981.0,连续上涨
0,EBAY,2025-04-14,buy,65.48999786376953,152.0,均线收敛
0,EXPE,2025-04-15,buy,150.7899932861328,66.0,连续上涨
0,FDS,2025-04-15,buy,434.0299987792969,23.0,红三兵
0,MSI,2025-04-15,buy,428.4599914550781,23.0,突破年线
0,UNF,2025-04-15,buy,173.91000366210938,57.0,连续上涨
0,KVYO,2025-04-15,buy,26.670000076293945,374.0,连续上涨
0,NOK,2025-04-15,buy,5.050000190734863,1980.0,多头排列
0,GLPI,2025-04-15,buy,47.25,211.0,连续上涨
0,FIGS,2025-04-15,buy,4.269999980926514,2341.0,连续上涨
0,CTSH,2025-04-15,buy,70.63999938964844,141.0,连续上涨
0,PYPL,2025-04-17,buy,61.0,163.0,连续上涨
0,SM,2025-04-17,buy,22.829999923706055,438.0,连续上涨
0,W,2025-04-17,buy,26.610000610351562,375.0,连续上涨
0,DINO,2025-04-17,buy,28.030000686645508,356.0,连续上涨
0,FIGS,2025-04-21,sell,3.809999942779541,-2341.0,低于买入价10%
0,CF,2025-04-21,buy,74.12999725341797,134.0,连续上涨
0,LIN,2025-04-22,buy,451.6099853515625,22.0,连续上涨
0,ERAS,2025-04-22,buy,1.3799999952316284,7246.0,连续上涨
0,APA,2025-04-22,buy,15.609999656677246,640.0,连续上涨
0,INTA,2025-04-23,buy,51.88999938964844,192.0,突破年线
0,AR,2025-04-23,buy,34.290000915527344,291.0,连续上涨
0,PARR,2025-04-24,buy,14.539999961853027,687.0,连续上涨
0,WM,2025-04-25,sell,226.66000366210938,-43.0,连续下跌
0,ADBE,2025-04-29,buy,370.9800109863281,26.0,连续上涨
0,WM,2025-04-30,buy,231.7100067138672,43.0,多头排列
0,GLPI,2025-04-30,sell,46.29999923706055,-211.0,连续下跌
0,JKHY,2025-04-30,buy,172.27000427246094,58.0,连续上涨
0,BTSG,2025-04-30,buy,17.530000686645508,570.0,连续上涨
0,MSI,2025-05-02,sell,404.239990234375,-23.0,空头排列
0,SM,2025-05-05,sell,20.799999237060547,-438.0,连续下跌
0,CMCSA,2025-05-05,buy,33.790000915527344,295.0,连续上涨
0,ERAS,2025-05-07,sell,1.2200000286102295,-7246.0,低于买入价10%
0,DKNG,2025-05-08,buy,35.349998474121094,282.0,连续上涨
0,INTA,2025-05-09,sell,53.900001525878906,-192.0,空头排列
0,WM,2025-05-12,sell,223.9199981689453,-43.0,连续下跌
0,LIN,2025-05-14,sell,442.9700012207031,-22.0,连续下跌
0,DNTH,2025-05-14,sell,18.899999618530273,-534.0,连续下跌
0,LIN,2025-05-15,buy,451.2200012207031,22.0,均线收敛
0,MSI,2025-05-19,buy,423.1099853515625,23.0,连续上涨
0,WM,2025-05-21,buy,232.4600067138672,43.0,多头排列
0,ROIV,2025-05-28,sell,10.619999885559082,-981.0,连续下跌
0,ERAS,2025-05-29,buy,1.4500000476837158,6896.0,连续上涨
0,MSI,2025-05-29,sell,416.25,-23.0,连续下跌
0,ROIV,2025-05-29,buy,11.300000190734863,884.0,连续上涨
0,GLPI,2025-05-30,buy,45.13999938964844,221.0,连续上涨
0,DKNG,2025-06-02,sell,33.72999954223633,-282.0,连续下跌
0,MSI,2025-06-03,buy,420.0299987792969,23.0,均线收敛
0,MSI,2025-06-04,sell,415.2200012207031,-23.0,空头排列
0,CMCSA,2025-06-04,sell,33.779998779296875,-295.0,连续下跌
0,FIGS,2025-06-04,buy,5.099999904632568,1960.0,连续上涨
0,FDS,2025-06-05,sell,430.3800048828125,-23.0,连续下跌
0,INTA,2025-06-06,buy,58.22999954223633,171.0,连续上涨
0,JKHY,2025-06-09,sell,179.3800048828125,-58.0,连续下跌
0,DKNG,2025-06-10,buy,37.560001373291016,266.0,连续上涨
0,CMCSA,2025-06-10,buy,34.959999084472656,286.0,均线金叉
0,BTSG,2025-06-10,sell,22.239999771118164,-570.0,连续下跌
0,SM,2025-06-11,buy,26.600000381469727,375.0,连续上涨
0,DNTH,2025-06-12,buy,19.290000915527344,518.0,连续上涨
0,KVYO,2025-06-12,sell,33.61000061035156,-374.0,连续下跌
0,JKHY,2025-06-12,buy,179.60000610351562,55.0,均线收敛
0,EXPE,2025-06-13,sell,165.22999572753906,-66.0,连续下跌
0,PYPL,2025-06-13,sell,70.83000183105469,-163.0,连续下跌
0,INTA,2025-06-13,sell,53.470001220703125,-171.0,连续下跌
0,UNF,2025-06-13,sell,184.10000610351562,-57.0,连续下跌
0,JKHY,2025-06-13,sell,178.52000427246094,-55.0,连续下跌
0,ADBE,2025-06-13,sell,391.67999267578125,-26.0,连续下跌
0,PATH,2025-06-13,sell,12.239999771118164,-902.0,连续下跌
0,CTSH,2025-06-13,sell,78.63999938964844,-141.0,连续下跌
0,JKHY,2025-06-16,buy,180.05999755859375,55.0,均线收敛
0,CTSH,2025-06-16,buy,79.83999633789062,125.0,均线收敛
0,DNTH,2025-06-17,sell,17.270000457763672,-518.0,低于买入价10%
0,NOK,2025-06-17,sell,5.099999904632568,-1980.0,连续下跌
0,CTSH,2025-06-17,sell,79.4000015258789,-125.0,连续下跌
0,NICE,2025-06-18,sell,165.3300018310547,-65.0,连续下跌
0,FFIV,2025-06-18,sell,286.4800109863281,-37.0,连续下跌
0,WM,2025-06-20,sell,231.1199951171875,-43.0,连续下跌
0,JKHY,2025-06-20,sell,177.6999969482422,-55.0,连续下跌
0,WM,2025-06-23,buy,233.8800048828125,42.0,均线收敛
0,FFIV,2025-06-23,buy,295.0899963378906,33.0,连续上涨
0,EXPE,2025-06-24,buy,168.82000732421875,59.0,均线收敛
0,MSI,2025-06-24,buy,417.260009765625,23.0,连续上涨
0,WM,2025-06-24,sell,233.32000732421875,-42.0,连续下跌
0,LIN,2025-06-25,sell,458.70001220703125,-22.0,连续下跌
0,FDS,2025-06-25,buy,438.7699890136719,22.0,连续上涨
0,CF,2025-06-25,sell,90.9000015258789,-134.0,连续下跌
0,ERAS,2025-06-26,sell,1.2599999904632568,-6896.0,低于买入价10%
0,PATH,2025-06-26,buy,12.770000457763672,783.0,连续上涨
0,BTSG,2025-06-26,buy,23.079999923706055,433.0,连续上涨
0,DNTH,2025-06-27,buy,17.6299991607666,567.0,成交量放大
0,UNF,2025-06-30,buy,187.8699951171875,53.0,连续上涨
0,LIN,2025-07-01,buy,475.25,21.0,多头排列
0,NOK,2025-07-01,buy,5.179999828338623,1930.0,连续上涨
0,AR,2025-07-01,sell,37.65999984741211,-291.0,连续下跌
0,ROIV,2025-07-01,sell,10.9399995803833,-884.0,连续下跌
0,ERAS,2025-07-02,buy,1.4500000476837158,6896.0,均线收敛
0,PYPL,2025-07-02,buy,76.30999755859375,131.0,连续上涨
0,UNF,2025-07-02,sell,170.72000122070312,-53.0,连续下跌
0,BTSG,2025-07-02,sell,22.0,-433.0,连续下跌
0,KVYO,2025-07-07,buy,33.86000061035156,295.0,连续上涨
0,NOK,2025-07-07,sell,5.079999923706055,-1930.0,连续下跌
0,NICE,2025-07-08,buy,171.97999572753906,58.0,连续上涨
0,CTSH,2025-07-08,buy,80.4000015258789,124.0,连续上涨
0,CF,2025-07-09,buy,98.25,101.0,多头排列
0,NICE,2025-07-10,sell,163.00999450683594,-58.0,连续下跌
0,KVYO,2025-07-10,sell,32.5,-295.0,连续下跌
0,ROIV,2025-07-10,buy,11.569999694824219,864.0,多头排列
0,CTSH,2025-07-10,sell,76.41999816894531,-124.0,连续下跌
0,PYPL,2025-07-11,sell,71.36000061035156,-131.0,连续下跌
0,FFIV,2025-07-11,sell,291.8900146484375,-33.0,连续下跌
0,DAVE,2025-07-11,sell,202.66000366210938,-120.0,连续下跌
0,PATH,2025-07-11,sell,12.350000381469727,-783.0,连续下跌
0,WM,2025-07-14,buy,228.47999572753906,43.0,连续上涨
0,LIN,2025-07-15,sell,459.05999755859375,-21.0,连续下跌
0,CMCSA,2025-07-15,sell,34.38999938964844,-286.0,跌破半年线
0,APA,2025-07-15,sell,18.399999618530273,-640.0,连续下跌
0,CF,2025-07-16,sell,92.0999984741211,-101.0,连续下跌
0,UNF,2025-07-17,buy,177.47999572753906,56.0,连续上涨
0,LIN,2025-07-21,buy,468.92999267578125,21.0,均线收敛
0,SM,2025-07-21,sell,25.719999313354492,-375.0,连续下跌
0,GLPI,2025-07-21,sell,45.849998474121094,-221.0,连续下跌
0,CMCSA,2025-07-21,buy,34.68000030517578,288.0,均线收敛
0,FDS,2025-07-22,sell,416.1300048828125,-22.0,连续下跌
0,GLPI,2025-07-22,buy,46.61000061035156,214.0,均线收敛
0,GLPI,2025-07-23,sell,46.349998474121094,-214.0,跌破半年线
0,BTSG,2025-07-23,buy,21.299999237060547,469.0,连续上涨
0,SM,2025-07-24,buy,27.780000686645508,359.0,多头排列
0,APA,2025-07-24,buy,19.299999237060547,518.0,多头排列
0,PYPL,2025-07-25,buy,77.9800033569336,128.0,连续上涨
0,NICE,2025-07-25,buy,162.4199981689453,61.0,连续上涨
0,KVYO,2025-07-25,buy,33.040000915527344,302.0,连续上涨
0,CMCSA,2025-07-25,sell,33.349998474121094,-288.0,跌破半年线
0,FFIV,2025-07-28,buy,301.6300048828125,33.0,连续上涨
0,ROIV,2025-07-28,sell,11.350000381469727,-864.0,连续下跌
0,PYPL,2025-07-29,sell,71.44999694824219,-128.0,连续下跌
0,ROIV,2025-07-29,buy,11.420000076293945,875.0,均线收敛
0,UNF,2025-07-30,sell,170.02000427246094,-56.0,连续下跌
0,KVYO,2025-07-30,sell,31.59000015258789,-302.0,连续下跌
0,DAVE,2025-07-30,buy,240.1999969482422,41.0,连续上涨
0,ERAS,2025-07-31,sell,1.4199999570846558,-6896.0,连续下跌
0,NICE,2025-08-01,sell,152.61000061035156,-61.0,连续下跌
0,PARR,2025-08-01,sell,29.979999542236328,-687.0,连续下跌
0,SM,2025-08-01,sell,26.65999984741211,-359.0,跌破半年线
0,DINO,2025-08-01,sell,41.86000061035156,-356.0,连续下跌
0,GLPI,2025-08-04,buy,46.29999923706055,215.0,均线收敛
0,APA,2025-08-04,sell,18.270000457763672,-518.0,跌破半年线
0,BTSG,2025-08-04,sell,19.360000610351562,-469.0,连续下跌
0,DNTH,2025-08-06,sell,20.389999389648438,-567.0,连续下跌
0,DAVE,2025-08-06,sell,196.11000061035156,-41.0,连续下跌
0,DKNG,2025-08-08,sell,42.880001068115234,-266.0,连续下跌
0,BTSG,2025-08-08,buy,20.780000686645508,481.0,均线收敛
0,GLPI,2025-08-11,sell,44.7599983215332,-215.0,连续下跌
0,ROIV,2025-08-11,sell,11.170000076293945,-875.0,跌破年线
0,ERAS,2025-08-12,buy,1.559999942779541,6410.0,均线收敛
0,ROIV,2025-08-12,buy,11.569999694824219,864.0,均线收敛
0,UNF,2025-08-13,buy,177.58999633789062,56.0,连续上涨
0,NOK,2025-08-13,buy,4.190000057220459,2386.0,连续上涨
0,APA,2025-08-13,buy,20.559999465942383,486.0,多头排列
0,DNTH,2025-08-15,buy,20.739999771118164,482.0,多头排列
0,CMCSA,2025-08-15,buy,33.119998931884766,301.0,连续上涨
0,PYPL,2025-08-18,buy,69.52999877929688,143.0,连续上涨
0,WM,2025-08-18,sell,223.3800048828125,-43.0,连续下跌
0,GLPI,2025-08-18,buy,45.77000045776367,218.0,均线收敛
0,ADBE,2025-08-18,buy,357.239990234375,27.0,连续上涨
0,FDS,2025-08-20,buy,386.5400085449219,25.0,连续上涨
0,PARR,2025-08-20,buy,31.75,314.0,连续上涨
0,JKHY,2025-08-20,buy,163.22000122070312,61.0,连续上涨
0,DINO,2025-08-20,buy,46.09000015258789,216.0,连续上涨
0,DKNG,2025-08-21,buy,46.09000015258789,216.0,多头排列
0,PATH,2025-08-21,buy,10.890000343322754,918.0,连续上涨
0,CTSH,2025-08-21,buy,71.08000183105469,140.0,连续上涨
0,SM,2025-08-22,buy,27.780000686645508,359.0,连续上涨
0,KVYO,2025-08-22,buy,32.77000045776367,305.0,连续上涨
0,CF,2025-08-22,buy,86.51000213623047,115.0,连续上涨
0,PYPL,2025-08-25,sell,69.4800033569336,-143.0,连续下跌
0,INTA,2025-08-26,buy,45.040000915527344,222.0,红三兵
0,DAVE,2025-08-26,buy,208.2100067138672,48.0,连续上涨
0,PYPL,2025-08-28,buy,70.05999755859375,142.0,均线收敛
0,NICE,2025-08-28,buy,142.6999969482422,70.0,连续上涨
0,EBAY,2025-08-29,sell,90.61000061035156,-152.0,连续下跌
0,FFIV,2025-09-02,sell,306.7300109863281,-33.0,连续下跌
0,AR,2025-09-02,buy,32.45000076293945,308.0,连续上涨
0,ERAS,2025-09-03,sell,1.4299999475479126,-6410.0,连续下跌
0,CF,2025-09-03,sell,84.7699966430664,-115.0,连续下跌
0,ERAS,2025-09-05,buy,1.6100000143051147,6211.0,多头排列
0,FFIV,2025-09-05,buy,315.8900146484375,31.0,多头排列
0,PYPL,2025-09-08,sell,68.4000015258789,-142.0,空头排列
0,UNF,2025-09-09,sell,173.1300048828125,-56.0,连续下跌
0,JKHY,2025-09-10,sell,159.10000610351562,-61.0,连续下跌
0,CF,2025-09-10,buy,86.9000015258789,115.0,突破年线
0,DKNG,2025-09-15,sell,42.83000183105469,-216.0,连续下跌
0,FDS,2025-09-15,sell,344.42999267578125,-25.0,连续下跌
0,SM,2025-09-15,sell,26.06999969482422,-359.0,连续下跌
0,CMCSA,2025-09-15,sell,32.290000915527344,-301.0,连续下跌
0,CTSH,2025-09-15,sell,68.58999633789062,-140.0,连续下跌
0,SM,2025-09-16,buy,27.40999984741211,364.0,均线收敛
0,CF,2025-09-18,sell,84.0999984741211,-115.0,空头排列
0,SM,2025-09-19,sell,25.65999984741211,-364.0,连续下跌
0,GLPI,2025-09-22,sell,45.77000045776367,-218.0,跌破年线
0,INTA,2025-09-23,sell,43.470001220703125,-222.0,连续下跌
0,CF,2025-09-23,buy,87.13999938964844,114.0,突破半年线
0,WM,2025-09-24,buy,219.4199981689453,45.0,连续上涨
0,FIGS,2025-09-24,sell,6.78000020980835,-1960.0,连续下跌
0,MSI,2025-09-25,sell,455.7300109863281,-23.0,连续下跌
0,KVYO,2025-09-29,sell,31.489999771118164,-305.0,连续下跌
0,DAVE,2025-09-29,sell,210.8699951171875,-48.0,连续下跌
0,LIN,2025-10-01,sell,466.80999755859375,-21.0,连续下跌
0,PARR,2025-10-01,sell,34.90999984741211,-314.0,连续下跌
0,ADBE,2025-10-01,sell,343.7200012207031,-27.0,连续下跌
0,NICE,2025-10-02,sell,138.2100067138672,-70.0,连续下跌
0,FIGS,2025-10-02,buy,7.340000152587891,1362.0,多头排列
0,UNF,2025-10-03,buy,168.91000366210938,59.0,连续上涨
0,PYPL,2025-10-06,buy,71.29000091552734,140.0,突破半年线
0,UNF,2025-10-07,sell,164.67999267578125,-59.0,连续下跌
0,DINO,2025-10-07,sell,51.97999954223633,-216.0,连续下跌
0,EXPE,2025-10-08,sell,212.41000366210938,-59.0,连续下跌
0,DNTH,2025-10-08,sell,34.75,-482.0,连续下跌
0,W,2025-10-08,sell,82.44999694824219,-375.0,连续下跌
0,AR,2025-10-10,sell,31.600000381469727,-308.0,连续下跌
0,JKHY,2025-10-10,buy,151.5399932861328,65.0,连续上涨
0,APA,2025-10-10,sell,21.940000534057617,-486.0,连续下跌
0,CF,2025-10-10,sell,87.33999633789062,-114.0,跌破半年线
0,DAVE,2025-10-14,buy,216.25,46.0,多头排列
0,PYPL,2025-10-15,sell,67.9800033569336,-140.0,连续下跌
0,WM,2025-10-15,sell,213.69000244140625,-45.0,连续下跌
0,FFIV,2025-10-16,sell,295.3500061035156,-31.0,跌破半年线
0,UNF,2025-10-17,buy,168.2899932861328,59.0,连续上涨
0,FDS,2025-10-20,buy,290.4100036621094,34.0,连续上涨
0,EBAY,2025-10-20,buy,95.6500015258789,104.0,连续上涨
0,EXPE,2025-10-21,buy,226.13999938964844,44.0,连续上涨
0,KVYO,2025-10-21,buy,26.200000762939453,381.0,连续上涨
0,ADBE,2025-10-21,buy,357.54998779296875,27.0,连续上涨
0,PARR,2025-10-23,buy,40.279998779296875,248.0,连续上涨
0,APA,2025-10-23,buy,24.6200008392334,406.0,红三兵
0,NICE,2025-10-27,buy,134.52999877929688,74.0,连续上涨
0,W,2025-10-27,buy,86.44999694824219,115.0,连续上涨
0,CTSH,2025-10-27,buy,68.05000305175781,146.0,连续上涨
0,PYPL,2025-10-28,buy,73.0199966430664,136.0,成交量放大
0,FDS,2025-10-29,sell,266.8900146484375,-34.0,连续下跌
0,UNF,2025-10-29,sell,155.55999755859375,-59.0,连续下跌
0,DINO,2025-10-29,buy,53.959999084472656,185.0,连续上涨
0,EBAY,2025-10-30,sell,83.7300033569336,-104.0,连续下跌
0,EXPE,2025-11-03,sell,215.61000061035156,-44.0,连续下跌
0,GLPI,2025-11-03,buy,45.470001220703125,219.0,均线收敛
0,AR,2025-11-03,buy,33.13999938964844,301.0,均线收敛
0,ADBE,2025-11-03,sell,337.4700012207031,-27.0,连续下跌
0,APA,2025-11-03,sell,22.489999771118164,-406.0,连续下跌
0,PYPL,2025-11-04,sell,66.08000183105469,-136.0,连续下跌
0,NICE,2025-11-04,sell,129.8699951171875,-74.0,连续下跌
0,PATH,2025-11-04,sell,14.270000457763672,-918.0,连续下跌
0,ERAS,2025-11-05,sell,2.200000047683716,-6211.0,连续下跌
0,DNTH,2025-11-06,buy,36.43000030517578,274.0,多头排列
0,EXPE,2025-11-07,buy,258.25,38.0,多头排列
0,INTA,2025-11-10,buy,40.189998626708984,248.0,连续上涨
0,APA,2025-11-10,buy,24.350000381469727,410.0,连续上涨
0,CMCSA,2025-11-11,buy,27.450000762939453,364.0,连续上涨
0,DKNG,2025-11-12,buy,31.510000228881836,317.0,连续上涨
0,ERAS,2025-11-12,buy,2.6500000953674316,3773.0,多头排列
0,FDS,2025-11-13,buy,277.94000244140625,35.0,连续上涨
0,WM,2025-11-13,buy,204.50999450683594,48.0,连续上涨
0,UNF,2025-11-13,buy,159.2100067138672,62.0,连续上涨
0,DAVE,2025-11-13,sell,216.24000549316406,-46.0,跌破半年线
0,NICE,2025-11-14,buy,133.3800048828125,74.0,连续上涨
0,CF,2025-11-14,buy,85.04000091552734,117.0,均线收敛
0,NICE,2025-11-17,sell,120.86000061035156,-74.0,连续下跌
0,GLPI,2025-11-17,sell,43.959999084472656,-219.0,空头排列
0,CF,2025-11-17,sell,80.69000244140625,-117.0,连续下跌
0,SM,2025-11-19,buy,19.040000915527344,525.0,连续上涨
0,NOK,2025-11-20,sell,5.869999885559082,-2386.0,连续下跌
0,AR,2025-11-20,sell,33.31999969482422,-301.0,跌破半年线
0,APA,2025-11-20,sell,23.3799991607666,-410.0,连续下跌
0,DINO,2025-11-20,sell,52.20000076293945,-185.0,连续下跌
0,AR,2025-11-21,buy,33.54999923706055,298.0,均线收敛
0,FDS,2025-11-24,sell,271.760009765625,-35.0,连续下跌
0,FDS,2025-11-25,buy,278.7300109863281,35.0,连续上涨
0,AR,2025-11-25,sell,34.0,-298.0,跌破半年线
0,AR,2025-11-26,buy,35.119998931884766,284.0,多头排列
0,APA,2025-11-26,buy,24.670000076293945,405.0,多头排列
0,FFIV,2025-12-01,buy,238.57000732421875,41.0,连续上涨
0,ADBE,2025-12-02,buy,322.80999755859375,30.0,连续上涨
0,PATH,2025-12-02,buy,14.300000190734863,699.0,连续上涨
0,W,2025-12-03,sell,95.19999694824219,-115.0,连续下跌
0,NICE,2025-12-04,buy,107.66999816894531,92.0,连续上涨
0,MSI,2025-12-05,buy,374.3900146484375,26.0,连续上涨
0,EBAY,2025-12-08,buy,83.8499984741211,119.0,连续上涨
0,PARR,2025-12-09,sell,43.09000015258789,-248.0,连续下跌
0,LIN,2025-12-12,buy,416.239990234375,24.0,连续上涨
0,AR,2025-12-12,sell,35.189998626708984,-284.0,跌破年线
0,INTA,2025-12-15,sell,42.529998779296875,-248.0,连续下跌
0,GLPI,2025-12-15,buy,44.029998779296875,227.0,连续上涨
0,SM,2025-12-16,sell,18.270000457763672,-525.0,连续下跌
0,NOK,2025-12-16,buy,6.289999961853027,1589.0,连续上涨
0,APA,2025-12-16,sell,23.959999084472656,-405.0,连续下跌
0,EBAY,2025-12-16,sell,81.66999816894531,-119.0,连续下跌
0,INTA,2025-12-17,buy,45.880001068115234,217.0,多头排列
0,W,2025-12-17,buy,102.47000122070312,97.0,多头排列
0,DAVE,2025-12-18,buy,208.77999877929688,47.0,均线收敛
0,CF,2025-12-23,buy,78.13999938964844,127.0,连续上涨
0,EBAY,2025-12-29,buy,87.73999786376953,113.0,红三兵
0,DNTH,2025-12-30,sell,40.959999084472656,-274.0,连续下跌
0,INTA,2026-01-02,sell,43.869998931884766,-217.0,连续下跌
0,DINO,2026-01-05,buy,49.27000045776367,202.0,连续上涨
0,PARR,2026-01-08,buy,37.77000045776367,264.0,连续上涨
0,KVYO,2026-01-08,sell,28.040000915527344,-381.0,连续下跌
0,APA,2026-01-08,buy,25.3700008392334,394.0,连续上涨
0,ADBE,2026-01-12,sell,327.6499938964844,-30.0,连续下跌
0,DKNG,2026-01-13,sell,34.04999923706055,-317.0,连续下跌
0,DNTH,2026-01-13,buy,44.86000061035156,222.0,多头排列
0,DAVE,2026-01-13,sell,211.72000122070312,-47.0,跌破半年线
0,PATH,2026-01-14,sell,15.369999885559082,-699.0,连续下跌
0,EXPE,2026-01-20,sell,272.1499938964844,-38.0,连续下跌
0,CTSH,2026-01-20,sell,82.20999908447266,-146.0,连续下跌
0,AR,2026-01-21,buy,34.2400016784668,292.0,连续上涨
0,FIGS,2026-01-21,sell,11.579999923706055,-1362.0,连续下跌
0,PARR,2026-01-22,sell,35.9900016784668,-264.0,连续下跌
0,SM,2026-01-22,buy,18.75,533.0,连续上涨
0,FDS,2026-01-23,sell,286.67999267578125,-35.0,连续下跌
0,FFIV,2026-01-23,sell,259.260009765625,-41.0,连续下跌
0,JKHY,2026-01-23,sell,185.11000061035156,-65.0,连续下跌
0,NICE,2026-01-28,sell,111.13999938964844,-92.0,连续下跌
0,NOK,2026-01-29,sell,6.289999961853027,-1589.0,连续下跌
0,ROIV,2026-01-30,sell,21.6200008392334,-864.0,连续下跌
0,GLPI,2026-02-02,sell,44.369998931884766,-227.0,连续下跌
0,PARR,2026-02-03,buy,39.25,254.0,连续上涨
0,W,2026-02-03,sell,104.38999938964844,-97.0,连续下跌
0,BTSG,2026-02-03,sell,39.02000045776367,-481.0,连续下跌
0,NOK,2026-02-04,buy,6.800000190734863,1470.0,多头排列
0,EBAY,2026-02-04,sell,85.83999633789062,-113.0,连续下跌
0,NICE,2026-02-06,buy,111.86000061035156,89.0,连续上涨
0,UNF,2026-02-06,sell,201.35000610351562,-62.0,连续下跌
0,ROIV,2026-02-06,buy,25.81999969482422,387.0,多头排列
0,GLPI,2026-02-10,buy,46.400001525878906,215.0,连续上涨
0,UNF,2026-02-11,buy,235.0800018310547,42.0,多头排列
0,NICE,2026-02-12,sell,105.69000244140625,-89.0,连续下跌
0,PYPL,2026-02-19,buy,41.72999954223633,239.0,连续上涨
0,FIGS,2026-02-19,buy,11.109999656677246,900.0,连续上涨
0,BTSG,2026-02-20,buy,41.060001373291016,243.0,连续上涨
0,DINO,2026-02-23,sell,49.59000015258789,-202.0,连续下跌
0,FDS,2026-02-24,buy,201.49000549316406,49.0,连续上涨
0,WM,2026-02-24,sell,229.5800018310547,-48.0,连续下跌
0,DKNG,2026-02-26,buy,23.489999771118164,425.0,连续上涨
0,DAVE,2026-02-26,buy,192.3300018310547,51.0,突破年线
0,EBAY,2026-02-26,buy,87.9000015258789,113.0,连续上涨
0,WM,2026-02-27,buy,240.83999633789062,41.0,多头排列
0,JKHY,2026-02-27,buy,162.4600067138672,61.0,连续上涨
0,EXPE,2026-03-02,buy,213.24000549316406,46.0,连续上涨
0,INTA,2026-03-02,buy,23.440000534057617,426.0,连续上涨
0,FFIV,2026-03-02,buy,278.0,35.0,连续上涨
0,ADBE,2026-03-02,buy,260.8800048828125,38.0,连续上涨
0,DINO,2026-03-02,buy,53.810001373291016,185.0,均线收敛
0,NICE,2026-03-03,buy,123.5,80.0,连续上涨
0,KVYO,2026-03-03,buy,18.8700008392334,529.0,连续上涨
0,W,2026-03-03,buy,75.4800033569336,132.0,连续上涨
0,CTSH,2026-03-03,buy,64.33999633789062,155.0,连续上涨
0,PATH,2026-03-04,buy,11.069999694824219,903.0,连续上涨
