symbol,mkt_code
SZ302132,0
SZ301678,0
SZ301668,0
SZ301665,0
SZ301662,0
SZ301658,0
SZ301656,0
SZ301638,0
SZ301636,0
SZ301633,0
SZ301632,0
SZ301631,0
SZ301630,0
SZ301629,0
SZ301628,0
SZ301626,0
SZ301622,0
SZ301618,0
SZ301617,0
SZ301616,0
SZ301613,0
SZ301611,0
SZ301609,0
SZ301608,0
SZ301607,0
SZ301606,0
SZ301603,0
SZ301602,0
SZ301601,0
SZ301600,0
SZ301598,0
SZ301596,0
SZ301595,0
SZ301592,0
SZ301591,0
SZ301590,0
SZ301589,0
SZ301588,0
SZ301587,0
SZ301586,0
SZ301585,0
SZ301584,0
SZ301581,0
SZ301580,0
SZ301578,0
SZ301577,0
SZ301575,0
SZ301571,0
SZ301568,0
SZ301567,0
SZ301566,0
SZ301565,0
SZ301563,0
SZ301560,0
SZ301559,0
SZ301558,0
SZ301557,0
SZ301556,0
SZ301555,0
SZ301552,0
SZ301551,0
SZ301550,0
SZ301548,0
SZ301539,0
SZ301538,0
SZ301536,0
SZ301535,0
SZ301533,0
SZ301529,0
SZ301528,0
SZ301526,0
SZ301525,0
SZ301522,0
SZ301520,0
SZ301519,0
SZ301518,0
SZ301517,0
SZ301516,0
SZ301515,0
SZ301512,0
SZ301511,0
SZ301510,0
SZ301509,0
SZ301508,0
SZ301507,0
SZ301505,0
SZ301503,0
SZ301502,0
SZ301501,0
SZ301500,0
SZ301499,0
SZ301498,0
SZ301491,0
SZ301489,0
SZ301488,0
SZ301487,0
SZ301486,0
SZ301479,0
SZ301469,0
SZ301468,0
SZ301459,0
SZ301458,0
SZ301456,0
SZ301448,0
SZ301446,0
SZ301439,0
SZ301429,0
SZ301428,0
SZ301421,0
SZ301419,0
SZ301418,0
SZ301413,0
SZ301408,0
SZ301399,0
SZ301398,0
SZ301397,0
SZ301396,0
SZ301395,0
SZ301393,0
SZ301392,0
SZ301391,0
SZ301390,0
SZ301389,0
SZ301388,0
SZ301387,0
SZ301386,0
SZ301383,0
SZ301382,0
SZ301381,0
SZ301380,0
SZ301379,0
SZ301378,0
SZ301377,0
SZ301376,0
SZ301373,0
SZ301372,0
SZ301371,0
SZ301370,0
SZ301369,0
SZ301368,0
SZ301367,0
SZ301366,0
SZ301365,0
SZ301363,0
SZ301362,0
SZ301361,0
SZ301360,0
SZ301359,0
SZ301358,0
SZ301357,0
SZ301356,0
SZ301355,0
SZ301353,0
SZ301349,0
SZ301348,0
SZ301345,0
SZ301339,0
SZ301338,0
SZ301337,0
SZ301336,0
SZ301335,0
SZ301333,0
SZ301332,0
SZ301331,0
SZ301330,0
SZ301329,0
SZ301328,0
SZ301327,0
SZ301326,0
SZ301325,0
SZ301323,0
SZ301322,0
SZ301321,0
SZ301320,0
SZ301319,0
SZ301318,0
SZ301317,0
SZ301316,0
SZ301315,0
SZ301314,0
SZ301313,0
SZ301312,0
SZ301311,0
SZ301310,0
SZ301309,0
SZ301308,0
SZ301307,0
SZ301306,0
SZ301305,0
SZ301303,0
SZ301302,0
SZ301301,0
SZ301300,0
SZ301299,0
SZ301298,0
SZ301297,0
SZ301296,0
SZ301295,0
SZ301293,0
SZ301292,0
SZ301291,0
SZ301290,0
SZ301289,0
SZ301288,0
SZ301287,0
SZ301286,0
SZ301285,0
SZ301283,0
SZ301282,0
SZ301281,0
SZ301280,0
SZ301279,0
SZ301278,0
SZ301277,0
SZ301276,0
SZ301275,0
SZ301273,0
SZ301272,0
SZ301270,0
SZ301269,0
SZ301268,0
SZ301267,0
SZ301266,0
SZ301265,0
SZ301263,0
SZ301262,0
SZ301261,0
SZ301260,0
SZ301259,0
SZ301258,0
SZ301257,0
SZ301256,0
SZ301255,0
SZ301252,0
SZ301251,0
SZ301248,0
SZ301246,0
SZ301239,0
SZ301238,0
SZ301237,0
SZ301236,0
SZ301235,0
SZ301234,0
SZ301233,0
SZ301232,0
SZ301231,0
SZ301230,0
SZ301229,0
SZ301228,0
SZ301227,0
SZ301226,0
SZ301225,0
SZ301223,0
SZ301222,0
SZ301221,0
SZ301220,0
SZ301219,0
SZ301218,0
SZ301217,0
SZ301216,0
SZ301215,0
SZ301213,0
SZ301212,0
SZ301211,0
SZ301210,0
SZ301209,0
SZ301208,0
SZ301207,0
SZ301206,0
SZ301205,0
SZ301203,0
SZ301202,0
SZ301201,0
SZ301200,0
SZ301199,0
SZ301198,0
SZ301197,0
SZ301196,0
SZ301195,0
SZ301193,0
SZ301192,0
SZ301191,0
SZ301190,0
SZ301189,0
SZ301188,0
SZ301187,0
SZ301186,0
SZ301185,0
SZ301183,0
SZ301182,0
SZ301181,0
SZ301180,0
SZ301179,0
SZ301178,0
SZ301177,0
SZ301176,0
SZ301175,0
SZ301173,0
SZ301172,0
SZ301171,0
SZ301170,0
SZ301169,0
SZ301168,0
SZ301167,0
SZ301166,0
SZ301165,0
SZ301163,0
SZ301162,0
SZ301161,0
SZ301160,0
SZ301159,0
SZ301158,0
SZ301157,0
SZ301156,0
SZ301155,0
SZ301153,0
SZ301152,0
SZ301151,0
SZ301150,0
SZ301149,0
SZ301141,0
SZ301139,0
SZ301138,0
SZ301137,0
SZ301136,0
SZ301135,0
SZ301133,0
SZ301132,0
SZ301131,0
SZ301130,0
SZ301129,0
SZ301128,0
SZ301127,0
SZ301126,0
SZ301125,0
SZ301123,0
SZ301122,0
SZ301121,0
SZ301120,0
SZ301119,0
SZ301118,0
SZ301117,0
SZ301116,0
SZ301115,0
SZ301113,0
SZ301112,0
SZ301111,0
SZ301110,0
SZ301109,0
SZ301108,0
SZ301107,0
SZ301106,0
SZ301105,0
SZ301103,0
SZ301102,0
SZ301101,0
SZ301100,0
SZ301099,0
SZ301098,0
SZ301097,0
SZ301096,0
SZ301095,0
SZ301093,0
SZ301092,0
SZ301091,0
SZ301090,0
SZ301089,0
SZ301088,0
SZ301087,0
SZ301086,0
SZ301085,0
SZ301083,0
SZ301082,0
SZ301081,0
SZ301080,0
SZ301079,0
SZ301078,0
SZ301077,0
SZ301076,0
SZ301075,0
SZ301072,0
SZ301071,0
SZ301070,0
SZ301069,0
SZ301068,0
SZ301067,0
SZ301066,0
SZ301065,0
SZ301063,0
SZ301062,0
SZ301061,0
SZ301060,0
SZ301059,0
SZ301058,0
SZ301057,0
SZ301056,0
SZ301055,0
SZ301053,0
SZ301052,0
SZ301051,0
SZ301050,0
SZ301049,0
SZ301048,0
SZ301047,0
SZ301046,0
SZ301045,0
SZ301043,0
SZ301042,0
SZ301041,0
SZ301040,0
SZ301039,0
SZ301038,0
SZ301037,0
SZ301036,0
SZ301035,0
SZ301033,0
SZ301032,0
SZ301031,0
SZ301030,0
SZ301029,0
SZ301028,0
SZ301027,0
SZ301026,0
SZ301025,0
SZ301024,0
SZ301023,0
SZ301022,0
SZ301021,0
SZ301020,0
SZ301019,0
SZ301018,0
SZ301017,0
SZ301016,0
SZ301015,0
SZ301013,0
SZ301012,0
SZ301011,0
SZ301010,0
SZ301009,0
SZ301008,0
SZ301007,0
SZ301006,0
SZ301005,0
SZ301004,0
SZ301003,0
SZ301002,0
SZ301001,0
SZ301000,0
SZ300999,0
SZ300998,0
SZ300997,0
SZ300996,0
SZ300995,0
SZ300994,0
SZ300993,0
SZ300992,0
SZ300991,0
SZ300990,0
SZ300989,0
SZ300988,0
SZ300987,0
SZ300986,0
SZ300985,0
SZ300984,0
SZ300983,0
SZ300982,0
SZ300981,0
SZ300980,0
SZ300979,0
SZ300978,0
SZ300977,0
SZ300976,0
SZ300975,0
SZ300973,0
SZ300972,0
SZ300971,0
SZ300970,0
SZ300969,0
SZ300968,0
SZ300967,0
SZ300966,0
SZ300965,0
SZ300964,0
SZ300963,0
SZ300962,0
SZ300961,0
SZ300960,0
SZ300959,0
SZ300958,0
SZ300957,0
SZ300956,0
SZ300955,0
SZ300953,0
SZ300952,0
SZ300951,0
SZ300950,0
SZ300949,0
SZ300948,0
SZ300947,0
SZ300946,0
SZ300945,0
SZ300943,0
SZ300942,0
SZ300941,0
SZ300940,0
SZ300939,0
SZ300938,0
SZ300937,0
SZ300936,0
SZ300935,0
SZ300933,0
SZ300932,0
SZ300931,0
SZ300930,0
SZ300929,0
SZ300928,0
SZ300927,0
SZ300926,0
SZ300925,0
SZ300923,0
SZ300922,0
SZ300921,0
SZ300920,0
SZ300919,0
SZ300918,0
SZ300917,0
SZ300916,0
SZ300915,0
SZ300913,0
SZ300912,0
SZ300911,0
SZ300910,0
SZ300909,0
SZ300908,0
SZ300907,0
SZ300906,0
SZ300905,0
SZ300904,0
SZ300903,0
SZ300902,0
SZ300901,0
SZ300900,0
SZ300899,0
SZ300898,0
SZ300897,0
SZ300896,0
SZ300895,0
SZ300894,0
SZ300893,0
SZ300892,0
SZ300891,0
SZ300890,0
SZ300888,0
SZ300887,0
SZ300886,0
SZ300885,0
SZ300884,0
SZ300883,0
SZ300882,0
SZ300881,0
SZ300880,0
SZ300879,0
SZ300878,0
SZ300877,0
SZ300876,0
SZ300875,0
SZ300873,0
SZ300872,0
SZ300871,0
SZ300870,0
SZ300869,0
SZ300868,0
SZ300867,0
SZ300866,0
SZ300865,0
SZ300864,0
SZ300863,0
SZ300862,0
SZ300861,0
SZ300860,0
SZ300859,0
SZ300858,0
SZ300857,0
SZ300856,0
SZ300855,0
SZ300854,0
SZ300853,0
SZ300852,0
SZ300851,0
SZ300850,0
SZ300849,0
SZ300848,0
SZ300847,0
SZ300846,0
SZ300845,0
SZ300844,0
SZ300843,0
SZ300842,0
SZ300841,0
SZ300840,0
SZ300839,0
SZ300838,0
SZ300837,0
SZ300836,0
SZ300835,0
SZ300834,0
SZ300833,0
SZ300832,0
SZ300831,0
SZ300830,0
SZ300829,0
SZ300828,0
SZ300827,0
SZ300826,0
SZ300825,0
SZ300824,0
SZ300823,0
SZ300822,0
SZ300821,0
SZ300820,0
SZ300819,0
SZ300818,0
SZ300817,0
SZ300816,0
SZ300815,0
SZ300814,0
SZ300813,0
SZ300812,0
SZ300811,0
SZ300810,0
SZ300809,0
SZ300808,0
SZ300807,0
SZ300806,0
SZ300805,0
SZ300804,0
SZ300803,0
SZ300802,0
SZ300801,0
SZ300800,0
SZ300798,0
SZ300797,0
SZ300796,0
SZ300795,0
SZ300793,0
SZ300792,0
SZ300791,0
SZ300790,0
SZ300789,0
SZ300788,0
SZ300787,0
SZ300786,0
SZ300785,0
SZ300784,0
SZ300783,0
SZ300782,0
SZ300781,0
SZ300780,0
SZ300779,0
SZ300778,0
SZ300777,0
SZ300776,0
SZ300775,0
SZ300774,0
SZ300773,0
SZ300772,0
SZ300771,0
SZ300770,0
SZ300769,0
SZ300768,0
SZ300767,0
SZ300766,0
SZ300765,0
SZ300763,0
SZ300762,0
SZ300761,0
SZ300760,0
SZ300759,0
SZ300758,0
SZ300757,0
SZ300756,0
SZ300755,0
SZ300753,0
SZ300752,0
SZ300751,0
SZ300750,0
SZ300749,0
SZ300748,0
SZ300747,0
SZ300746,0
SZ300745,0
SZ300743,0
SZ300741,0
SZ300740,0
SZ300739,0
SZ300738,0
SZ300737,0
SZ300736,0
SZ300735,0
SZ300733,0
SZ300732,0
SZ300731,0
SZ300730,0
SZ300729,0
SZ300727,0
SZ300726,0
SZ300725,0
SZ300724,0
SZ300723,0
SZ300722,0
SZ300721,0
SZ300720,0
SZ300719,0
SZ300718,0
SZ300717,0
SZ300716,0
SZ300715,0
SZ300713,0
SZ300712,0
SZ300711,0
SZ300710,0
SZ300709,0
SZ300708,0
SZ300707,0
SZ300706,0
SZ300705,0
SZ300703,0
SZ300702,0
SZ300701,0
SZ300700,0
SZ300699,0
SZ300698,0
SZ300697,0
SZ300696,0
SZ300695,0
SZ300694,0
SZ300693,0
SZ300692,0
SZ300691,0
SZ300690,0
SZ300689,0
SZ300688,0
SZ300687,0
SZ300686,0
SZ300685,0
SZ300684,0
SZ300683,0
SZ300682,0
SZ300681,0
SZ300680,0
SZ300679,0
SZ300678,0
SZ300677,0
SZ300676,0
SZ300675,0
SZ300674,0
SZ300673,0
SZ300672,0
SZ300671,0
SZ300670,0
SZ300669,0
SZ300668,0
SZ300667,0
SZ300666,0
SZ300665,0
SZ300664,0
SZ300663,0
SZ300662,0
SZ300661,0
SZ300660,0
SZ300659,0
SZ300658,0
SZ300657,0
SZ300656,0
SZ300655,0
SZ300654,0
SZ300653,0
SZ300652,0
SZ300651,0
SZ300650,0
SZ300649,0
SZ300648,0
SZ300647,0
SZ300645,0
SZ300644,0
SZ300643,0
SZ300642,0
SZ300641,0
SZ300640,0
SZ300639,0
SZ300638,0
SZ300637,0
SZ300636,0
SZ300635,0
SZ300634,0
SZ300633,0
SZ300632,0
SZ300631,0
SZ300629,0
SZ300628,0
SZ300627,0
SZ300626,0
SZ300625,0
SZ300624,0
SZ300623,0
SZ300622,0
SZ300621,0
SZ300620,0
SZ300619,0
SZ300618,0
SZ300617,0
SZ300616,0
SZ300615,0
SZ300614,0
SZ300613,0
SZ300612,0
SZ300611,0
SZ300610,0
SZ300609,0
SZ300608,0
SZ300607,0
SZ300606,0
SZ300605,0
SZ300604,0
SZ300603,0
SZ300602,0
SZ300601,0
SZ300600,0
SZ300599,0
SZ300598,0
SZ300597,0
SZ300596,0
SZ300595,0
SZ300594,0
SZ300593,0
SZ300592,0
SZ300591,0
SZ300590,0
SZ300589,0
SZ300588,0
SZ300587,0
SZ300586,0
SZ300585,0
SZ300584,0
SZ300583,0
SZ300582,0
SZ300581,0
SZ300580,0
SZ300579,0
SZ300578,0
SZ300577,0
SZ300576,0
SZ300575,0
SZ300573,0
SZ300572,0
SZ300571,0
SZ300570,0
SZ300569,0
SZ300568,0
SZ300567,0
SZ300566,0
SZ300565,0
SZ300564,0
SZ300563,0
SZ300562,0
SZ300561,0
SZ300560,0
SZ300559,0
SZ300558,0
SZ300557,0
SZ300556,0
SZ300555,0
SZ300554,0
SZ300553,0
SZ300552,0
SZ300551,0
SZ300550,0
SZ300549,0
SZ300548,0
SZ300547,0
SZ300546,0
SZ300545,0
SZ300543,0
SZ300542,0
SZ300541,0
SZ300540,0
SZ300539,0
SZ300538,0
SZ300537,0
SZ300536,0
SZ300535,0
SZ300534,0
SZ300533,0
SZ300532,0
SZ300531,0
SZ300530,0
SZ300529,0
SZ300528,0
SZ300527,0
SZ300525,0
SZ300522,0
SZ300521,0
SZ300520,0
SZ300519,0
SZ300518,0
SZ300517,0
SZ300516,0
SZ300515,0
SZ300514,0
SZ300513,0
SZ300512,0
SZ300511,0
SZ300510,0
SZ300509,0
SZ300508,0
SZ300507,0
SZ300506,0
SZ300505,0
SZ300504,0
SZ300503,0
SZ300502,0
SZ300501,0
SZ300500,0
SZ300499,0
SZ300498,0
SZ300497,0
SZ300496,0
SZ300494,0
SZ300493,0
SZ300492,0
SZ300491,0
SZ300490,0
SZ300489,0
SZ300488,0
SZ300487,0
SZ300486,0
SZ300485,0
SZ300484,0
SZ300483,0
SZ300482,0
SZ300481,0
SZ300480,0
SZ300479,0
SZ300478,0
SZ300477,0
SZ300476,0
SZ300475,0
SZ300474,0
SZ300473,0
SZ300472,0
SZ300471,0
SZ300470,0
SZ300469,0
SZ300468,0
SZ300467,0
SZ300466,0
SZ300465,0
SZ300464,0
SZ300463,0
SZ300462,0
SZ300461,0
SZ300460,0
SZ300459,0
SZ300458,0
SZ300457,0
SZ300456,0
SZ300455,0
SZ300454,0
SZ300453,0
SZ300452,0
SZ300451,0
SZ300450,0
SZ300449,0
SZ300448,0
SZ300447,0
SZ300446,0
SZ300445,0
SZ300444,0
SZ300443,0
SZ300442,0
SZ300441,0
SZ300440,0
SZ300439,0
SZ300438,0
SZ300437,0
SZ300436,0
SZ300435,0
SZ300434,0
SZ300433,0
SZ300432,0
SZ300430,0
SZ300429,0
SZ300428,0
SZ300427,0
SZ300426,0
SZ300425,0
SZ300424,0
SZ300423,0
SZ300422,0
SZ300421,0
SZ300420,0
SZ300419,0
SZ300418,0
SZ300417,0
SZ300416,0
SZ300415,0
SZ300414,0
SZ300413,0
SZ300412,0
SZ300411,0
SZ300410,0
SZ300409,0
SZ300408,0
SZ300407,0
SZ300406,0
SZ300405,0
SZ300404,0
SZ300403,0
SZ300402,0
SZ300401,0
SZ300400,0
SZ300399,0
SZ300398,0
SZ300397,0
SZ300396,0
SZ300395,0
SZ300394,0
SZ300393,0
SZ300391,0
SZ300390,0
SZ300389,0
SZ300388,0
SZ300387,0
SZ300386,0
SZ300385,0
SZ300384,0
SZ300383,0
SZ300382,0
SZ300381,0
SZ300380,0
SZ300378,0
SZ300377,0
SZ300376,0
SZ300375,0
SZ300374,0
SZ300373,0
SZ300371,0
SZ300370,0
SZ300369,0
SZ300368,0
SZ300366,0
SZ300365,0
SZ300364,0
SZ300363,0
SZ300360,0
SZ300359,0
SZ300358,0
SZ300357,0
SZ300355,0
SZ300354,0
SZ300353,0
SZ300352,0
SZ300351,0
SZ300350,0
SZ300349,0
SZ300348,0
SZ300347,0
SZ300346,0
SZ300345,0
SZ300344,0
SZ300343,0
SZ300342,0
SZ300341,0
SZ300340,0
SZ300339,0
SZ300338,0
SZ300337,0
SZ300335,0
SZ300334,0
SZ300333,0
SZ300332,0
SZ300331,0
SZ300329,0
SZ300328,0
SZ300327,0
SZ300326,0
SZ300324,0
SZ300323,0
SZ300322,0
SZ300321,0
SZ300320,0
SZ300319,0
SZ300318,0
SZ300317,0
SZ300316,0
SZ300315,0
SZ300314,0
SZ300313,0
SZ300311,0
SZ300310,0
SZ300308,0
SZ300307,0
SZ300306,0
SZ300305,0
SZ300304,0
SZ300303,0
SZ300302,0
SZ300301,0
SZ300300,0
SZ300299,0
SZ300298,0
SZ300296,0
SZ300295,0
SZ300294,0
SZ300293,0
SZ300292,0
SZ300291,0
SZ300290,0
SZ300289,0
SZ300288,0
SZ300287,0
SZ300286,0
SZ300285,0
SZ300284,0
SZ300283,0
SZ300281,0
SZ300279,0
SZ300278,0
SZ300277,0
SZ300276,0
SZ300275,0
SZ300274,0
SZ300272,0
SZ300271,0
SZ300270,0
SZ300269,0
SZ300268,0
SZ300267,0
SZ300266,0
SZ300265,0
SZ300264,0
SZ300263,0
SZ300261,0
SZ300260,0
SZ300259,0
SZ300258,0
SZ300257,0
SZ300256,0
SZ300255,0
SZ300254,0
SZ300253,0
SZ300252,0
SZ300251,0
SZ300250,0
SZ300249,0
SZ300248,0
SZ300247,0
SZ300246,0
SZ300245,0
SZ300244,0
SZ300243,0
SZ300242,0
SZ300241,0
SZ300240,0
SZ300239,0
SZ300238,0
SZ300237,0
SZ300236,0
SZ300235,0
SZ300234,0
SZ300233,0
SZ300232,0
SZ300231,0
SZ300230,0
SZ300229,0
SZ300228,0
SZ300227,0
SZ300226,0
SZ300225,0
SZ300224,0
SZ300223,0
SZ300222,0
SZ300221,0
SZ300220,0
SZ300219,0
SZ300218,0
SZ300217,0
SZ300215,0
SZ300214,0
SZ300213,0
SZ300212,0
SZ300211,0
SZ300210,0
SZ300209,0
SZ300207,0
SZ300206,0
SZ300205,0
SZ300204,0
SZ300203,0
SZ300201,0
SZ300200,0
SZ300199,0
SZ300198,0
SZ300197,0
SZ300196,0
SZ300195,0
SZ300194,0
SZ300193,0
SZ300192,0
SZ300191,0
SZ300190,0
SZ300189,0
SZ300188,0
SZ300187,0
SZ300185,0
SZ300184,0
SZ300183,0
SZ300182,0
SZ300181,0
SZ300180,0
SZ300179,0
SZ300177,0
SZ300176,0
SZ300175,0
SZ300174,0
SZ300173,0
SZ300172,0
SZ300171,0
SZ300170,0
SZ300169,0
SZ300168,0
SZ300167,0
SZ300166,0
SZ300165,0
SZ300164,0
SZ300163,0
SZ300162,0
SZ300161,0
SZ300160,0
SZ300159,0
SZ300158,0
SZ300157,0
SZ300155,0
SZ300154,0
SZ300153,0
SZ300152,0
SZ300151,0
SZ300150,0
SZ300149,0
SZ300148,0
SZ300147,0
SZ300146,0
SZ300145,0
SZ300144,0
SZ300143,0
SZ300142,0
SZ300141,0
SZ300140,0
SZ300139,0
SZ300138,0
SZ300137,0
SZ300136,0
SZ300135,0
SZ300134,0
SZ300133,0
SZ300132,0
SZ300131,0
SZ300130,0
SZ300129,0
SZ300128,0
SZ300127,0
SZ300126,0
SZ300125,0
SZ300124,0
SZ300123,0
SZ300122,0
SZ300121,0
SZ300120,0
SZ300119,0
SZ300118,0
SZ300115,0
SZ300113,0
SZ300112,0
SZ300111,0
SZ300110,0
SZ300109,0
SZ300107,0
SZ300106,0
SZ300105,0
SZ300103,0
SZ300102,0
SZ300101,0
SZ300100,0
SZ300099,0
SZ300098,0
SZ300097,0
SZ300096,0
SZ300095,0
SZ300094,0
SZ300093,0
SZ300092,0
SZ300091,0
SZ300088,0
SZ300087,0
SZ300086,0
SZ300085,0
SZ300084,0
SZ300083,0
SZ300082,0
SZ300081,0
SZ300080,0
SZ300079,0
SZ300078,0
SZ300077,0
SZ300076,0
SZ300075,0
SZ300074,0
SZ300073,0
SZ300072,0
SZ300071,0
SZ300070,0
SZ300069,0
SZ300068,0
SZ300067,0
SZ300066,0
SZ300065,0
SZ300063,0
SZ300062,0
SZ300061,0
SZ300059,0
SZ300058,0
SZ300057,0
SZ300056,0
SZ300055,0
SZ300054,0
SZ300053,0
SZ300052,0
SZ300051,0
SZ300050,0
SZ300049,0
SZ300048,0
SZ300047,0
SZ300046,0
SZ300045,0
SZ300044,0
SZ300043,0
SZ300042,0
SZ300041,0
SZ300040,0
SZ300039,0
SZ300037,0
SZ300036,0
SZ300035,0
SZ300034,0
SZ300033,0
SZ300032,0
SZ300031,0
SZ300030,0
SZ300029,0
SZ300027,0
SZ300026,0
SZ300025,0
SZ300024,0
SZ300022,0
SZ300021,0
SZ300020,0
SZ300019,0
SZ300018,0
SZ300017,0
SZ300016,0
SZ300015,0
SZ300014,0
SZ300013,0
SZ300012,0
SZ300011,0
SZ300010,0
SZ300009,0
SZ300008,0
SZ300007,0
SZ300006,0
SZ300005,0
SZ300004,0
SZ300003,0
SZ300002,0
SZ300001,0
SZ003816,0
SZ003043,0
SZ003042,0
SZ003041,0
SZ003040,0
SZ003039,0
SZ003038,0
SZ003037,0
SZ003036,0
SZ003035,0
SZ003033,0
SZ003032,0
SZ003031,0
SZ003030,0
SZ003029,0
SZ003028,0
SZ003027,0
SZ003026,0
SZ003025,0
SZ003023,0
SZ003022,0
SZ003021,0
SZ003020,0
SZ003019,0
SZ003018,0
SZ003017,0
SZ003016,0
SZ003015,0
SZ003013,0
SZ003012,0
SZ003011,0
SZ003010,0
SZ003009,0
SZ003008,0
SZ003007,0
SZ003006,0
SZ003005,0
SZ003004,0
SZ003003,0
SZ003002,0
SZ003001,0
SZ003000,0
SZ002999,0
SZ002998,0
SZ002997,0
SZ002996,0
SZ002995,0
SZ002993,0
SZ002992,0
SZ002991,0
SZ002990,0
SZ002989,0
SZ002988,0
SZ002987,0
SZ002986,0
SZ002985,0
SZ002984,0
SZ002983,0
SZ002982,0
SZ002981,0
SZ002980,0
SZ002979,0
SZ002978,0
SZ002977,0
SZ002976,0
SZ002975,0
SZ002973,0
SZ002972,0
SZ002971,0
SZ002970,0
SZ002969,0
SZ002968,0
SZ002967,0
SZ002966,0
SZ002965,0
SZ002963,0
SZ002962,0
SZ002961,0
SZ002960,0
SZ002959,0
SZ002958,0
SZ002957,0
SZ002956,0
SZ002955,0
SZ002953,0
SZ002952,0
SZ002951,0
SZ002950,0
SZ002949,0
SZ002948,0
SZ002947,0
SZ002946,0
SZ002945,0
SZ002943,0
SZ002942,0
SZ002941,0
SZ002940,0
SZ002939,0
SZ002938,0
SZ002937,0
SZ002936,0
SZ002935,0
SZ002933,0
SZ002932,0
SZ002931,0
SZ002930,0
SZ002929,0
SZ002928,0
SZ002927,0
SZ002926,0
SZ002925,0
SZ002923,0
SZ002922,0
SZ002921,0
SZ002920,0
SZ002919,0
SZ002918,0
SZ002917,0
SZ002916,0
SZ002915,0
SZ002913,0
SZ002912,0
SZ002911,0
SZ002910,0
SZ002909,0
SZ002908,0
SZ002907,0
SZ002906,0
SZ002905,0
SZ002903,0
SZ002902,0
SZ002901,0
SZ002900,0
SZ002899,0
SZ002898,0
SZ002897,0
SZ002896,0
SZ002895,0
SZ002893,0
SZ002892,0
SZ002891,0
SZ002890,0
SZ002889,0
SZ002888,0
SZ002887,0
SZ002886,0
SZ002885,0
SZ002884,0
SZ002883,0
SZ002882,0
SZ002881,0
SZ002880,0
SZ002879,0
SZ002878,0
SZ002877,0
SZ002876,0
SZ002875,0
SZ002873,0
SZ002872,0
SZ002871,0
SZ002870,0
SZ002869,0
SZ002868,0
SZ002867,0
SZ002866,0
SZ002865,0
SZ002864,0
SZ002863,0
SZ002862,0
SZ002861,0
SZ002860,0
SZ002859,0
SZ002858,0
SZ002857,0
SZ002856,0
SZ002855,0
SZ002853,0
SZ002852,0
SZ002851,0
SZ002850,0
SZ002849,0
SZ002848,0
SZ002847,0
SZ002846,0
SZ002845,0
SZ002843,0
SZ002842,0
SZ002841,0
SZ002840,0
SZ002839,0
SZ002838,0
SZ002837,0
SZ002836,0
SZ002835,0
SZ002833,0
SZ002832,0
SZ002831,0
SZ002830,0
SZ002829,0
SZ002828,0
SZ002827,0
SZ002826,0
SZ002825,0
SZ002824,0
SZ002823,0
SZ002822,0
SZ002821,0
SZ002820,0
SZ002819,0
SZ002818,0
SZ002817,0
SZ002816,0
SZ002815,0
SZ002813,0
SZ002812,0
SZ002811,0
SZ002810,0
SZ002809,0
SZ002808,0
SZ002807,0
SZ002805,0
SZ002803,0
SZ002802,0
SZ002801,0
SZ002800,0
SZ002799,0
SZ002798,0
SZ002797,0
SZ002796,0
SZ002795,0
SZ002793,0
SZ002792,0
SZ002791,0
SZ002790,0
SZ002789,0
SZ002788,0
SZ002787,0
SZ002786,0
SZ002785,0
SZ002783,0
SZ002782,0
SZ002780,0
SZ002779,0
SZ002778,0
SZ002777,0
SZ002775,0
SZ002774,0
SZ002773,0
SZ002772,0
SZ002771,0
SZ002769,0
SZ002768,0
SZ002767,0
SZ002766,0
SZ002765,0
SZ002763,0
SZ002762,0
SZ002761,0
SZ002760,0
SZ002759,0
SZ002758,0
SZ002757,0
SZ002756,0
SZ002755,0
SZ002753,0
SZ002752,0
SZ002749,0
SZ002748,0
SZ002747,0
SZ002746,0
SZ002745,0
SZ002743,0
SZ002742,0
SZ002741,0
SZ002739,0
SZ002738,0
SZ002737,0
SZ002736,0
SZ002735,0
SZ002734,0
SZ002733,0
SZ002732,0
SZ002731,0
SZ002730,0
SZ002729,0
SZ002728,0
SZ002727,0
SZ002726,0
SZ002725,0
SZ002724,0
SZ002723,0
SZ002722,0
SZ002721,0
SZ002719,0
SZ002718,0
SZ002717,0
SZ002716,0
SZ002715,0
SZ002714,0
SZ002713,0
SZ002712,0
SZ002709,0
SZ002708,0
SZ002707,0
SZ002706,0
SZ002705,0
SZ002703,0
SZ002702,0
SZ002701,0
SZ002700,0
SZ002698,0
SZ002697,0
SZ002696,0
SZ002695,0
SZ002694,0
SZ002693,0
SZ002692,0
SZ002691,0
SZ002690,0
SZ002689,0
SZ002688,0
SZ002687,0
SZ002686,0
SZ002685,0
SZ002683,0
SZ002682,0
SZ002681,0
SZ002679,0
SZ002678,0
SZ002677,0
SZ002676,0
SZ002675,0
SZ002674,0
SZ002673,0
SZ002672,0
SZ002671,0
SZ002670,0
SZ002669,0
SZ002668,0
SZ002666,0
SZ002664,0
SZ002663,0
SZ002662,0
SZ002661,0
SZ002660,0
SZ002659,0
SZ002658,0
SZ002657,0
SZ002656,0
SZ002655,0
SZ002654,0
SZ002653,0
SZ002652,0
SZ002651,0
SZ002650,0
SZ002649,0
SZ002648,0
SZ002647,0
SZ002646,0
SZ002645,0
SZ002644,0
SZ002643,0
SZ002642,0
SZ002641,0
SZ002640,0
SZ002639,0
SZ002638,0
SZ002637,0
SZ002636,0
SZ002635,0
SZ002634,0
SZ002633,0
SZ002632,0
SZ002631,0
SZ002630,0
SZ002629,0
SZ002628,0
SZ002627,0
SZ002626,0
SZ002625,0
SZ002624,0
SZ002623,0
SZ002622,0
SZ002620,0
SZ002617,0
SZ002616,0
SZ002615,0
SZ002614,0
SZ002613,0
SZ002612,0
SZ002611,0
SZ002609,0
SZ002608,0
SZ002607,0
SZ002606,0
SZ002605,0
SZ002603,0
SZ002602,0
SZ002601,0
SZ002600,0
SZ002599,0
SZ002598,0
SZ002597,0
SZ002596,0
SZ002595,0
SZ002594,0
SZ002593,0
SZ002592,0
SZ002591,0
SZ002590,0
SZ002589,0
SZ002588,0
SZ002587,0
SZ002586,0
SZ002585,0
SZ002584,0
SZ002583,0
SZ002582,0
SZ002581,0
SZ002580,0
SZ002579,0
SZ002578,0
SZ002577,0
SZ002576,0
SZ002575,0
SZ002574,0
SZ002573,0
SZ002572,0
SZ002571,0
SZ002570,0
SZ002569,0
SZ002568,0
SZ002567,0
SZ002566,0
SZ002565,0
SZ002564,0
SZ002563,0
SZ002562,0
SZ002561,0
SZ002560,0
SZ002559,0
SZ002558,0
SZ002557,0
SZ002556,0
SZ002555,0
SZ002554,0
SZ002553,0
SZ002552,0
SZ002551,0
SZ002550,0
SZ002549,0
SZ002548,0
SZ002547,0
SZ002546,0
SZ002545,0
SZ002544,0
SZ002543,0
SZ002542,0
SZ002541,0
SZ002540,0
SZ002539,0
SZ002538,0
SZ002537,0
SZ002536,0
SZ002535,0
SZ002534,0
SZ002533,0
SZ002532,0
SZ002531,0
SZ002530,0
SZ002529,0
SZ002528,0
SZ002527,0
SZ002526,0
SZ002524,0
SZ002523,0
SZ002522,0
SZ002521,0
SZ002520,0
SZ002519,0
SZ002518,0
SZ002517,0
SZ002516,0
SZ002515,0
SZ002514,0
SZ002513,0
SZ002512,0
SZ002511,0
SZ002510,0
SZ002508,0
SZ002507,0
SZ002506,0
SZ002501,0
SZ002500,0
SZ002498,0
SZ002497,0
SZ002496,0
SZ002495,0
SZ002494,0
SZ002493,0
SZ002492,0
SZ002491,0
SZ002490,0
SZ002489,0
SZ002488,0
SZ002487,0
SZ002486,0
SZ002485,0
SZ002484,0
SZ002483,0
SZ002482,0
SZ002481,0
SZ002480,0
SZ002479,0
SZ002478,0
SZ002476,0
SZ002475,0
SZ002474,0
SZ002472,0
SZ002471,0
SZ002470,0
SZ002469,0
SZ002468,0
SZ002467,0
SZ002466,0
SZ002465,0
SZ002463,0
SZ002462,0
SZ002461,0
SZ002460,0
SZ002459,0
SZ002458,0
SZ002457,0
SZ002456,0
SZ002455,0
SZ002454,0
SZ002453,0
SZ002452,0
SZ002451,0
SZ002449,0
SZ002448,0
SZ002446,0
SZ002445,0
SZ002444,0
SZ002443,0
SZ002442,0
SZ002441,0
SZ002440,0
SZ002439,0
SZ002438,0
SZ002437,0
SZ002436,0
SZ002434,0
SZ002432,0
SZ002431,0
SZ002430,0
SZ002429,0
SZ002428,0
SZ002427,0
SZ002426,0
SZ002425,0
SZ002424,0
SZ002423,0
SZ002422,0
SZ002421,0
SZ002420,0
SZ002419,0
SZ002418,0
SZ002416,0
SZ002415,0
SZ002414,0
SZ002413,0
SZ002412,0
SZ002410,0
SZ002409,0
SZ002408,0
SZ002407,0
SZ002406,0
SZ002405,0
SZ002404,0
SZ002403,0
SZ002402,0
SZ002401,0
SZ002400,0
SZ002399,0
SZ002398,0
SZ002397,0
SZ002396,0
SZ002395,0
SZ002394,0
SZ002393,0
SZ002392,0
SZ002391,0
SZ002390,0
SZ002389,0
SZ002388,0
SZ002387,0
SZ002386,0
SZ002385,0
SZ002384,0
SZ002383,0
SZ002382,0
SZ002381,0
SZ002380,0
SZ002379,0
SZ002378,0
SZ002377,0
SZ002376,0
SZ002375,0
SZ002374,0
SZ002373,0
SZ002372,0
SZ002371,0
SZ002370,0
SZ002369,0
SZ002368,0
SZ002367,0
SZ002366,0
SZ002365,0
SZ002364,0
SZ002363,0
SZ002362,0
SZ002361,0
SZ002360,0
SZ002358,0
SZ002357,0
SZ002356,0
SZ002355,0
SZ002354,0
SZ002353,0
SZ002352,0
SZ002351,0
SZ002350,0
SZ002349,0
SZ002347,0
SZ002346,0
SZ002345,0
SZ002344,0
SZ002343,0
SZ002342,0
SZ002340,0
SZ002339,0
SZ002338,0
SZ002337,0
SZ002335,0
SZ002334,0
SZ002333,0
SZ002332,0
SZ002331,0
SZ002330,0
SZ002329,0
SZ002328,0
SZ002327,0
SZ002326,0
SZ002324,0
SZ002323,0
SZ002322,0
SZ002321,0
SZ002320,0
SZ002319,0
SZ002318,0
SZ002317,0
SZ002316,0
SZ002315,0
SZ002314,0
SZ002313,0
SZ002312,0
SZ002311,0
SZ002310,0
SZ002309,0
SZ002307,0
SZ002306,0
SZ002305,0
SZ002304,0
SZ002303,0
SZ002302,0
SZ002301,0
SZ002300,0
SZ002299,0
SZ002298,0
SZ002297,0
SZ002296,0
SZ002295,0
SZ002294,0
SZ002293,0
SZ002292,0
SZ002291,0
SZ002290,0
SZ002289,0
SZ002287,0
SZ002286,0
SZ002285,0
SZ002284,0
SZ002283,0
SZ002282,0
SZ002281,0
SZ002279,0
SZ002278,0
SZ002277,0
SZ002276,0
SZ002275,0
SZ002274,0
SZ002273,0
SZ002272,0
SZ002271,0
SZ002270,0
SZ002269,0
SZ002268,0
SZ002267,0
SZ002266,0
SZ002265,0
SZ002264,0
SZ002263,0
SZ002262,0
SZ002261,0
SZ002259,0
SZ002258,0
SZ002256,0
SZ002255,0
SZ002254,0
SZ002253,0
SZ002252,0
SZ002251,0
SZ002250,0
SZ002249,0
SZ002248,0
SZ002247,0
SZ002246,0
SZ002245,0
SZ002244,0
SZ002243,0
SZ002242,0
SZ002241,0
SZ002240,0
SZ002239,0
SZ002238,0
SZ002237,0
SZ002236,0
SZ002235,0
SZ002234,0
SZ002233,0
SZ002232,0
SZ002231,0
SZ002230,0
SZ002229,0
SZ002228,0
SZ002227,0
SZ002226,0
SZ002225,0
SZ002224,0
SZ002223,0
SZ002222,0
SZ002221,0
SZ002219,0
SZ002218,0
SZ002217,0
SZ002216,0
SZ002215,0
SZ002214,0
SZ002213,0
SZ002212,0
SZ002211,0
SZ002210,0
SZ002209,0
SZ002208,0
SZ002207,0
SZ002206,0
SZ002205,0
SZ002204,0
SZ002203,0
SZ002202,0
SZ002201,0
SZ002200,0
SZ002199,0
SZ002198,0
SZ002197,0
SZ002196,0
SZ002195,0
SZ002194,0
SZ002193,0
SZ002192,0
SZ002191,0
SZ002190,0
SZ002189,0
SZ002188,0
SZ002187,0
SZ002186,0
SZ002185,0
SZ002184,0
SZ002183,0
SZ002182,0
SZ002181,0
SZ002180,0
SZ002179,0
SZ002178,0
SZ002177,0
SZ002176,0
SZ002175,0
SZ002174,0
SZ002173,0
SZ002172,0
SZ002171,0
SZ002170,0
SZ002169,0
SZ002168,0
SZ002167,0
SZ002166,0
SZ002165,0
SZ002164,0
SZ002163,0
SZ002162,0
SZ002161,0
SZ002160,0
SZ002159,0
SZ002158,0
SZ002157,0
SZ002156,0
SZ002155,0
SZ002154,0
SZ002153,0
SZ002152,0
SZ002151,0
SZ002150,0
SZ002149,0
SZ002148,0
SZ002146,0
SZ002145,0
SZ002144,0
SZ002142,0
SZ002141,0
SZ002140,0
SZ002139,0
SZ002138,0
SZ002137,0
SZ002136,0
SZ002135,0
SZ002134,0
SZ002133,0
SZ002132,0
SZ002131,0
SZ002130,0
SZ002129,0
SZ002128,0
SZ002127,0
SZ002126,0
SZ002125,0
SZ002124,0
SZ002123,0
SZ002122,0
SZ002121,0
SZ002120,0
SZ002119,0
SZ002117,0
SZ002116,0
SZ002115,0
SZ002114,0
SZ002112,0
SZ002111,0
SZ002110,0
SZ002109,0
SZ002108,0
SZ002107,0
SZ002106,0
SZ002105,0
SZ002104,0
SZ002103,0
SZ002102,0
SZ002101,0
SZ002100,0
SZ002099,0
SZ002098,0
SZ002097,0
SZ002096,0
SZ002095,0
SZ002094,0
SZ002093,0
SZ002092,0
SZ002091,0
SZ002090,0
SZ002088,0
SZ002086,0
SZ002085,0
SZ002084,0
SZ002083,0
SZ002082,0
SZ002081,0
SZ002080,0
SZ002079,0
SZ002078,0
SZ002077,0
SZ002076,0
SZ002075,0
SZ002074,0
SZ002073,0
SZ002072,0
SZ002069,0
SZ002068,0
SZ002067,0
SZ002066,0
SZ002065,0
SZ002064,0
SZ002063,0
SZ002062,0
SZ002061,0
SZ002060,0
SZ002059,0
SZ002058,0
SZ002057,0
SZ002056,0
SZ002055,0
SZ002054,0
SZ002053,0
SZ002052,0
SZ002051,0
SZ002050,0
SZ002049,0
SZ002048,0
SZ002047,0
SZ002046,0
SZ002045,0
SZ002044,0
SZ002043,0
SZ002042,0
SZ002041,0
SZ002040,0
SZ002039,0
SZ002038,0
SZ002037,0
SZ002036,0
SZ002035,0
SZ002034,0
SZ002033,0
SZ002032,0
SZ002031,0
SZ002030,0
SZ002029,0
SZ002028,0
SZ002027,0
SZ002026,0
SZ002025,0
SZ002024,0
SZ002023,0
SZ002022,0
SZ002021,0
SZ002020,0
SZ002019,0
SZ002017,0
SZ002016,0
SZ002015,0
SZ002014,0
SZ002012,0
SZ002011,0
SZ002010,0
SZ002009,0
SZ002008,0
SZ002007,0
SZ002006,0
SZ002005,0
SZ002004,0
SZ002003,0
SZ002001,0
SZ001979,0
SZ001965,0
SZ001914,0
SZ001896,0
SZ001872,0
SZ001696,0
SZ001400,0
SZ001395,0
SZ001391,0
SZ001390,0
SZ001389,0
SZ001388,0
SZ001387,0
SZ001386,0
SZ001382,0
SZ001380,0
SZ001379,0
SZ001378,0
SZ001376,0
SZ001373,0
SZ001368,0
SZ001367,0
SZ001366,0
SZ001360,0
SZ001359,0
SZ001358,0
SZ001356,0
SZ001339,0
SZ001338,0
SZ001337,0
SZ001336,0
SZ001335,0
SZ001333,0
SZ001332,0
SZ001331,0
SZ001330,0
SZ001328,0
SZ001326,0
SZ001324,0
SZ001323,0
SZ001322,0
SZ001319,0
SZ001318,0
SZ001317,0
SZ001316,0
SZ001314,0
SZ001313,0
SZ001311,0
SZ001309,0
SZ001308,0
SZ001306,0
SZ001301,0
SZ001300,0
SZ001299,0
SZ001298,0
SZ001296,0
SZ001289,0
SZ001288,0
SZ001287,0
SZ001286,0
SZ001285,0
SZ001283,0
SZ001282,0
SZ001279,0
SZ001278,0
SZ001277,0
SZ001270,0
SZ001269,0
SZ001268,0
SZ001267,0
SZ001266,0
SZ001260,0
SZ001259,0
SZ001258,0
SZ001256,0
SZ001255,0
SZ001239,0
SZ001238,0
SZ001236,0
SZ001234,0
SZ001233,0
SZ001231,0
SZ001230,0
SZ001229,0
SZ001228,0
SZ001227,0
SZ001226,0
SZ001225,0
SZ001223,0
SZ001222,0
SZ001221,0
SZ001219,0
SZ001218,0
SZ001217,0
SZ001216,0
SZ001215,0
SZ001213,0
SZ001212,0
SZ001211,0
SZ001210,0
SZ001209,0
SZ001208,0
SZ001207,0
SZ001206,0
SZ001205,0
SZ001203,0
SZ001202,0
SZ001201,0
SZ000999,0
SZ000998,0
SZ000997,0
SZ000995,0
SZ000993,0
SZ000990,0
SZ000989,0
SZ000988,0
SZ000987,0
SZ000985,0
SZ000983,0
SZ000981,0
SZ000980,0
SZ000978,0
SZ000977,0
SZ000975,0
SZ000973,0
SZ000972,0
SZ000970,0
SZ000969,0
SZ000968,0
SZ000967,0
SZ000966,0
SZ000965,0
SZ000963,0
SZ000962,0
SZ000960,0
SZ000959,0
SZ000958,0
SZ000957,0
SZ000955,0
SZ000953,0
SZ000952,0
SZ000951,0
SZ000950,0
SZ000949,0
SZ000948,0
SZ000938,0
SZ000937,0
SZ000936,0
SZ000935,0
SZ000933,0
SZ000932,0
SZ000931,0
SZ000930,0
SZ000929,0
SZ000928,0
SZ000927,0
SZ000926,0
SZ000925,0
SZ000923,0
SZ000922,0
SZ000921,0
SZ000920,0
SZ000919,0
SZ000917,0
SZ000915,0
SZ000913,0
SZ000912,0
SZ000911,0
SZ000910,0
SZ000909,0
SZ000908,0
SZ000906,0
SZ000905,0
SZ000903,0
SZ000902,0
SZ000901,0
SZ000900,0
SZ000899,0
SZ000898,0
SZ000897,0
SZ000895,0
SZ000893,0
SZ000892,0
SZ000890,0
SZ000889,0
SZ000888,0
SZ000887,0
SZ000886,0
SZ000885,0
SZ000883,0
SZ000882,0
SZ000881,0
SZ000880,0
SZ000878,0
SZ000877,0
SZ000876,0
SZ000875,0
SZ000869,0
SZ000868,0
SZ000863,0
SZ000862,0
SZ000860,0
SZ000859,0
SZ000858,0
SZ000856,0
SZ000852,0
SZ000850,0
SZ000848,0
SZ000839,0
SZ000838,0
SZ000837,0
SZ000833,0
SZ000831,0
SZ000830,0
SZ000829,0
SZ000828,0
SZ000826,0
SZ000825,0
SZ000823,0
SZ000822,0
SZ000821,0
SZ000820,0
SZ000819,0
SZ000818,0
SZ000816,0
SZ000815,0
SZ000813,0
SZ000812,0
SZ000811,0
SZ000810,0
SZ000809,0
SZ000807,0
SZ000803,0
SZ000802,0
SZ000801,0
SZ000800,0
SZ000799,0
SZ000798,0
SZ000797,0
SZ000796,0
SZ000795,0
SZ000793,0
SZ000792,0
SZ000791,0
SZ000790,0
SZ000789,0
SZ000788,0
SZ000786,0
SZ000785,0
SZ000783,0
SZ000782,0
SZ000779,0
SZ000778,0
SZ000777,0
SZ000776,0
SZ000768,0
SZ000767,0
SZ000766,0
SZ000762,0
SZ000761,0
SZ000759,0
SZ000758,0
SZ000757,0
SZ000756,0
SZ000755,0
SZ000753,0
SZ000752,0
SZ000751,0
SZ000750,0
SZ000739,0
SZ000738,0
SZ000737,0
SZ000736,0
SZ000735,0
SZ000733,0
SZ000731,0
SZ000729,0
SZ000728,0
SZ000727,0
SZ000726,0
SZ000725,0
SZ000723,0
SZ000722,0
SZ000721,0
SZ000720,0
SZ000719,0
SZ000718,0
SZ000717,0
SZ000716,0
SZ000715,0
SZ000713,0
SZ000712,0
SZ000711,0
SZ000710,0
SZ000709,0
SZ000708,0
SZ000707,0
SZ000705,0
SZ000703,0
SZ000702,0
SZ000701,0
SZ000700,0
SZ000698,0
SZ000697,0
SZ000695,0
SZ000692,0
SZ000691,0
SZ000690,0
SZ000688,0
SZ000686,0
SZ000685,0
SZ000683,0
SZ000682,0
SZ000681,0
SZ000680,0
SZ000679,0
SZ000678,0
SZ000677,0
SZ000676,0
SZ000672,0
SZ000670,0
SZ000669,0
SZ000668,0
SZ000665,0
SZ000663,0
SZ000661,0
SZ000659,0
SZ000657,0
SZ000656,0
SZ000655,0
SZ000652,0
SZ000651,0
SZ000650,0
SZ000639,0
SZ000638,0
SZ000637,0
SZ000636,0
SZ000635,0
SZ000633,0
SZ000632,0
SZ000631,0
SZ000630,0
SZ000629,0
SZ000628,0
SZ000626,0
SZ000625,0
SZ000623,0
SZ000620,0
SZ000619,0
SZ000617,0
SZ000615,0
SZ000612,0
SZ000610,0
SZ000609,0
SZ000608,0
SZ000607,0
SZ000605,0
SZ000603,0
SZ000601,0
SZ000600,0
SZ000599,0
SZ000598,0
SZ000597,0
SZ000596,0
SZ000595,0
SZ000593,0
SZ000592,0
SZ000591,0
SZ000590,0
SZ000589,0
SZ000586,0
SZ000582,0
SZ000581,0
SZ000576,0
SZ000573,0
SZ000572,0
SZ000571,0
SZ000570,0
SZ000568,0
SZ000567,0
SZ000566,0
SZ000565,0
SZ000564,0
SZ000563,0
SZ000561,0
SZ000560,0
SZ000559,0
SZ000558,0
SZ000557,0
SZ000555,0
SZ000554,0
SZ000553,0
SZ000552,0
SZ000551,0
SZ000550,0
SZ000548,0
SZ000547,0
SZ000546,0
SZ000545,0
SZ000544,0
SZ000543,0
SZ000541,0
SZ000539,0
SZ000538,0
SZ000537,0
SZ000536,0
SZ000534,0
SZ000533,0
SZ000532,0
SZ000531,0
SZ000530,0
SZ000529,0
SZ000528,0
SZ000526,0
SZ000525,0
SZ000524,0
SZ000523,0
SZ000521,0
SZ000520,0
SZ000519,0
SZ000518,0
SZ000517,0
SZ000516,0
SZ000514,0
SZ000513,0
SZ000510,0
SZ000509,0
SZ000507,0
SZ000506,0
SZ000505,0
SZ000504,0
SZ000503,0
SZ000501,0
SZ000498,0
SZ000488,0
SZ000430,0
SZ000429,0
SZ000428,0
SZ000426,0
SZ000425,0
SZ000423,0
SZ000422,0
SZ000421,0
SZ000420,0
SZ000419,0
SZ000417,0
SZ000415,0
SZ000411,0
SZ000410,0
SZ000409,0
SZ000408,0
SZ000407,0
SZ000404,0
SZ000403,0
SZ000402,0
SZ000401,0
SZ000400,0
SZ000338,0
SZ000333,0
SZ000301,0
SZ000166,0
SZ000159,0
SZ000158,0
SZ000157,0
SZ000156,0
SZ000155,0
SZ000153,0
SZ000151,0
SZ000100,0
SZ000099,0
SZ000096,0
SZ000090,0
SZ000089,0
SZ000088,0
SZ000078,0
SZ000070,0
SZ000069,0
SZ000068,0
SZ000066,0
SZ000065,0
SZ000063,0
SZ000062,0
SZ000061,0
SZ000060,0
SZ000059,0
SZ000058,0
SZ000056,0
SZ000055,0
SZ000050,0
SZ000049,0
SZ000048,0
SZ000045,0
SZ000042,0
SZ000039,0
SZ000037,0
SZ000036,0
SZ000035,0
SZ000034,0
SZ000032,0
SZ000031,0
SZ000030,0
SZ000029,0
SZ000028,0
SZ000027,0
SZ000026,0
SZ000025,0
SZ000021,0
SZ000020,0
SZ000019,0
SZ000017,0
SZ000016,0
SZ000014,0
SZ000012,0
SZ000011,0
SZ000010,0
SZ000009,0
SZ000008,0
SZ000007,0
SZ000006,0
SZ000004,0
SZ000002,0
SZ000001,0
SH689009,1
SH688981,1
SH688819,1
SH688800,1
SH688799,1
SH688798,1
SH688793,1
SH688789,1
SH688788,1
SH688787,1
SH688786,1
SH688783,1
SH688779,1
SH688778,1
SH688777,1
SH688776,1
SH688775,1
SH688772,1
SH688768,1
SH688767,1
SH688765,1
SH688759,1
SH688758,1
SH688757,1
SH688755,1
SH688750,1
SH688739,1
SH688737,1
SH688733,1
SH688729,1
SH688728,1
SH688727,1
SH688726,1
SH688722,1
SH688721,1
SH688720,1
SH688719,1
SH688718,1
SH688717,1
SH688716,1
SH688711,1
SH688710,1
SH688709,1
SH688708,1
SH688707,1
SH688702,1
SH688701,1
SH688700,1
SH688699,1
SH688698,1
SH688697,1
SH688696,1
SH688695,1
SH688693,1
SH688692,1
SH688691,1
SH688690,1
SH688689,1
SH688687,1
SH688686,1
SH688685,1
SH688683,1
SH688682,1
SH688681,1
SH688680,1
SH688679,1
SH688678,1
SH688677,1
SH688676,1
SH688671,1
SH688670,1
SH688669,1
SH688668,1
SH688667,1
SH688665,1
SH688663,1
SH688662,1
SH688661,1
SH688660,1
SH688659,1
SH688658,1
SH688657,1
SH688656,1
SH688655,1
SH688653,1
SH688652,1
SH688651,1
SH688648,1
SH688646,1
SH688639,1
SH688638,1
SH688636,1
SH688633,1
SH688631,1
SH688630,1
SH688629,1
SH688628,1
SH688627,1
SH688626,1
SH688625,1
SH688623,1
SH688622,1
SH688621,1
SH688620,1
SH688619,1
SH688618,1
SH688617,1
SH688616,1
SH688615,1
SH688613,1
SH688612,1
SH688611,1
SH688610,1
SH688609,1
SH688608,1
SH688607,1
SH688606,1
SH688605,1
SH688603,1
SH688602,1
SH688601,1
SH688600,1
SH688599,1
SH688598,1
SH688597,1
SH688596,1
SH688595,1
SH688593,1
SH688592,1
SH688591,1
SH688590,1
SH688589,1
SH688588,1
SH688586,1
SH688585,1
SH688584,1
SH688583,1
SH688582,1
SH688581,1
SH688580,1
SH688579,1
SH688578,1
SH688577,1
SH688576,1
SH688575,1
SH688573,1
SH688571,1
SH688570,1
SH688569,1
SH688568,1
SH688567,1
SH688566,1
SH688565,1
SH688563,1
SH688562,1
SH688561,1
SH688560,1
SH688559,1
SH688558,1
SH688557,1
SH688556,1
SH688553,1
SH688552,1
SH688551,1
SH688550,1
SH688549,1
SH688548,1
SH688545,1
SH688543,1
SH688539,1
SH688538,1
SH688535,1
SH688533,1
SH688531,1
SH688530,1
SH688529,1
SH688528,1
SH688526,1
SH688525,1
SH688523,1
SH688522,1
SH688521,1
SH688520,1
SH688519,1
SH688518,1
SH688517,1
SH688516,1
SH688515,1
SH688513,1
SH688512,1
SH688511,1
SH688510,1
SH688509,1
SH688508,1
SH688507,1
SH688506,1
SH688505,1
SH688503,1
SH688502,1
SH688501,1
SH688500,1
SH688499,1
SH688498,1
SH688496,1
SH688489,1
SH688488,1
SH688486,1
SH688485,1
SH688484,1
SH688480,1
SH688479,1
SH688478,1
SH688475,1
SH688472,1
SH688469,1
SH688468,1
SH688466,1
SH688459,1
SH688458,1
SH688456,1
SH688455,1
SH688450,1
SH688449,1
SH688448,1
SH688443,1
SH688439,1
SH688435,1
SH688433,1
SH688432,1
SH688429,1
SH688428,1
SH688426,1
SH688425,1
SH688420,1
SH688419,1
SH688418,1
SH688416,1
SH688411,1
SH688410,1
SH688409,1
SH688408,1
SH688403,1
SH688401,1
SH688400,1
SH688399,1
SH688398,1
SH688396,1
SH688395,1
SH688393,1
SH688392,1
SH688391,1
SH688390,1
SH688389,1
SH688388,1
SH688387,1
SH688386,1
SH688385,1
SH688383,1
SH688382,1
SH688381,1
SH688380,1
SH688379,1
SH688378,1
SH688377,1
SH688376,1
SH688375,1
SH688373,1
SH688372,1
SH688371,1
SH688370,1
SH688369,1
SH688368,1
SH688367,1
SH688366,1
SH688365,1
SH688363,1
SH688362,1
SH688361,1
SH688360,1
SH688359,1
SH688358,1
SH688357,1
SH688356,1
SH688355,1
SH688353,1
SH688352,1
SH688351,1
SH688350,1
SH688349,1
SH688348,1
SH688347,1
SH688345,1
SH688343,1
SH688339,1
SH688338,1
SH688337,1
SH688336,1
SH688335,1
SH688334,1
SH688333,1
SH688332,1
SH688331,1
SH688330,1
SH688329,1
SH688328,1
SH688327,1
SH688326,1
SH688325,1
SH688323,1
SH688322,1
SH688321,1
SH688320,1
SH688319,1
SH688318,1
SH688317,1
SH688316,1
SH688315,1
SH688314,1
SH688313,1
SH688312,1
SH688311,1
SH688310,1
SH688309,1
SH688308,1
SH688307,1
SH688306,1
SH688305,1
SH688303,1
SH688302,1
SH688301,1
SH688300,1
SH688299,1
SH688298,1
SH688297,1
SH688296,1
SH688295,1
SH688293,1
SH688292,1
SH688291,1
SH688290,1
SH688289,1
SH688288,1
SH688287,1
SH688286,1
SH688285,1
SH688283,1
SH688282,1
SH688281,1
SH688280,1
SH688279,1
SH688278,1
SH688277,1
SH688276,1
SH688275,1
SH688273,1
SH688272,1
SH688271,1
SH688270,1
SH688269,1
SH688268,1
SH688267,1
SH688266,1
SH688265,1
SH688262,1
SH688261,1
SH688260,1
SH688259,1
SH688258,1
SH688257,1
SH688256,1
SH688255,1
SH688253,1
SH688252,1
SH688251,1
SH688249,1
SH688248,1
SH688247,1
SH688246,1
SH688244,1
SH688239,1
SH688238,1
SH688236,1
SH688235,1
SH688234,1
SH688233,1
SH688232,1
SH688231,1
SH688230,1
SH688229,1
SH688228,1
SH688227,1
SH688226,1
SH688225,1
SH688223,1
SH688222,1
SH688221,1
SH688220,1
SH688219,1
SH688218,1
SH688217,1
SH688216,1
SH688215,1
SH688213,1
SH688212,1
SH688211,1
SH688210,1
SH688209,1
SH688208,1
SH688207,1
SH688206,1
SH688205,1
SH688203,1
SH688202,1
SH688201,1
SH688200,1
SH688199,1
SH688198,1
SH688197,1
SH688196,1
SH688195,1
SH688193,1
SH688192,1
SH688191,1
SH688190,1
SH688189,1
SH688188,1
SH688187,1
SH688186,1
SH688185,1
SH688184,1
SH688183,1
SH688182,1
SH688181,1
SH688180,1
SH688179,1
SH688178,1
SH688177,1
SH688176,1
SH688175,1
SH688173,1
SH688172,1
SH688171,1
SH688170,1
SH688169,1
SH688168,1
SH688167,1
SH688166,1
SH688165,1
SH688163,1
SH688162,1
SH688161,1
SH688160,1
SH688159,1
SH688158,1
SH688157,1
SH688156,1
SH688155,1
SH688153,1
SH688152,1
SH688151,1
SH688150,1
SH688148,1
SH688147,1
SH688146,1
SH688143,1
SH688141,1
SH688139,1
SH688138,1
SH688137,1
SH688136,1
SH688135,1
SH688133,1
SH688132,1
SH688131,1
SH688130,1
SH688129,1
SH688128,1
SH688127,1
SH688126,1
SH688125,1
SH688123,1
SH688122,1
SH688121,1
SH688120,1
SH688119,1
SH688118,1
SH688117,1
SH688116,1
SH688115,1
SH688114,1
SH688113,1
SH688112,1
SH688111,1
SH688110,1
SH688109,1
SH688108,1
SH688107,1
SH688106,1
SH688105,1
SH688103,1
SH688102,1
SH688101,1
SH688100,1
SH688099,1
SH688098,1
SH688097,1
SH688096,1
SH688095,1
SH688093,1
SH688092,1
SH688091,1
SH688090,1
SH688089,1
SH688088,1
SH688087,1
SH688085,1
SH688084,1
SH688083,1
SH688082,1
SH688081,1
SH688080,1
SH688079,1
SH688078,1
SH688077,1
SH688076,1
SH688075,1
SH688073,1
SH688072,1
SH688071,1
SH688070,1
SH688069,1
SH688068,1
SH688067,1
SH688066,1
SH688065,1
SH688063,1
SH688062,1
SH688061,1
SH688060,1
SH688059,1
SH688058,1
SH688057,1
SH688056,1
SH688055,1
SH688053,1
SH688052,1
SH688050,1
SH688049,1
SH688048,1
SH688047,1
SH688046,1
SH688045,1
SH688041,1
SH688039,1
SH688038,1
SH688037,1
SH688036,1
SH688035,1
SH688033,1
SH688032,1
SH688031,1
SH688030,1
SH688029,1
SH688028,1
SH688027,1
SH688026,1
SH688025,1
SH688023,1
SH688022,1
SH688021,1
SH688020,1
SH688019,1
SH688018,1
SH688017,1
SH688016,1
SH688015,1
SH688013,1
SH688012,1
SH688011,1
SH688010,1
SH688009,1
SH688008,1
SH688007,1
SH688006,1
SH688005,1
SH688004,1
SH688003,1
SH688002,1
SH688001,1
SH605599,1
SH605598,1
SH605589,1
SH605588,1
SH605580,1
SH605577,1
SH605567,1
SH605566,1
SH605555,1
SH605507,1
SH605500,1
SH605499,1
SH605488,1
SH605399,1
SH605398,1
SH605389,1
SH605388,1
SH605378,1
SH605377,1
SH605376,1
SH605369,1
SH605368,1
SH605366,1
SH605365,1
SH605358,1
SH605339,1
SH605338,1
SH605337,1
SH605336,1
SH605333,1
SH605319,1
SH605318,1
SH605305,1
SH605303,1
SH605300,1
SH605299,1
SH605298,1
SH605296,1
SH605289,1
SH605288,1
SH605287,1
SH605286,1
SH605277,1
SH605268,1
SH605266,1
SH605259,1
SH605258,1
SH605228,1
SH605222,1
SH605218,1
SH605208,1
SH605199,1
SH605198,1
SH605196,1
SH605189,1
SH605188,1
SH605186,1
SH605183,1
SH605180,1
SH605179,1
SH605178,1
SH605177,1
SH605169,1
SH605168,1
SH605167,1
SH605166,1
SH605162,1
SH605158,1
SH605155,1
SH605151,1
SH605138,1
SH605136,1
SH605133,1
SH605128,1
SH605123,1
SH605122,1
SH605118,1
SH605117,1
SH605116,1
SH605111,1
SH605108,1
SH605100,1
SH605099,1
SH605098,1
SH605090,1
SH605089,1
SH605088,1
SH605086,1
SH605081,1
SH605080,1
SH605077,1
SH605069,1
SH605068,1
SH605066,1
SH605060,1
SH605058,1
SH605056,1
SH605055,1
SH605050,1
SH605033,1
SH605028,1
SH605020,1
SH605018,1
SH605016,1
SH605011,1
SH605009,1
SH605008,1
SH605007,1
SH605006,1
SH605005,1
SH605003,1
SH605001,1
SH603999,1
SH603998,1
SH603997,1
SH603995,1
SH603993,1
SH603992,1
SH603991,1
SH603990,1
SH603989,1
SH603988,1
SH603987,1
SH603986,1
SH603985,1
SH603983,1
SH603982,1
SH603980,1
SH603979,1
SH603978,1
SH603977,1
SH603976,1
SH603970,1
SH603969,1
SH603968,1
SH603967,1
SH603966,1
SH603960,1
SH603959,1
SH603958,1
SH603956,1
SH603955,1
SH603950,1
SH603949,1
SH603948,1
SH603939,1
SH603938,1
SH603937,1
SH603936,1
SH603933,1
SH603931,1
SH603929,1
SH603928,1
SH603927,1
SH603926,1
SH603922,1
SH603920,1
SH603919,1
SH603918,1
SH603917,1
SH603916,1
SH603915,1
SH603912,1
SH603909,1
SH603908,1
SH603906,1
SH603903,1
SH603901,1
SH603900,1
SH603899,1
SH603898,1
SH603897,1
SH603896,1
SH603895,1
SH603893,1
SH603890,1
SH603889,1
SH603888,1
SH603887,1
SH603886,1
SH603885,1
SH603883,1
SH603882,1
SH603881,1
SH603880,1
SH603879,1
SH603878,1
SH603877,1
SH603876,1
SH603871,1
SH603869,1
SH603868,1
SH603867,1
SH603866,1
SH603863,1
SH603861,1
SH603860,1
SH603859,1
SH603858,1
SH603856,1
SH603855,1
SH603848,1
SH603839,1
SH603838,1
SH603836,1
SH603833,1
SH603829,1
SH603828,1
SH603826,1
SH603825,1
SH603823,1
SH603822,1
SH603819,1
SH603818,1
SH603817,1
SH603816,1
SH603815,1
SH603813,1
SH603811,1
SH603810,1
SH603809,1
SH603808,1
SH603806,1
SH603803,1
SH603801,1
SH603800,1
SH603799,1
SH603798,1
SH603797,1
SH603790,1
SH603789,1
SH603788,1
SH603787,1
SH603786,1
SH603779,1
SH603778,1
SH603777,1
SH603776,1
SH603773,1
SH603768,1
SH603767,1
SH603766,1
SH603759,1
SH603758,1
SH603757,1
SH603755,1
SH603739,1
SH603738,1
SH603737,1
SH603733,1
SH603730,1
SH603729,1
SH603728,1
SH603727,1
SH603726,1
SH603725,1
SH603722,1
SH603721,1
SH603719,1
SH603718,1
SH603717,1
SH603716,1
SH603713,1
SH603712,1
SH603711,1
SH603709,1
SH603708,1
SH603707,1
SH603706,1
SH603703,1
SH603701,1
SH603700,1
SH603699,1
SH603698,1
SH603697,1
SH603696,1
SH603693,1
SH603690,1
SH603689,1
SH603688,1
SH603687,1
SH603686,1
SH603685,1
SH603683,1
SH603682,1
SH603681,1
SH603680,1
SH603679,1
SH603678,1
SH603677,1
SH603676,1
SH603669,1
SH603668,1
SH603667,1
SH603666,1
SH603665,1
SH603663,1
SH603662,1
SH603661,1
SH603660,1
SH603659,1
SH603658,1
SH603657,1
SH603656,1
SH603655,1
SH603650,1
SH603648,1
SH603639,1
SH603638,1
SH603637,1
SH603636,1
SH603633,1
SH603630,1
SH603629,1
SH603628,1
SH603626,1
SH603619,1
SH603618,1
SH603617,1
SH603616,1
SH603615,1
SH603613,1
SH603612,1
SH603611,1
SH603610,1
SH603609,1
SH603608,1
SH603607,1
SH603606,1
SH603605,1
SH603602,1
SH603601,1
SH603600,1
SH603599,1
SH603598,1
SH603596,1
SH603595,1
SH603590,1
SH603589,1
SH603588,1
SH603587,1
SH603586,1
SH603585,1
SH603583,1
SH603580,1
SH603579,1
SH603578,1
SH603577,1
SH603569,1
SH603568,1
SH603567,1
SH603566,1
SH603565,1
SH603559,1
SH603558,1
SH603557,1
SH603556,1
SH603551,1
SH603538,1
SH603536,1
SH603535,1
SH603533,1
SH603530,1
SH603529,1
SH603528,1
SH603527,1
SH603520,1
SH603519,1
SH603518,1
SH603517,1
SH603516,1
SH603515,1
SH603511,1
SH603508,1
SH603507,1
SH603506,1
SH603505,1
SH603501,1
SH603500,1
SH603499,1
SH603496,1
SH603489,1
SH603488,1
SH603486,1
SH603477,1
SH603466,1
SH603458,1
SH603456,1
SH603444,1
SH603439,1
SH603429,1
SH603421,1
SH603418,1
SH603416,1
SH603409,1
SH603408,1
SH603406,1
SH603400,1
SH603399,1
SH603398,1
SH603396,1
SH603395,1
SH603393,1
SH603392,1
SH603391,1
SH603390,1
SH603389,1
SH603387,1
SH603386,1
SH603385,1
SH603383,1
SH603382,1
SH603381,1
SH603380,1
SH603379,1
SH603378,1
SH603377,1
SH603376,1
SH603375,1
SH603373,1
SH603370,1
SH603369,1
SH603368,1
SH603367,1
SH603366,1
SH603365,1
SH603363,1
SH603360,1
SH603359,1
SH603358,1
SH603357,1
SH603356,1
SH603355,1
SH603353,1
SH603351,1
SH603350,1
SH603348,1
SH603345,1
SH603344,1
SH603341,1
SH603339,1
SH603338,1
SH603337,1
SH603336,1
SH603335,1
SH603334,1
SH603333,1
SH603332,1
SH603331,1
SH603330,1
SH603329,1
SH603328,1
SH603327,1
SH603326,1
SH603325,1
SH603324,1
SH603323,1
SH603322,1
SH603321,1
SH603320,1
SH603319,1
SH603318,1
SH603317,1
SH603316,1
SH603315,1
SH603313,1
SH603312,1
SH603311,1
SH603310,1
SH603309,1
SH603308,1
SH603307,1
SH603306,1
SH603305,1
SH603303,1
SH603301,1
SH603300,1
SH603299,1
SH603298,1
SH603297,1
SH603296,1
SH603291,1
SH603290,1
SH603289,1
SH603288,1
SH603286,1
SH603285,1
SH603283,1
SH603282,1
SH603281,1
SH603280,1
SH603279,1
SH603278,1
SH603277,1
SH603276,1
SH603275,1
SH603273,1
SH603272,1
SH603271,1
SH603270,1
SH603269,1
SH603268,1
SH603267,1
SH603266,1
SH603262,1
SH603261,1
SH603260,1
SH603259,1
SH603258,1
SH603257,1
SH603256,1
SH603255,1
SH603239,1
SH603238,1
SH603237,1
SH603236,1
SH603235,1
SH603233,1
SH603232,1
SH603231,1
SH603230,1
SH603229,1
SH603228,1
SH603227,1
SH603226,1
SH603225,1
SH603223,1
SH603222,1
SH603221,1
SH603220,1
SH603219,1
SH603218,1
SH603217,1
SH603216,1
SH603215,1
SH603214,1
SH603213,1
SH603212,1
SH603211,1
SH603210,1
SH603209,1
SH603208,1
SH603207,1
SH603206,1
SH603205,1
SH603203,1
SH603202,1
SH603201,1
SH603200,1
SH603199,1
SH603198,1
SH603197,1
SH603196,1
SH603195,1
SH603194,1
SH603193,1
SH603192,1
SH603191,1
SH603190,1
SH603189,1
SH603188,1
SH603187,1
SH603186,1
SH603185,1
SH603183,1
SH603182,1
SH603181,1
SH603180,1
SH603179,1
SH603178,1
SH603177,1
SH603176,1
SH603175,1
SH603173,1
SH603172,1
SH603171,1
SH603170,1
SH603169,1
SH603168,1
SH603167,1
SH603166,1
SH603165,1
SH603163,1
SH603162,1
SH603161,1
SH603160,1
SH603159,1
SH603158,1
SH603156,1
SH603155,1
SH603153,1
SH603151,1
SH603150,1
SH603139,1
SH603138,1
SH603137,1
SH603136,1
SH603135,1
SH603132,1
SH603131,1
SH603130,1
SH603129,1
SH603128,1
SH603127,1
SH603126,1
SH603125,1
SH603124,1
SH603123,1
SH603122,1
SH603121,1
SH603120,1
SH603119,1
SH603118,1
SH603117,1
SH603116,1
SH603115,1
SH603113,1
SH603112,1
SH603111,1
SH603110,1
SH603109,1
SH603108,1
SH603107,1
SH603106,1
SH603105,1
SH603103,1
SH603102,1
SH603101,1
SH603100,1
SH603099,1
SH603098,1
SH603097,1
SH603096,1
SH603095,1
SH603093,1
SH603092,1
SH603091,1
SH603090,1
SH603089,1
SH603088,1
SH603087,1
SH603086,1
SH603085,1
SH603083,1
SH603082,1
SH603081,1
SH603080,1
SH603079,1
SH603078,1
SH603077,1
SH603076,1
SH603075,1
SH603073,1
SH603072,1
SH603071,1
SH603070,1
SH603069,1
SH603068,1
SH603067,1
SH603066,1
SH603065,1
SH603063,1
SH603062,1
SH603061,1
SH603060,1
SH603059,1
SH603058,1
SH603057,1
SH603056,1
SH603055,1
SH603053,1
SH603052,1
SH603051,1
SH603050,1
SH603049,1
SH603048,1
SH603045,1
SH603043,1
SH603042,1
SH603041,1
SH603040,1
SH603039,1
SH603038,1
SH603036,1
SH603035,1
SH603033,1
SH603032,1
SH603031,1
SH603030,1
SH603029,1
SH603028,1
SH603027,1
SH603026,1
SH603025,1
SH603023,1
SH603022,1
SH603021,1
SH603020,1
SH603019,1
SH603018,1
SH603017,1
SH603016,1
SH603015,1
SH603014,1
SH603013,1
SH603012,1
SH603011,1
SH603010,1
SH603009,1
SH603008,1
SH603007,1
SH603006,1
SH603005,1
SH603004,1
SH603002,1
SH603001,1
SH603000,1
SH601999,1
SH601998,1
SH601997,1
SH601996,1
SH601992,1
SH601991,1
SH601990,1
SH601988,1
SH601985,1
SH601975,1
SH601969,1
SH601968,1
SH601966,1
SH601965,1
SH601963,1
SH601958,1
SH601956,1
SH601952,1
SH601949,1
SH601939,1
SH601933,1
SH601929,1
SH601928,1
SH601921,1
SH601919,1
SH601918,1
SH601916,1
SH601908,1
SH601901,1
SH601900,1
SH601899,1
SH601898,1
SH601890,1
SH601888,1
SH601886,1
SH601882,1
SH601881,1
SH601880,1
SH601878,1
SH601877,1
SH601872,1
SH601869,1
SH601868,1
SH601866,1
SH601865,1
SH601860,1
SH601858,1
SH601857,1
SH601838,1
SH601828,1
SH601827,1
SH601825,1
SH601818,1
SH601816,1
SH601811,1
SH601808,1
SH601801,1
SH601800,1
SH601799,1
SH601798,1
SH601789,1
SH601788,1
SH601778,1
SH601777,1
SH601766,1
SH601728,1
SH601727,1
SH601718,1
SH601717,1
SH601702,1
SH601700,1
SH601699,1
SH601698,1
SH601696,1
SH601689,1
SH601688,1
SH601686,1
SH601678,1
SH601677,1
SH601669,1
SH601668,1
SH601666,1
SH601665,1
SH601658,1
SH601636,1
SH601633,1
SH601628,1
SH601619,1
SH601618,1
SH601616,1
SH601615,1
SH601611,1
SH601609,1
SH601608,1
SH601607,1
SH601606,1
SH601601,1
SH601600,1
SH601599,1
SH601598,1
SH601595,1
SH601588,1
SH601579,1
SH601577,1
SH601568,1
SH601567,1
SH601566,1
SH601555,1
SH601528,1
SH601519,1
SH601518,1
SH601515,1
SH601512,1
SH601500,1
SH601456,1
SH601399,1
SH601398,1
SH601390,1
SH601388,1
SH601377,1
SH601375,1
SH601369,1
SH601368,1
SH601366,1
SH601360,1
SH601339,1
SH601336,1
SH601333,1
SH601330,1
SH601328,1
SH601326,1
SH601319,1
SH601318,1
SH601311,1
SH601298,1
SH601288,1
SH601279,1
SH601238,1
SH601236,1
SH601233,1
SH601231,1
SH601229,1
SH601228,1
SH601226,1
SH601225,1
SH601222,1
SH601218,1
SH601216,1
SH601212,1
SH601211,1
SH601208,1
SH601200,1
SH601199,1
SH601188,1
SH601187,1
SH601186,1
SH601179,1
SH601177,1
SH601169,1
SH601168,1
SH601166,1
SH601163,1
SH601162,1
SH601158,1
SH601156,1
SH601155,1
SH601139,1
SH601138,1
SH601137,1
SH601136,1
SH601133,1
SH601128,1
SH601127,1
SH601126,1
SH601121,1
SH601118,1
SH601117,1
SH601116,1
SH601113,1
SH601111,1
SH601108,1
SH601107,1
SH601106,1
SH601101,1
SH601100,1
SH601099,1
SH601098,1
SH601096,1
SH601089,1
SH601088,1
SH601086,1
SH601083,1
SH601077,1
SH601069,1
SH601068,1
SH601066,1
SH601065,1
SH601061,1
SH601058,1
SH601038,1
SH601033,1
SH601026,1
SH601022,1
SH601021,1
SH601020,1
SH601019,1
SH601018,1
SH601016,1
SH601015,1
SH601012,1
SH601011,1
SH601010,1
SH601009,1
SH601008,1
SH601007,1
SH601006,1
SH601005,1
SH601003,1
SH601002,1
SH601001,1
SH601000,1
SH600999,1
SH600998,1
SH600997,1
SH600996,1
SH600995,1
SH600993,1
SH600992,1
SH600990,1
SH600989,1
SH600988,1
SH600987,1
SH600986,1
SH600985,1
SH600984,1
SH600983,1
SH600982,1
SH600981,1
SH600980,1
SH600979,1
SH600977,1
SH600976,1
SH600975,1
SH600973,1
SH600971,1
SH600970,1
SH600969,1
SH600968,1
SH600967,1
SH600966,1
SH600965,1
SH600963,1
SH600962,1
SH600961,1
SH600960,1
SH600959,1
SH600958,1
SH600956,1
SH600955,1
SH600941,1
SH600939,1
SH600938,1
SH600936,1
SH600935,1
SH600933,1
SH600930,1
SH600929,1
SH600928,1
SH600927,1
SH600926,1
SH600925,1
SH600919,1
SH600918,1
SH600917,1
SH600916,1
SH600909,1
SH600908,1
SH600906,1
SH600905,1
SH600903,1
SH600901,1
SH600900,1
SH600897,1
SH600895,1
SH600894,1
SH600893,1
SH600892,1
SH600889,1
SH600888,1
SH600887,1
SH600886,1
SH600885,1
SH600884,1
SH600883,1
SH600882,1
SH600881,1
SH600880,1
SH600879,1
SH600877,1
SH600876,1
SH600875,1
SH600874,1
SH600873,1
SH600872,1
SH600871,1
SH600869,1
SH600868,1
SH600867,1
SH600866,1
SH600865,1
SH600864,1
SH600863,1
SH600862,1
SH600861,1
SH600860,1
SH600859,1
SH600858,1
SH600857,1
SH600855,1
SH600854,1
SH600853,1
SH600851,1
SH600850,1
SH600848,1
SH600847,1
SH600846,1
SH600845,1
SH600844,1
SH600843,1
SH600841,1
SH600839,1
SH600838,1
SH600835,1
SH600834,1
SH600833,1
SH600831,1
SH600830,1
SH600829,1
SH600828,1
SH600827,1
SH600826,1
SH600825,1
SH600824,1
SH600822,1
SH600821,1
SH600820,1
SH600819,1
SH600818,1
SH600817,1
SH600816,1
SH600815,1
SH600814,1
SH600812,1
SH600810,1
SH600809,1
SH600808,1
SH600807,1
SH600805,1
SH600803,1
SH600802,1
SH600801,1
SH600800,1
SH600798,1
SH600797,1
SH600796,1
SH600795,1
SH600794,1
SH600793,1
SH600792,1
SH600791,1
SH600790,1
SH600789,1
SH600787,1
SH600785,1
SH600784,1
SH600783,1
SH600782,1
SH600780,1
SH600779,1
SH600778,1
SH600777,1
SH600776,1
SH600775,1
SH600774,1
SH600773,1
SH600771,1
SH600770,1
SH600769,1
SH600768,1
SH600765,1
SH600764,1
SH600763,1
SH600761,1
SH600760,1
SH600759,1
SH600758,1
SH600757,1
SH600756,1
SH600755,1
SH600754,1
SH600753,1
SH600751,1
SH600750,1
SH600749,1
SH600748,1
SH600746,1
SH600745,1
SH600744,1
SH600743,1
SH600742,1
SH600741,1
SH600740,1
SH600739,1
SH600738,1
SH600737,1
SH600736,1
SH600735,1
SH600734,1
SH600733,1
SH600732,1
SH600731,1
SH600730,1
SH600729,1
SH600728,1
SH600727,1
SH600726,1
SH600725,1
SH600724,1
SH600722,1
SH600721,1
SH600720,1
SH600719,1
SH600718,1
SH600717,1
SH600716,1
SH600715,1
SH600714,1
SH600713,1
SH600712,1
SH600711,1
SH600710,1
SH600708,1
SH600707,1
SH600706,1
SH600704,1
SH600703,1
SH600702,1
SH600699,1
SH600698,1
SH600697,1
SH600696,1
SH600694,1
SH600693,1
SH600692,1
SH600691,1
SH600690,1
SH600689,1
SH600688,1
SH600686,1
SH600685,1
SH600684,1
SH600683,1
SH600682,1
SH600681,1
SH600679,1
SH600678,1
SH600676,1
SH600675,1
SH600674,1
SH600673,1
SH600671,1
SH600668,1
SH600667,1
SH600666,1
SH600665,1
SH600664,1
SH600663,1
SH600662,1
SH600661,1
SH600660,1
SH600658,1
SH600657,1
SH600655,1
SH600654,1
SH600653,1
SH600651,1
SH600650,1
SH600649,1
SH600648,1
SH600645,1
SH600644,1
SH600643,1
SH600642,1
SH600641,1
SH600640,1
SH600639,1
SH600638,1
SH600637,1
SH600636,1
SH600635,1
SH600633,1
SH600630,1
SH600629,1
SH600628,1
SH600626,1
SH600624,1
SH600623,1
SH600622,1
SH600621,1
SH600620,1
SH600619,1
SH600618,1
SH600617,1
SH600616,1
SH600615,1
SH600613,1
SH600612,1
SH600611,1
SH600610,1
SH600609,1
SH600608,1
SH600606,1
SH600605,1
SH600604,1
SH600603,1
SH600602,1
SH600601,1
SH600600,1
SH600599,1
SH600598,1
SH600597,1
SH600596,1
SH600595,1
SH600594,1
SH600593,1
SH600592,1
SH600590,1
SH600589,1
SH600588,1
SH600587,1
SH600586,1
SH600585,1
SH600584,1
SH600583,1
SH600582,1
SH600581,1
SH600580,1
SH600579,1
SH600578,1
SH600577,1
SH600576,1
SH600575,1
SH600573,1
SH600572,1
SH600571,1
SH600570,1
SH600569,1
SH600568,1
SH600567,1
SH600566,1
SH600563,1
SH600562,1
SH600561,1
SH600560,1
SH600559,1
SH600558,1
SH600557,1
SH600556,1
SH600552,1
SH600551,1
SH600550,1
SH600549,1
SH600548,1
SH600547,1
SH600546,1
SH600545,1
SH600543,1
SH600540,1
SH600539,1
SH600538,1
SH600537,1
SH600536,1
SH600535,1
SH600533,1
SH600531,1
SH600530,1
SH600529,1
SH600528,1
SH600527,1
SH600526,1
SH600525,1
SH600523,1
SH600522,1
SH600521,1
SH600520,1
SH600519,1
SH600518,1
SH600517,1
SH600516,1
SH600515,1
SH600513,1
SH600512,1
SH600511,1
SH600510,1
SH600509,1
SH600508,1
SH600507,1
SH600506,1
SH600505,1
SH600503,1
SH600502,1
SH600501,1
SH600500,1
SH600499,1
SH600498,1
SH600497,1
SH600496,1
SH600495,1
SH600493,1
SH600491,1
SH600490,1
SH600489,1
SH600488,1
SH600487,1
SH600486,1
SH600483,1
SH600482,1
SH600481,1
SH600480,1
SH600479,1
SH600478,1
SH600477,1
SH600476,1
SH600475,1
SH600470,1
SH600469,1
SH600468,1
SH600467,1
SH600463,1
SH600461,1
SH600460,1
SH600459,1
SH600458,1
SH600456,1
SH600455,1
SH600452,1
SH600449,1
SH600448,1
SH600446,1
SH600444,1
SH600439,1
SH600438,1
SH600436,1
SH600435,1
SH600433,1
SH600429,1
SH600428,1
SH600426,1
SH600425,1
SH600423,1
SH600422,1
SH600421,1
SH600420,1
SH600419,1
SH600418,1
SH600416,1
SH600415,1
SH600410,1
SH600409,1
SH600408,1
SH600406,1
SH600405,1
SH600403,1
SH600400,1
SH600399,1
SH600398,1
SH600397,1
SH600396,1
SH600395,1
SH600392,1
SH600391,1
SH600390,1
SH600389,1
SH600388,1
SH600386,1
SH600383,1
SH600382,1
SH600381,1
SH600380,1
SH600379,1
SH600378,1
SH600377,1
SH600376,1
SH600375,1
SH600373,1
SH600372,1
SH600371,1
SH600370,1
SH600369,1
SH600368,1
SH600367,1
SH600366,1
SH600365,1
SH600363,1
SH600362,1
SH600361,1
SH600360,1
SH600359,1
SH600358,1
SH600356,1
SH600355,1
SH600354,1
SH600353,1
SH600352,1
SH600351,1
SH600350,1
SH600348,1
SH600346,1
SH600345,1
SH600343,1
SH600340,1
SH600339,1
SH600338,1
SH600337,1
SH600336,1
SH600335,1
SH600333,1
SH600332,1
SH600331,1
SH600330,1
SH600329,1
SH600328,1
SH600327,1
SH600326,1
SH600325,1
SH600323,1
SH600322,1
SH600320,1
SH600319,1
SH600318,1
SH600316,1
SH600315,1
SH600313,1
SH600312,1
SH600310,1
SH600309,1
SH600308,1
SH600307,1
SH600305,1
SH600303,1
SH600302,1
SH600301,1
SH600300,1
SH600299,1
SH600298,1
SH600295,1
SH600293,1
SH600292,1
SH600289,1
SH600288,1
SH600287,1
SH600285,1
SH600284,1
SH600283,1
SH600282,1
SH600281,1
SH600280,1
SH600279,1
SH600278,1
SH600276,1
SH600273,1
SH600272,1
SH600271,1
SH600269,1
SH600268,1
SH600267,1
SH600266,1
SH600265,1
SH600262,1
SH600261,1
SH600259,1
SH600258,1
SH600257,1
SH600256,1
SH600255,1
SH600252,1
SH600251,1
SH600250,1
SH600249,1
SH600248,1
SH600246,1
SH600243,1
SH600241,1
SH600239,1
SH600238,1
SH600237,1
SH600236,1
SH600235,1
SH600234,1
SH600233,1
SH600232,1
SH600231,1
SH600230,1
SH600229,1
SH600228,1
SH600227,1
SH600226,1
SH600223,1
SH600222,1
SH600221,1
SH600219,1
SH600218,1
SH600217,1
SH600216,1
SH600215,1
SH600212,1
SH600211,1
SH600210,1
SH600208,1
SH600207,1
SH600206,1
SH600203,1
SH600202,1
SH600201,1
SH600199,1
SH600198,1
SH600197,1
SH600196,1
SH600195,1
SH600193,1
SH600192,1
SH600191,1
SH600189,1
SH600188,1
SH600187,1
SH600186,1
SH600185,1
SH600184,1
SH600183,1
SH600182,1
SH600180,1
SH600179,1
SH600178,1
SH600177,1
SH600176,1
SH600173,1
SH600172,1
SH600171,1
SH600170,1
SH600169,1
SH600168,1
SH600167,1
SH600166,1
SH600165,1
SH600163,1
SH600162,1
SH600161,1
SH600160,1
SH600159,1
SH600158,1
SH600157,1
SH600156,1
SH600155,1
SH600153,1
SH600152,1
SH600151,1
SH600150,1
SH600149,1
SH600148,1
SH600143,1
SH600141,1
SH600138,1
SH600137,1
SH600136,1
SH600135,1
SH600133,1
SH600132,1
SH600131,1
SH600130,1
SH600129,1
SH600128,1
SH600127,1
SH600126,1
SH600125,1
SH600123,1
SH600121,1
SH600120,1
SH600119,1
SH600118,1
SH600117,1
SH600116,1
SH600115,1
SH600114,1
SH600113,1
SH600111,1
SH600110,1
SH600109,1
SH600108,1
SH600107,1
SH600106,1
SH600105,1
SH600104,1
SH600103,1
SH600101,1
SH600100,1
SH600099,1
SH600098,1
SH600097,1
SH600096,1
SH600095,1
SH600094,1
SH600089,1
SH600088,1
SH600085,1
SH600084,1
SH600082,1
SH600081,1
SH600080,1
SH600079,1
SH600078,1
SH600076,1
SH600075,1
SH600073,1
SH600072,1
SH600071,1
SH600067,1
SH600066,1
SH600064,1
SH600063,1
SH600062,1
SH600061,1
SH600060,1
SH600059,1
SH600058,1
SH600057,1
SH600056,1
SH600055,1
SH600054,1
SH600053,1
SH600052,1
SH600051,1
SH600050,1
SH600048,1
SH600039,1
SH600038,1
SH600037,1
SH600036,1
SH600035,1
SH600033,1
SH600032,1
SH600031,1
SH600030,1
SH600029,1
SH600028,1
SH600027,1
SH600026,1
SH600025,1
SH600023,1
SH600022,1
SH600021,1
SH600020,1
SH600019,1
SH600018,1
SH600017,1
SH600016,1
SH600015,1
SH600012,1
SH600011,1
SH600010,1
SH600009,1
SH600008,1
SH600007,1
SH600006,1
SH600004,1
SH600000,1
ETF589990,1
ETF589980,1
ETF589960,1
ETF589950,1
ETF589900,1
ETF589890,1
ETF589880,1
ETF589860,1
ETF589850,1
ETF589820,1
ETF589800,1
ETF589780,1
ETF589770,1
ETF589720,1
ETF589700,1
ETF589680,1
ETF589660,1
ETF589630,1
ETF589600,1
ETF589580,1
ETF589560,1
ETF589550,1
ETF589520,1
ETF589500,1
ETF589380,1
ETF589300,1
ETF589200,1
ETF589180,1
ETF589120,1
ETF589110,1
ETF589100,1
ETF589090,1
ETF589080,1
ETF589060,1
ETF589050,1
ETF589020,1
ETF589010,1
ETF589000,1
ETF588990,1
ETF588980,1
ETF588960,1
ETF588950,1
ETF588940,1
ETF588930,1
ETF588920,1
ETF588910,1
ETF588900,1
ETF588890,1
ETF588880,1
ETF588870,1
ETF588860,1
ETF588850,1
ETF588840,1
ETF588830,1
ETF588820,1
ETF588810,1
ETF588800,1
ETF588790,1
ETF588780,1
ETF588770,1
ETF588760,1
ETF588750,1
ETF588730,1
ETF588720,1
ETF588710,1
ETF588700,1
ETF588690,1
ETF588680,1
ETF588670,1
ETF588660,1
ETF588550,1
ETF588520,1
ETF588500,1
ETF588460,1
ETF588450,1
ETF588400,1
ETF588390,1
ETF588380,1
ETF588370,1
ETF588360,1
ETF588350,1
ETF588330,1
ETF588320,1
ETF588310,1
ETF588300,1
ETF588290,1
ETF588280,1
ETF588270,1
ETF588260,1
ETF588250,1
ETF588240,1
ETF588230,1
ETF588220,1
ETF588210,1
ETF588200,1
ETF588190,1
ETF588180,1
ETF588170,1
ETF588160,1
ETF588150,1
ETF588140,1
ETF588130,1
ETF588120,1
ETF588110,1
ETF588100,1
ETF588090,1
ETF588080,1
ETF588070,1
ETF588060,1
ETF588050,1
ETF588040,1
ETF588030,1
ETF588020,1
ETF588010,1
ETF588000,1
ETF563990,1
ETF563980,1
ETF563900,1
ETF563890,1
ETF563880,1
ETF563860,1
ETF563830,1
ETF563800,1
ETF563780,1
ETF563770,1
ETF563760,1
ETF563750,1
ETF563700,1
ETF563690,1
ETF563680,1
ETF563670,1
ETF563660,1
ETF563650,1
ETF563630,1
ETF563620,1
ETF563600,1
ETF563590,1
ETF563580,1
ETF563570,1
ETF563550,1
ETF563530,1
ETF563520,1
ETF563500,1
ETF563390,1
ETF563380,1
ETF563360,1
ETF563350,1
ETF563330,1
ETF563320,1
ETF563300,1
ETF563280,1
ETF563230,1
ETF563220,1
ETF563210,1
ETF563200,1
ETF563180,1
ETF563150,1
ETF563090,1
ETF563080,1
ETF563060,1
ETF563050,1
ETF563030,1
ETF563020,1
ETF563010,1
ETF563000,1
ETF562990,1
ETF562970,1
ETF562960,1
ETF562950,1
ETF562930,1
ETF562920,1
ETF562910,1
ETF562900,1
ETF562890,1
ETF562880,1
ETF562870,1
ETF562860,1
ETF562850,1
ETF562820,1
ETF562810,1
ETF562800,1
ETF562700,1
ETF562660,1
ETF562600,1
ETF562590,1
ETF562580,1
ETF562570,1
ETF562560,1
ETF562550,1
ETF562530,1
ETF562520,1
ETF562510,1
ETF562500,1
ETF562390,1
ETF562380,1
ETF562360,1
ETF562350,1
ETF562340,1
ETF562330,1
ETF562320,1
ETF562310,1
ETF562300,1
ETF562080,1
ETF562060,1
ETF562050,1
ETF562030,1
ETF562010,1
ETF562000,1
ETF561990,1
ETF561980,1
ETF561960,1
ETF561950,1
ETF561930,1
ETF561920,1
ETF561910,1
ETF561900,1
ETF561880,1
ETF561870,1
ETF561800,1
ETF561790,1
ETF561780,1
ETF561770,1
ETF561760,1
ETF561750,1
ETF561700,1
ETF561680,1
ETF561660,1
ETF561600,1
ETF561590,1
ETF561580,1
ETF561570,1
ETF561560,1
ETF561550,1
ETF561510,1
ETF561500,1
ETF561380,1
ETF561370,1
ETF561360,1
ETF561350,1
ETF561330,1
ETF561320,1
ETF561310,1
ETF561300,1
ETF561280,1
ETF561260,1
ETF561230,1
ETF561220,1
ETF561200,1
ETF561190,1
ETF561180,1
ETF561170,1
ETF561160,1
ETF561130,1
ETF561120,1
ETF561100,1
ETF561090,1
ETF561080,1
ETF561060,1
ETF561010,1
ETF561000,1
ETF560990,1
ETF560980,1
ETF560950,1
ETF560900,1
ETF560890,1
ETF560880,1
ETF560860,1
ETF560850,1
ETF560820,1
ETF560810,1
ETF560800,1
ETF560780,1
ETF560770,1
ETF560750,1
ETF560700,1
ETF560690,1
ETF560680,1
ETF560660,1
ETF560650,1
ETF560630,1
ETF560620,1
ETF560610,1
ETF560590,1
ETF560580,1
ETF560570,1
ETF560560,1
ETF560550,1
ETF560530,1
ETF560520,1
ETF560510,1
ETF560500,1
ETF560380,1
ETF560360,1
ETF560350,1
ETF560330,1
ETF560300,1
ETF560280,1
ETF560260,1
ETF560220,1
ETF560190,1
ETF560180,1
ETF560170,1
ETF560150,1
ETF560120,1
ETF560110,1
ETF560100,1
ETF560090,1
ETF560080,1
ETF560070,1
ETF560060,1
ETF560050,1
ETF560030,1
ETF560020,1
ETF560010,1
ETF560000,1
ETF530880,1
ETF530800,1
ETF530680,1
ETF530580,1
ETF530530,1
ETF530380,1
ETF530300,1
ETF530280,1
ETF530180,1
ETF530100,1
ETF530080,1
ETF530050,1
ETF530000,1
ETF520990,1
ETF520980,1
ETF520970,1
ETF520960,1
ETF520950,1
ETF520940,1
ETF520920,1
ETF520900,1
ETF520890,1
ETF520880,1
ETF520870,1
ETF520860,1
ETF520840,1
ETF520830,1
ETF520720,1
ETF520700,1
ETF520690,1
ETF520670,1
ETF520660,1
ETF520650,1
ETF520620,1
ETF520600,1
ETF520580,1
ETF520570,1
ETF520560,1
ETF520550,1
ETF520520,1
ETF520510,1
ETF520500,1
ETF518890,1
ETF518880,1
ETF518860,1
ETF518850,1
ETF518800,1
ETF518680,1
ETF518660,1
ETF518600,1
ETF517990,1
ETF517900,1
ETF517880,1
ETF517850,1
ETF517800,1
ETF517770,1
ETF517660,1
ETF517550,1
ETF517520,1
ETF517400,1
ETF517390,1
ETF517380,1
ETF517360,1
ETF517350,1
ETF517330,1
ETF517300,1
ETF517200,1
ETF517180,1
ETF517170,1
ETF517160,1
ETF517120,1
ETF517110,1
ETF517100,1
ETF517090,1
ETF517080,1
ETF517050,1
ETF517030,1
ETF517010,1
ETF517000,1
ETF516980,1
ETF516970,1
ETF516960,1
ETF516950,1
ETF516930,1
ETF516920,1
ETF516910,1
ETF516900,1
ETF516890,1
ETF516880,1
ETF516860,1
ETF516850,1
ETF516830,1
ETF516820,1
ETF516810,1
ETF516800,1
ETF516790,1
ETF516780,1
ETF516770,1
ETF516760,1
ETF516750,1
ETF516730,1
ETF516720,1
ETF516710,1
ETF516700,1
ETF516670,1
ETF516660,1
ETF516650,1
ETF516640,1
ETF516630,1
ETF516620,1
ETF516610,1
ETF516600,1
ETF516590,1
ETF516580,1
ETF516570,1
ETF516560,1
ETF516550,1
ETF516530,1
ETF516520,1
ETF516510,1
ETF516500,1
ETF516460,1
ETF516390,1
ETF516380,1
ETF516360,1
ETF516350,1
ETF516330,1
ETF516320,1
ETF516310,1
ETF516300,1
ETF516290,1
ETF516270,1
ETF516260,1
ETF516220,1
ETF516210,1
ETF516200,1
ETF516190,1
ETF516180,1
ETF516160,1
ETF516150,1
ETF516130,1
ETF516120,1
ETF516110,1
ETF516100,1
ETF516090,1
ETF516080,1
ETF516070,1
ETF516060,1
ETF516050,1
ETF516020,1
ETF516010,1
ETF516000,1
ETF515990,1
ETF515980,1
ETF515960,1
ETF515950,1
ETF515920,1
ETF515910,1
ETF515900,1
ETF515890,1
ETF515880,1
ETF515860,1
ETF515850,1
ETF515810,1
ETF515800,1
ETF515790,1
ETF515770,1
ETF515760,1
ETF515750,1
ETF515730,1
ETF515720,1
ETF515710,1
ETF515700,1
ETF515680,1
ETF515660,1
ETF515650,1
ETF515630,1
ETF515600,1
ETF515590,1
ETF515580,1
ETF515560,1
ETF515550,1
ETF515530,1
ETF515450,1
ETF515400,1
ETF515390,1
ETF515380,1
ETF515370,1
ETF515360,1
ETF515350,1
ETF515330,1
ETF515320,1
ETF515310,1
ETF515300,1
ETF515290,1
ETF515260,1
ETF515250,1
ETF515230,1
ETF515220,1
ETF515210,1
ETF515200,1
ETF515190,1
ETF515180,1
ETF515170,1
ETF515160,1
ETF515150,1
ETF515130,1
ETF515120,1
ETF515110,1
ETF515100,1
ETF515090,1
ETF515080,1
ETF515070,1
ETF515060,1
ETF515050,1
ETF515030,1
ETF515020,1
ETF515010,1
ETF515000,1
ETF513990,1
ETF513980,1
ETF513970,1
ETF513950,1
ETF513920,1
ETF513910,1
ETF513900,1
ETF513890,1
ETF513880,1
ETF513870,1
ETF513860,1
ETF513850,1
ETF513830,1
ETF513820,1
ETF513810,1
ETF513800,1
ETF513780,1
ETF513770,1
ETF513750,1
ETF513730,1
ETF513700,1
ETF513690,1
ETF513660,1
ETF513650,1
ETF513630,1
ETF513600,1
ETF513590,1
ETF513580,1
ETF513560,1
ETF513550,1
ETF513530,1
ETF513520,1
ETF513500,1
ETF513400,1
ETF513390,1
ETF513380,1
ETF513360,1
ETF513350,1
ETF513330,1
ETF513320,1
ETF513310,1
ETF513300,1
ETF513290,1
ETF513280,1
ETF513260,1
ETF513230,1
ETF513220,1
ETF513210,1
ETF513200,1
ETF513190,1
ETF513180,1
ETF513170,1
ETF513160,1
ETF513150,1
ETF513140,1
ETF513130,1
ETF513120,1
ETF513110,1
ETF513100,1
ETF513090,1
ETF513080,1
ETF513070,1
ETF513060,1
ETF513050,1
ETF513040,1
ETF513030,1
ETF513020,1
ETF513010,1
ETF513000,1
ETF512990,1
ETF512980,1
ETF512970,1
ETF512960,1
ETF512950,1
ETF512930,1
ETF512910,1
ETF512900,1
ETF512890,1
ETF512880,1
ETF512870,1
ETF512820,1
ETF512810,1
ETF512800,1
ETF512770,1
ETF512760,1
ETF512750,1
ETF512730,1
ETF512720,1
ETF512710,1
ETF512700,1
ETF512690,1
ETF512680,1
ETF512670,1
ETF512660,1
ETF512650,1
ETF512640,1
ETF512630,1
ETF512620,1
ETF512600,1
ETF512580,1
ETF512570,1
ETF512560,1
ETF512550,1
ETF512530,1
ETF512520,1
ETF512510,1
ETF512500,1
ETF512480,1
ETF512400,1
ETF512390,1
ETF512380,1
ETF512370,1
ETF512360,1
ETF512330,1
ETF512290,1
ETF512260,1
ETF512250,1
ETF512240,1
ETF512220,1
ETF512200,1
ETF512190,1
ETF512180,1
ETF512170,1
ETF512160,1
ETF512150,1
ETF512130,1
ETF512120,1
ETF512100,1
ETF512090,1
ETF512080,1
ETF512070,1
ETF512060,1
ETF512050,1
ETF512040,1
ETF512030,1
ETF512020,1
ETF512010,1
ETF512000,1
ETF511990,1
ETF511980,1
ETF511970,1
ETF511960,1
ETF511950,1
ETF511930,1
ETF511920,1
ETF511910,1
ETF511900,1
ETF511880,1
ETF511860,1
ETF511850,1
ETF511830,1
ETF511820,1
ETF511810,1
ETF511800,1
ETF511770,1
ETF511700,1
ETF511690,1
ETF511660,1
ETF511650,1
ETF511620,1
ETF511600,1
ETF511160,1
ETF510990,1
ETF510980,1
ETF510950,1
ETF510900,1
ETF510880,1
ETF510850,1
ETF510810,1
ETF510800,1
ETF510770,1
ETF510760,1
ETF510720,1
ETF510710,1
ETF510680,1
ETF510670,1
ETF510660,1
ETF510650,1
ETF510630,1
ETF510600,1
ETF510590,1
ETF510580,1
ETF510570,1
ETF510560,1
ETF510550,1
ETF510530,1
ETF510510,1
ETF510500,1
ETF510410,1
ETF510390,1
ETF510380,1
ETF510370,1
ETF510360,1
ETF510350,1
ETF510330,1
ETF510320,1
ETF510310,1
ETF510300,1
ETF510290,1
ETF510270,1
ETF510230,1
ETF510210,1
ETF510200,1
ETF510190,1
ETF510180,1
ETF510170,1
ETF510160,1
ETF510150,1
ETF510130,1
ETF510100,1
ETF510090,1
ETF510060,1
ETF510050,1
ETF510040,1
ETF510030,1
ETF510020,1
ETF510010,1
ETF159998,0
ETF159997,0
ETF159996,0
ETF159995,0
ETF159994,0
ETF159993,0
ETF159992,0
ETF159991,0
ETF159985,0
ETF159982,0
ETF159981,0
ETF159980,0
ETF159977,0
ETF159976,0
ETF159975,0
ETF159974,0
ETF159973,0
ETF159971,0
ETF159970,0
ETF159969,0
ETF159968,0
ETF159967,0
ETF159966,0
ETF159965,0
ETF159964,0
ETF159961,0
ETF159960,0
ETF159959,0
ETF159958,0
ETF159957,0
ETF159956,0
ETF159954,0
ETF159952,0
ETF159949,0
ETF159948,0
ETF159945,0
ETF159944,0
ETF159943,0
ETF159941,0
ETF159940,0
ETF159939,0
ETF159938,0
ETF159937,0
ETF159936,0
ETF159935,0
ETF159934,0
ETF159933,0
ETF159931,0
ETF159930,0
ETF159929,0
ETF159928,0
ETF159925,0
ETF159923,0
ETF159922,0
ETF159920,0
ETF159919,0
ETF159918,0
ETF159916,0
ETF159915,0
ETF159913,0
ETF159912,0
ETF159910,0
ETF159909,0
ETF159908,0
ETF159907,0
ETF159906,0
ETF159905,0
ETF159903,0
ETF159902,0
ETF159901,0
ETF159899,0
ETF159898,0
ETF159896,0
ETF159895,0
ETF159892,0
ETF159891,0
ETF159890,0
ETF159889,0
ETF159888,0
ETF159887,0
ETF159886,0
ETF159885,0
ETF159883,0
ETF159881,0
ETF159880,0
ETF159877,0
ETF159876,0
ETF159875,0
ETF159873,0
ETF159872,0
ETF159871,0
ETF159870,0
ETF159869,0
ETF159867,0
ETF159866,0
ETF159865,0
ETF159864,0
ETF159863,0
ETF159862,0
ETF159861,0
ETF159859,0
ETF159858,0
ETF159857,0
ETF159856,0
ETF159855,0
ETF159852,0
ETF159851,0
ETF159850,0
ETF159849,0
ETF159848,0
ETF159847,0
ETF159845,0
ETF159843,0
ETF159842,0
ETF159841,0
ETF159840,0
ETF159839,0
ETF159838,0
ETF159837,0
ETF159836,0
ETF159835,0
ETF159834,0
ETF159831,0
ETF159830,0
ETF159828,0
ETF159827,0
ETF159825,0
ETF159824,0
ETF159822,0
ETF159821,0
ETF159820,0
ETF159819,0
ETF159814,0
ETF159813,0
ETF159812,0
ETF159811,0
ETF159810,0
ETF159808,0
ETF159807,0
ETF159806,0
ETF159805,0
ETF159804,0
ETF159801,0
ETF159800,0
ETF159798,0
ETF159797,0
ETF159796,0
ETF159795,0
ETF159793,0
ETF159792,0
ETF159791,0
ETF159790,0
ETF159788,0
ETF159787,0
ETF159786,0
ETF159783,0
ETF159782,0
ETF159781,0
ETF159780,0
ETF159779,0
ETF159778,0
ETF159777,0
ETF159776,0
ETF159775,0
ETF159773,0
ETF159770,0
ETF159768,0
ETF159767,0
ETF159766,0
ETF159763,0
ETF159761,0
ETF159760,0
ETF159758,0
ETF159757,0
ETF159755,0
ETF159752,0
ETF159751,0
ETF159750,0
ETF159748,0
ETF159747,0
ETF159745,0
ETF159743,0
ETF159742,0
ETF159741,0
ETF159740,0
ETF159739,0
ETF159738,0
ETF159736,0
ETF159735,0
ETF159732,0
ETF159731,0
ETF159730,0
ETF159729,0
ETF159728,0
ETF159726,0
ETF159725,0
ETF159723,0
ETF159721,0
ETF159720,0
ETF159719,0
ETF159718,0
ETF159717,0
ETF159716,0
ETF159715,0
ETF159713,0
ETF159712,0
ETF159711,0
ETF159709,0
ETF159708,0
ETF159707,0
ETF159706,0
ETF159703,0
ETF159701,0
ETF159699,0
ETF159698,0
ETF159697,0
ETF159696,0
ETF159695,0
ETF159692,0
ETF159691,0
ETF159690,0
ETF159689,0
ETF159688,0
ETF159687,0
ETF159686,0
ETF159685,0
ETF159682,0
ETF159681,0
ETF159680,0
ETF159679,0
ETF159678,0
ETF159677,0
ETF159676,0
ETF159675,0
ETF159673,0
ETF159672,0
ETF159671,0
ETF159670,0
ETF159669,0
ETF159667,0
ETF159666,0
ETF159665,0
ETF159663,0
ETF159662,0
ETF159661,0
ETF159660,0
ETF159659,0
ETF159658,0
ETF159657,0
ETF159656,0
ETF159655,0
ETF159653,0
ETF159652,0
ETF159647,0
ETF159645,0
ETF159643,0
ETF159642,0
ETF159641,0
ETF159640,0
ETF159639,0
ETF159638,0
ETF159637,0
ETF159636,0
ETF159635,0
ETF159633,0
ETF159632,0
ETF159631,0
ETF159630,0
ETF159629,0
ETF159628,0
ETF159627,0
ETF159625,0
ETF159623,0
ETF159622,0
ETF159621,0
ETF159620,0
ETF159619,0
ETF159618,0
ETF159617,0
ETF159616,0
ETF159615,0
ETF159613,0
ETF159612,0
ETF159611,0
ETF159610,0
ETF159609,0
ETF159608,0
ETF159607,0
ETF159606,0
ETF159605,0
ETF159603,0
ETF159602,0
ETF159601,0
ETF159599,0
ETF159597,0
ETF159596,0
ETF159595,0
ETF159593,0
ETF159592,0
ETF159591,0
ETF159590,0
ETF159589,0
ETF159588,0
ETF159587,0
ETF159586,0
ETF159583,0
ETF159582,0
ETF159581,0
ETF159578,0
ETF159577,0
ETF159576,0
ETF159575,0
ETF159573,0
ETF159572,0
ETF159571,0
ETF159570,0
ETF159569,0
ETF159568,0
ETF159567,0
ETF159566,0
ETF159565,0
ETF159563,0
ETF159562,0
ETF159561,0
ETF159560,0
ETF159559,0
ETF159558,0
ETF159557,0
ETF159556,0
ETF159555,0
ETF159553,0
ETF159552,0
ETF159551,0
ETF159550,0
ETF159549,0
ETF159547,0
ETF159546,0
ETF159545,0
ETF159543,0
ETF159542,0
ETF159541,0
ETF159540,0
ETF159539,0
ETF159538,0
ETF159537,0
ETF159536,0
ETF159535,0
ETF159533,0
ETF159532,0
ETF159531,0
ETF159530,0
ETF159529,0
ETF159528,0
ETF159527,0
ETF159526,0
ETF159525,0
ETF159523,0
ETF159521,0
ETF159520,0
ETF159519,0
ETF159518,0
ETF159517,0
ETF159516,0
ETF159515,0
ETF159513,0
ETF159512,0
ETF159511,0
ETF159510,0
ETF159509,0
ETF159508,0
ETF159507,0
ETF159506,0
ETF159505,0
ETF159502,0
ETF159501,0
ETF159500,0
ETF159399,0
ETF159393,0
ETF159392,0
ETF159391,0
ETF159390,0
ETF159389,0
ETF159388,0
ETF159387,0
ETF159386,0
ETF159385,0
ETF159383,0
ETF159382,0
ETF159381,0
ETF159380,0
ETF159379,0
ETF159378,0
ETF159377,0
ETF159376,0
ETF159375,0
ETF159373,0
ETF159372,0
ETF159371,0
ETF159370,0
ETF159369,0
ETF159368,0
ETF159367,0
ETF159366,0
ETF159365,0
ETF159363,0
ETF159362,0
ETF159361,0
ETF159360,0
ETF159359,0
ETF159358,0
ETF159357,0
ETF159356,0
ETF159355,0
ETF159353,0
ETF159352,0
ETF159351,0
ETF159350,0
ETF159339,0
ETF159338,0
ETF159337,0
ETF159336,0
ETF159335,0
ETF159333,0
ETF159332,0
ETF159331,0
ETF159330,0
ETF159329,0
ETF159328,0
ETF159327,0
ETF159326,0
ETF159325,0
ETF159323,0
ETF159322,0
ETF159321,0
ETF159320,0
ETF159318,0
ETF159316,0
ETF159315,0
ETF159312,0
ETF159311,0
ETF159310,0
ETF159309,0
ETF159307,0
ETF159306,0
ETF159305,0
ETF159303,0
ETF159302,0
ETF159301,0
ETF159300,0
ETF159299,0
ETF159298,0
ETF159297,0
ETF159296,0
ETF159295,0
ETF159292,0
ETF159291,0
ETF159290,0
ETF159289,0
ETF159288,0
ETF159287,0
ETF159286,0
ETF159285,0
ETF159283,0
ETF159281,0
ETF159280,0
ETF159279,0
ETF159278,0
ETF159277,0
ETF159276,0
ETF159275,0
ETF159273,0
ETF159272,0
ETF159271,0
ETF159270,0
ETF159269,0
ETF159268,0
ETF159267,0
ETF159266,0
ETF159265,0
ETF159263,0
ETF159262,0
ETF159261,0
ETF159260,0
ETF159259,0
ETF159258,0
ETF159257,0
ETF159256,0
ETF159255,0
ETF159251,0
ETF159249,0
ETF159248,0
ETF159246,0
ETF159245,0
ETF159242,0
ETF159241,0
ETF159240,0
ETF159239,0
ETF159238,0
ETF159237,0
ETF159236,0
ETF159235,0
ETF159233,0
ETF159232,0
ETF159231,0
ETF159230,0
ETF159229,0
ETF159228,0
ETF159227,0
ETF159226,0
ETF159225,0
ETF159223,0
ETF159222,0
ETF159221,0
ETF159220,0
ETF159219,0
ETF159218,0
ETF159217,0
ETF159216,0
ETF159215,0
ETF159213,0
ETF159212,0
ETF159211,0
ETF159210,0
ETF159209,0
ETF159208,0
ETF159207,0
ETF159206,0
ETF159205,0
ETF159203,0
ETF159202,0
ETF159201,0
ETF159150,0
ETF159133,0
ETF159131,0
ETF159130,0
ETF159129,0
ETF159128,0
ETF159127,0
ETF159126,0
ETF159125,0
ETF159123,0
ETF159122,0
ETF159121,0
ETF159120,0
ETF159119,0
ETF159118,0
ETF159117,0
ETF159109,0
ETF159108,0
ETF159107,0
ETF159106,0
ETF159105,0
ETF159103,0
ETF159102,0
ETF159101,0
ETF159100,0
ETF159005,0
ETF159003,0
ETF159001,0
