,symbol,industry
0,SZ302132,航天航空
1,SZ301629,半导体
2,SZ301626,消费电子
3,SZ301622,电子元件
4,SZ301618,化学制品
5,SZ301617,化学制品
6,SZ301616,通用设备
7,SZ301613,汽车零部件
8,SZ301611,非金属材料
9,SZ301608,计算机设备
10,SZ301607,汽车零部件
11,SZ301606,消费电子
12,SZ301603,通用设备
13,SZ301602,医疗器械
14,SZ301601,专用设备
15,SZ301600,通信设备
16,SZ301598,专用设备
17,SZ301596,通用设备
18,SZ301592,软件开发
19,SZ301591,塑料制品
20,SZ301589,计算机设备
21,SZ301588,家用轻工
22,SZ301587,电池
23,SZ301586,航天航空
24,SZ301585,化学制品
25,SZ301581,汽车零部件
26,SZ301580,医疗器械
27,SZ301578,消费电子
28,SZ301577,电子元件
29,SZ301571,电子元件
30,SZ301568,专用设备
31,SZ301567,消费电子
32,SZ301566,电子元件
33,SZ301565,塑料制品
34,SZ301559,通用设备
35,SZ301558,贸易行业
36,SZ301557,风电设备
37,SZ301556,软件开发
38,SZ301555,化学制品
39,SZ301552,汽车零部件
40,SZ301551,文化传媒
41,SZ301550,汽车零部件
42,SZ301548,通用设备
43,SZ301539,汽车零部件
44,SZ301538,塑料制品
45,SZ301536,半导体
46,SZ301535,汽车零部件
47,SZ301533,专用设备
48,SZ301529,汽车零部件
49,SZ301528,仪器仪表
50,SZ301526,玻璃玻纤
51,SZ301525,通用设备
52,SZ301522,有色金属
53,SZ301520,医疗服务
54,SZ301519,专用设备
55,SZ301518,化学制品
56,SZ301517,电子元件
57,SZ301516,电源设备
58,SZ301515,医疗器械
59,SZ301512,专用设备
60,SZ301511,电池
61,SZ301510,仪器仪表
62,SZ301509,生物制品
63,SZ301508,专业服务
64,SZ301507,化学制药
65,SZ301505,工程咨询服务
66,SZ301503,消费电子
67,SZ301502,电机
68,SZ301500,环保行业
69,SZ301499,汽车零部件
70,SZ301498,农牧饲渔
71,SZ301489,消费电子
72,SZ301488,汽车零部件
73,SZ301487,电池
74,SZ301486,消费电子
75,SZ301479,光学光电子
76,SZ301469,造纸印刷
77,SZ301468,专用设备
78,SZ301459,橡胶制品
79,SZ301458,电子元件
80,SZ301456,风电设备
81,SZ301448,通用设备
82,SZ301446,通用设备
83,SZ301439,电网设备
84,SZ301429,装修建材
85,SZ301428,互联网服务
86,SZ301421,光学光电子
87,SZ301419,通信设备
88,SZ301418,专用设备
89,SZ301413,电子元件
90,SZ301408,医药商业
91,SZ301399,通用设备
92,SZ301398,汽车零部件
93,SZ301397,汽车零部件
94,SZ301396,互联网服务
95,SZ301395,化学原料
96,SZ301393,生物制品
97,SZ301392,专用设备
98,SZ301391,计算机设备
99,SZ301390,电网设备
100,SZ301389,电子元件
101,SZ301388,电网设备
102,SZ301387,消费电子
103,SZ301386,电源设备
104,SZ301383,电子元件
105,SZ301382,互联网服务
106,SZ301381,互联网服务
107,SZ301380,互联网服务
108,SZ301379,光学光电子
109,SZ301378,软件开发
110,SZ301377,通用设备
111,SZ301376,家用轻工
112,SZ301373,化学制品
113,SZ301372,环保行业
114,SZ301371,美容护理
115,SZ301370,贸易行业
116,SZ301369,半导体
117,SZ301368,通用设备
118,SZ301367,医疗器械
119,SZ301366,电子元件
120,SZ301365,装修装饰
121,SZ301363,医疗器械
122,SZ301362,家电行业
123,SZ301361,电网设备
124,SZ301360,专用设备
125,SZ301359,电子元件
126,SZ301358,电池
127,SZ301357,汽车零部件
128,SZ301356,塑料制品
129,SZ301355,造纸印刷
130,SZ301353,通用设备
131,SZ301349,化学制品
132,SZ301348,半导体
133,SZ301345,交运设备
134,SZ301339,软件开发
135,SZ301338,专用设备
136,SZ301337,软件开发
137,SZ301336,家用轻工
138,SZ301335,家用轻工
139,SZ301333,医疗服务
140,SZ301332,家电行业
141,SZ301331,中药
142,SZ301330,软件开发
143,SZ301329,电子元件
144,SZ301328,电子元件
145,SZ301327,电源设备
146,SZ301326,消费电子
147,SZ301325,电池
148,SZ301323,塑料制品
149,SZ301322,交运设备
150,SZ301321,光学光电子
151,SZ301320,电子元件
152,SZ301319,电子元件
153,SZ301318,消费电子
154,SZ301317,通用设备
155,SZ301316,软件开发
156,SZ301315,软件开发
157,SZ301314,通信设备
158,SZ301313,软件开发
159,SZ301312,专用设备
160,SZ301311,通用设备
161,SZ301310,电网设备
162,SZ301309,通用设备
163,SZ301308,半导体
164,SZ301307,通信设备
165,SZ301306,专业服务
166,SZ301305,环保行业
167,SZ301303,仪器仪表
168,SZ301302,软件开发
169,SZ301301,生物制品
170,SZ301300,化学制品
171,SZ301299,互联网服务
172,SZ301298,汽车零部件
173,SZ301297,半导体
174,SZ301296,包装材料
175,SZ301295,电网设备
176,SZ301293,医疗服务
177,SZ301292,化学制品
178,SZ301291,电网设备
179,SZ301290,医疗器械
180,SZ301289,专业服务
181,SZ301288,环保行业
182,SZ301287,家用轻工
183,SZ301286,化学原料
184,SZ301285,电子元件
185,SZ301283,化学制品
186,SZ301282,电子元件
187,SZ301281,化学制药
188,SZ301280,电子元件
189,SZ301279,通用设备
190,SZ301278,光伏设备
191,SZ301277,化学制药
192,SZ301276,纺织服装
193,SZ301275,通信设备
194,SZ301273,通用设备
195,SZ301272,专用设备
196,SZ301270,互联网服务
197,SZ301268,通用设备
198,SZ301267,医疗服务
199,SZ301266,光伏设备
200,SZ301265,环保行业
201,SZ301263,医药商业
202,SZ301262,文化传媒
203,SZ301261,通用设备
204,SZ301260,专用设备
205,SZ301259,环保行业
206,SZ301258,化学制药
207,SZ301257,医疗服务
208,SZ301256,化学原料
209,SZ301255,通用设备
210,SZ301252,通用设备
211,SZ301251,电子元件
212,SZ301248,软件开发
213,SZ301246,化学制药
214,SZ301239,医疗服务
215,SZ301238,电池
216,SZ301237,塑料制品
217,SZ301236,软件开发
218,SZ301235,医疗服务
219,SZ301234,医疗器械
220,SZ301233,橡胶制品
221,SZ301232,风电设备
222,SZ301231,文化传媒
223,SZ301230,生物制品
224,SZ301229,汽车零部件
225,SZ301228,专业服务
226,SZ301227,装修建材
227,SZ301226,电机
228,SZ301225,汽车零部件
229,SZ301223,包装材料
230,SZ301222,电池
231,SZ301221,软件服务
232,SZ301220,化学制品
233,SZ301219,能源金属
234,SZ301218,软件开发
235,SZ301217,电子元件
236,SZ301216,化学制品
237,SZ301215,汽车服务
238,SZ301213,软件服务
239,SZ301212,化学制品
240,SZ301211,化学制药
241,SZ301210,电池
242,SZ301209,化学原料
243,SZ301208,软件开发
244,SZ301207,生物制品
245,SZ301206,食品饮料
246,SZ301205,光学光电子
247,SZ301203,环保行业
248,SZ301202,通用设备
249,SZ301201,医疗服务
250,SZ301200,专用设备
251,SZ301199,专用设备
252,SZ301198,塑料制品
253,SZ301197,软件开发
254,SZ301196,塑料制品
255,SZ301195,软件开发
256,SZ301193,塑料制品
257,SZ301192,汽车零部件
258,SZ301191,通信设备
259,SZ301190,化学制品
260,SZ301189,通信设备
261,SZ301188,玻璃陶瓷
262,SZ301187,家电行业
263,SZ301186,汽车零部件
264,SZ301185,软件服务
265,SZ301183,光学光电子
266,SZ301182,消费电子
267,SZ301181,汽车零部件
268,SZ301180,消费电子
269,SZ301179,软件服务
270,SZ301178,软件服务
271,SZ301177,珠宝首饰
272,SZ301176,电子元件
273,SZ301175,环保行业
274,SZ301173,汽车零部件
275,SZ301172,软件开发
276,SZ301171,互联网服务
277,SZ301170,汽车零部件
278,SZ301169,专业服务
279,SZ301168,光伏设备
280,SZ301167,工程咨询服务
281,SZ301166,生物制品
282,SZ301165,通信设备
283,SZ301163,风电设备
284,SZ301162,软件开发
285,SZ301161,塑料制品
286,SZ301160,汽车零部件
287,SZ301159,软件开发
288,SZ301158,专用设备
289,SZ301157,计算机设备
290,SZ301156,农牧饲渔
291,SZ301155,风电设备
292,SZ301153,软件开发
293,SZ301152,电池
294,SZ301151,通用设备
295,SZ301150,电池
296,SZ301149,化学原料
297,SZ301148,环保行业
298,SZ301141,小金属
299,SZ301139,通信服务
300,SZ301138,专用设备
301,SZ301137,通用设备
302,SZ301136,工程咨询服务
303,SZ301135,消费电子
304,SZ301133,汽车行业
305,SZ301132,电子元件
306,SZ301131,塑料制品
307,SZ301130,化学制药
308,SZ301129,仪器仪表
309,SZ301128,专用设备
310,SZ301127,环保行业
311,SZ301126,医药商业
312,SZ301125,通用设备
313,SZ301123,消费电子
314,SZ301122,医疗器械
315,SZ301121,电池
316,SZ301120,电网设备
317,SZ301119,汽车行业
318,SZ301118,化学原料
319,SZ301117,软件开发
320,SZ301116,食品饮料
321,SZ301115,专业服务
322,SZ301113,装修装饰
323,SZ301112,专用设备
324,SZ301111,中药
325,SZ301110,互联网服务
326,SZ301109,环保行业
327,SZ301108,纺织服装
328,SZ301107,通用设备
329,SZ301106,光学光电子
330,SZ301105,专用设备
331,SZ301103,医疗服务
332,SZ301102,文化传媒
333,SZ301101,家用轻工
334,SZ301100,化学制品
335,SZ301099,国际贸易
336,SZ301098,工程建设
337,SZ301097,医疗器械
338,SZ301096,医疗服务
339,SZ301095,半导体
340,SZ301093,医疗器械
341,SZ301092,化工行业
342,SZ301091,工程咨询服务
343,SZ301090,化学原料
344,SZ301089,医药制造
345,SZ301088,纺织服装
346,SZ301087,医疗器械
347,SZ301086,消费电子
348,SZ301085,互联网服务
349,SZ301083,专用设备
350,SZ301082,输配电气
351,SZ301081,环保工程
352,SZ301080,医疗服务
353,SZ301079,机械行业
354,SZ301078,商业百货
355,SZ301077,化学制品
356,SZ301076,化学原料
357,SZ301075,医药制造
358,SZ301073,旅游酒店
359,SZ301072,汽车行业
360,SZ301071,非金属材料
361,SZ301070,专用设备
362,SZ301069,化学原料
363,SZ301068,环保工程
364,SZ301067,消费电子
365,SZ301066,纺织服装
366,SZ301065,化学原料
367,SZ301063,风电设备
368,SZ301062,包装材料
369,SZ301061,家电行业
370,SZ301060,医疗器械
371,SZ301059,化学原料
372,SZ301058,工程建设
373,SZ301057,化纤行业
374,SZ301056,专用设备
375,SZ301055,通用设备
376,SZ301053,专用设备
377,SZ301052,文化传媒
378,SZ301051,玻璃陶瓷
379,SZ301050,半导体
380,SZ301049,环保工程
381,SZ301048,交运设备
382,SZ301047,生物制品
383,SZ301046,光伏设备
384,SZ301045,光学光电子
385,SZ301043,专用设备
386,SZ301042,安防设备
387,SZ301041,电子元件
388,SZ301040,风电设备
389,SZ301039,汽车整车
390,SZ301038,工程建设
391,SZ301037,化工行业
392,SZ301036,化工行业
393,SZ301035,农药兽药
394,SZ301033,医疗行业
395,SZ301032,机械行业
396,SZ301031,输配电气
397,SZ301030,专用设备
398,SZ301029,机械行业
399,SZ301028,机械行业
400,SZ301027,工程咨询服务
401,SZ301026,小金属
402,SZ301025,文化传媒
403,SZ301024,工程建设
404,SZ301023,电机
405,SZ301022,汽车零部件
406,SZ301021,电子元件
407,SZ301020,汽车零部件
408,SZ301019,塑胶制品
409,SZ301018,专用设备
410,SZ301017,医药商业
411,SZ301016,交运设备
412,SZ301015,医药商业
413,SZ301013,专用设备
414,SZ301012,输配电气
415,SZ301011,专用设备
416,SZ301010,装修建材
417,SZ301009,美容护理
418,SZ301008,家电行业
419,SZ301007,汽车行业
420,SZ301006,仪器仪表
421,SZ301005,汽车行业
422,SZ301004,家用轻工
423,SZ301003,塑胶制品
424,SZ301002,电网设备
425,SZ301001,电子信息
426,SZ301000,塑胶制品
427,SZ300999,食品饮料
428,SZ300998,汽车行业
429,SZ300997,食品饮料
430,SZ300996,软件服务
431,SZ300995,塑胶制品
432,SZ300994,交运设备
433,SZ300993,装修装饰
434,SZ300992,机械行业
435,SZ300991,电子元件
436,SZ300990,通用设备
437,SZ300989,工程咨询服务
438,SZ300988,通用设备
439,SZ300987,文化传媒
440,SZ300986,装修装饰
441,SZ300985,通用设备
442,SZ300984,机械行业
443,SZ300983,工程咨询服务
444,SZ300982,工程建设
445,SZ300981,医疗器械
446,SZ300980,塑胶制品
447,SZ300979,纺织服装
448,SZ300978,汽车行业
449,SZ300977,工程咨询服务
450,SZ300976,消费电子
451,SZ300975,贸易行业
452,SZ300973,食品饮料
453,SZ300972,农牧饲渔
454,SZ300971,机械行业
455,SZ300970,农牧饲渔
456,SZ300969,汽车行业
457,SZ300968,消费电子
458,SZ300967,农牧饲渔
459,SZ300966,医药制造
460,SZ300965,航天航空
461,SZ300964,电子元件
462,SZ300963,有色金属
463,SZ300962,专业服务
464,SZ300961,环保工程
465,SZ300960,交运设备
466,SZ300959,通信服务
467,SZ300958,环保工程
468,SZ300957,美容护理
469,SZ300956,消费电子
470,SZ300955,美容护理
471,SZ300953,电池
472,SZ300952,纺织服装
473,SZ300951,消费电子
474,SZ300950,专用设备
475,SZ300949,园林工程
476,SZ300948,环保工程
477,SZ300947,文化传媒
478,SZ300946,通用设备
479,SZ300945,珠宝首饰
480,SZ300943,机械行业
481,SZ300942,医药制造
482,SZ300941,互联网服务
483,SZ300940,光学光电子
484,SZ300939,光学光电子
485,SZ300938,专业服务
486,SZ300937,医药商业
487,SZ300936,电子元件
488,SZ300935,软件服务
489,SZ300933,输配电气
490,SZ300932,电网设备
491,SZ300931,专用设备
492,SZ300930,有色金属
493,SZ300929,环保工程
494,SZ300928,汽车行业
495,SZ300927,化学原料
496,SZ300926,汽车行业
497,SZ300925,软件服务
498,SZ300923,交运设备
499,SZ300922,塑胶制品
500,SZ300921,通信服务
501,SZ300920,塑胶制品
502,SZ300919,电池
503,SZ300918,纺织服装
504,SZ300917,房地产服务
505,SZ300916,消费电子
506,SZ300915,食品饮料
507,SZ300913,通讯行业
508,SZ300912,汽车零部件
509,SZ300911,家电行业
510,SZ300910,化工行业
511,SZ300909,光学光电子
512,SZ300908,食品饮料
513,SZ300907,电机
514,SZ300906,交运设备
515,SZ300905,塑料制品
516,SZ300904,风电设备
517,SZ300903,电子元件
518,SZ300902,专用设备
519,SZ300901,纺织服装
520,SZ300900,航天航空
521,SZ300899,环保工程
522,SZ300898,食品饮料
523,SZ300897,仪器仪表
524,SZ300896,美容护理
525,SZ300895,互联网服务
526,SZ300894,家电行业
527,SZ300893,汽车行业
528,SZ300892,食品饮料
529,SZ300891,化学原料
530,SZ300890,电池
531,SZ300889,光学光电子
532,SZ300888,美容护理
533,SZ300887,专业服务
534,SZ300886,美容护理
535,SZ300885,通用设备
536,SZ300884,计算机设备
537,SZ300883,造纸印刷
538,SZ300882,电网设备
539,SZ300881,钢铁行业
540,SZ300880,电网设备
541,SZ300879,专用设备
542,SZ300878,中药
543,SZ300877,纺织服装
544,SZ300876,化纤行业
545,SZ300875,专用设备
546,SZ300873,交运物流
547,SZ300872,互联网服务
548,SZ300871,农药兽药
549,SZ300870,电源设备
550,SZ300869,医疗器械
551,SZ300868,电子元件
552,SZ300867,环保工程
553,SZ300866,消费电子
554,SZ300865,专用设备
555,SZ300864,环保工程
556,SZ300863,汽车行业
557,SZ300862,仪器仪表
558,SZ300861,非金属材料
559,SZ300860,文化传媒
560,SZ300859,旅游酒店
561,SZ300858,食品饮料
562,SZ300857,消费电子
563,SZ300856,美容护理
564,SZ300855,有色金属
565,SZ300854,环保工程
566,SZ300853,通用设备
567,SZ300852,电子元件
568,SZ300851,交运设备
569,SZ300850,风电设备
570,SZ300849,美容护理
571,SZ300848,化工行业
572,SZ300847,消费电子
573,SZ300846,互联网服务
574,SZ300845,软件服务
575,SZ300844,园林工程
576,SZ300843,消费电子
577,SZ300842,光伏设备
578,SZ300841,生物制品
579,SZ300840,纺织服装
580,SZ300839,石油行业
581,SZ300838,仪器仪表
582,SZ300837,专用设备
583,SZ300836,专用设备
584,SZ300835,小金属
585,SZ300834,化学原料
586,SZ300833,专用设备
587,SZ300832,医疗器械
588,SZ300831,半导体
589,SZ300830,软件服务
590,SZ300829,食品饮料
591,SZ300828,有色金属
592,SZ300827,光伏设备
593,SZ300826,工程咨询服务
594,SZ300825,汽车服务
595,SZ300824,家电行业
596,SZ300823,专用设备
597,SZ300822,消费电子
598,SZ300821,化学制品
599,SZ300820,电源设备
600,SZ300819,纺织服装
601,SZ300818,专用设备
602,SZ300817,机械行业
603,SZ300816,汽车零部件
604,SZ300815,环保行业
605,SZ300814,电子元件
606,SZ300813,医疗器械
607,SZ300812,消费电子
608,SZ300811,小金属
609,SZ300810,软件服务
610,SZ300809,机械行业
611,SZ300808,光学光电子
612,SZ300807,计算机设备
613,SZ300806,塑料制品
614,SZ300805,文化传媒
615,SZ300804,农药兽药
616,SZ300803,软件服务
617,SZ300802,专用设备
618,SZ300801,化工行业
619,SZ300800,环保行业
620,SZ300798,化工行业
621,SZ300797,专业服务
622,SZ300796,农药兽药
623,SZ300795,文化传媒
624,SZ300793,消费电子
625,SZ300792,互联网服务
626,SZ300791,食品饮料
627,SZ300790,光学光电子
628,SZ300789,软件服务
629,SZ300788,文化传媒
630,SZ300787,消费电子
631,SZ300786,环保行业
632,SZ300785,电子信息
633,SZ300784,塑料制品
634,SZ300783,食品饮料
635,SZ300782,半导体
636,SZ300781,文化传媒
637,SZ300780,机械行业
638,SZ300779,环保工程
639,SZ300778,工程咨询服务
640,SZ300777,化纤行业
641,SZ300776,光伏设备
642,SZ300775,航天航空
643,SZ300774,环保工程
644,SZ300773,软件服务
645,SZ300772,风电设备
646,SZ300771,计算机设备
647,SZ300770,文化传媒
648,SZ300769,电池
649,SZ300768,软件开发
650,SZ300767,橡胶制品
651,SZ300766,电子信息
652,SZ300765,食品饮料
653,SZ300763,光伏设备
654,SZ300762,通讯行业
655,SZ300761,农牧饲渔
656,SZ300760,医疗器械
657,SZ300759,医疗服务
658,SZ300758,化工行业
659,SZ300757,专用设备
660,SZ300756,旅游酒店
661,SZ300755,贸易行业
662,SZ300753,医疗器械
663,SZ300752,光学光电子
664,SZ300751,光伏设备
665,SZ300750,电池
666,SZ300749,木业家具
667,SZ300748,小金属
668,SZ300747,电子元件
669,SZ300746,工程咨询服务
670,SZ300745,汽车行业
671,SZ300743,非金属材料
672,SZ300741,食品饮料
673,SZ300740,美容护理
674,SZ300739,电子元件
675,SZ300738,互联网服务
676,SZ300737,装修建材
677,SZ300736,通信服务
678,SZ300735,消费电子
679,SZ300733,汽车行业
680,SZ300732,工程咨询服务
681,SZ300731,橡胶制品
682,SZ300730,软件服务
683,SZ300729,家用轻工
684,SZ300727,化工行业
685,SZ300726,电子元件
686,SZ300725,化学制药
687,SZ300724,光伏设备
688,SZ300723,医药制造
689,SZ300722,航天航空
690,SZ300721,化工行业
691,SZ300720,仪器仪表
692,SZ300719,航天航空
693,SZ300718,工程机械
694,SZ300717,塑胶制品
695,SZ300716,光伏设备
696,SZ300715,装修建材
697,SZ300713,电源设备
698,SZ300712,工程建设
699,SZ300711,通讯行业
700,SZ300710,通讯行业
701,SZ300709,消费电子
702,SZ300708,光学光电子
703,SZ300707,汽车行业
704,SZ300706,半导体
705,SZ300705,医药制造
706,SZ300703,家用轻工
707,SZ300702,医药制造
708,SZ300701,光学光电子
709,SZ300700,通用设备
710,SZ300699,化工行业
711,SZ300698,通讯行业
712,SZ300697,有色金属
713,SZ300696,航天航空
714,SZ300695,汽车行业
715,SZ300694,汽车行业
716,SZ300693,电源设备
717,SZ300692,环保工程
718,SZ300691,光学光电子
719,SZ300690,风电设备
720,SZ300689,通信设备
721,SZ300688,教育
722,SZ300687,互联网服务
723,SZ300686,消费电子
724,SZ300685,医疗器械
725,SZ300684,消费电子
726,SZ300683,生物制品
727,SZ300682,软件开发
728,SZ300681,汽车零部件
729,SZ300680,汽车行业
730,SZ300679,消费电子
731,SZ300678,互联网服务
732,SZ300677,医疗器械
733,SZ300676,医疗器械
734,SZ300675,工程咨询服务
735,SZ300674,互联网服务
736,SZ300673,农牧饲渔
737,SZ300672,半导体
738,SZ300671,半导体
739,SZ300670,输配电气
740,SZ300669,专用设备
741,SZ300668,工程咨询服务
742,SZ300667,仪器仪表
743,SZ300666,半导体
744,SZ300665,化工行业
745,SZ300664,环保工程
746,SZ300663,软件服务
747,SZ300662,专业服务
748,SZ300661,半导体
749,SZ300660,电机
750,SZ300659,软件服务
751,SZ300658,美容护理
752,SZ300657,电子元件
753,SZ300656,电子元件
754,SZ300655,电子化学品
755,SZ300654,文化传媒
756,SZ300653,医疗器械
757,SZ300652,汽车行业
758,SZ300651,家用轻工
759,SZ300650,光学光电子
760,SZ300649,工程咨询服务
761,SZ300648,电池
762,SZ300647,消费电子
763,SZ300645,互联网服务
764,SZ300644,塑胶制品
765,SZ300643,汽车行业
766,SZ300642,医疗器械
767,SZ300641,化工行业
768,SZ300640,工艺商品
769,SZ300639,医疗器械
770,SZ300638,通讯行业
771,SZ300637,电子化学品
772,SZ300636,医药制造
773,SZ300635,工程咨询服务
774,SZ300634,互联网服务
775,SZ300633,医疗器械
776,SZ300632,光学光电子
777,SZ300631,环保行业
778,SZ300629,通信设备
779,SZ300628,通讯行业
780,SZ300627,通信设备
781,SZ300626,电机
782,SZ300625,家电行业
783,SZ300624,软件服务
784,SZ300623,半导体
785,SZ300622,商业百货
786,SZ300621,装修装饰
787,SZ300620,通讯行业
788,SZ300619,电池
789,SZ300618,能源金属
790,SZ300617,电网设备
791,SZ300616,木业家具
792,SZ300615,通讯行业
793,SZ300614,环保工程
794,SZ300613,半导体
795,SZ300612,文化传媒
796,SZ300611,汽车零部件
797,SZ300610,塑料制品
798,SZ300609,电子信息
799,SZ300608,软件服务
800,SZ300607,机械行业
801,SZ300606,机械行业
802,SZ300605,软件服务
803,SZ300604,半导体
804,SZ300603,通信服务
805,SZ300602,消费电子
806,SZ300601,生物制品
807,SZ300600,船舶制造
808,SZ300599,装修建材
809,SZ300598,软件服务
810,SZ300597,通信服务
811,SZ300596,塑料制品
812,SZ300595,医疗器械
813,SZ300594,交运设备
814,SZ300593,电源设备
815,SZ300592,互联网服务
816,SZ300591,纺织服装
817,SZ300590,通讯行业
818,SZ300589,船舶制造
819,SZ300588,软件开发
820,SZ300587,橡胶制品
821,SZ300586,塑料制品
822,SZ300585,汽车行业
823,SZ300584,医药制造
824,SZ300583,医药制造
825,SZ300582,光学光电子
826,SZ300581,航天航空
827,SZ300580,汽车行业
828,SZ300579,软件服务
829,SZ300578,通信服务
830,SZ300577,纺织服装
831,SZ300576,电子化学品
832,SZ300575,农药兽药
833,SZ300573,医药制造
834,SZ300572,专业服务
835,SZ300571,通信服务
836,SZ300570,通信设备
837,SZ300569,风电设备
838,SZ300568,电池
839,SZ300567,仪器仪表
840,SZ300566,光学光电子
841,SZ300565,通讯行业
842,SZ300564,工程咨询服务
843,SZ300563,通信设备
844,SZ300562,医疗器械
845,SZ300561,软件服务
846,SZ300560,通信服务
847,SZ300559,软件服务
848,SZ300558,医药制造
849,SZ300557,仪器仪表
850,SZ300556,软件服务
851,SZ300555,通讯行业
852,SZ300554,机械行业
853,SZ300553,仪器仪表
854,SZ300552,软件服务
855,SZ300551,计算机设备
856,SZ300550,软件服务
857,SZ300549,专用设备
858,SZ300548,通讯行业
859,SZ300547,橡胶制品
860,SZ300546,计算机设备
861,SZ300545,光学光电子
862,SZ300543,消费电子
863,SZ300542,软件服务
864,SZ300541,互联网服务
865,SZ300540,专用设备
866,SZ300539,塑胶制品
867,SZ300538,塑胶制品
868,SZ300537,电子化学品
869,SZ300536,工程建设
870,SZ300535,化工行业
871,SZ300534,中药
872,SZ300533,游戏
873,SZ300532,互联网服务
874,SZ300531,计算机设备
875,SZ300530,电池
876,SZ300529,医疗器械
877,SZ300528,文化传媒
878,SZ300527,专用设备
879,SZ300525,软件服务
880,SZ300523,互联网服务
881,SZ300522,化工行业
882,SZ300521,专用设备
883,SZ300520,软件服务
884,SZ300519,中药
885,SZ300518,互联网服务
886,SZ300517,工程建设
887,SZ300516,电子元件
888,SZ300515,仪器仪表
889,SZ300514,电网设备
890,SZ300513,通信服务
891,SZ300512,专用设备
892,SZ300511,农牧饲渔
893,SZ300510,输配电气
894,SZ300509,专用设备
895,SZ300508,互联网服务
896,SZ300507,汽车行业
897,SZ300506,装修装饰
898,SZ300505,化肥行业
899,SZ300504,通讯行业
900,SZ300503,机械行业
901,SZ300502,通讯行业
902,SZ300501,包装材料
903,SZ300500,工程咨询服务
904,SZ300499,专用设备
905,SZ300498,农牧饲渔
906,SZ300497,医药制造
907,SZ300496,电子信息
908,SZ300494,游戏
909,SZ300493,贸易行业
910,SZ300492,工程咨询服务
911,SZ300491,电源设备
912,SZ300490,输配电气
913,SZ300489,有色金属
914,SZ300488,通用设备
915,SZ300487,塑料制品
916,SZ300486,专用设备
917,SZ300485,生物制品
918,SZ300484,专用设备
919,SZ300483,燃气
920,SZ300482,医疗器械
921,SZ300481,电子化学品
922,SZ300480,专用设备
923,SZ300479,计算机设备
924,SZ300478,塑胶制品
925,SZ300477,输配电气
926,SZ300476,电子元件
927,SZ300475,电子元件
928,SZ300474,电子元件
929,SZ300473,汽车行业
930,SZ300472,专用设备
931,SZ300471,专用设备
932,SZ300470,机械行业
933,SZ300469,软件服务
934,SZ300468,软件服务
935,SZ300467,游戏
936,SZ300466,电网设备
937,SZ300465,软件服务
938,SZ300464,互联网服务
939,SZ300463,医疗器械
940,SZ300462,交运设备
941,SZ300461,专用设备
942,SZ300460,电子元件
943,SZ300459,游戏
944,SZ300458,半导体
945,SZ300457,电池
946,SZ300456,半导体
947,SZ300455,计算机设备
948,SZ300454,软件服务
949,SZ300453,医疗器械
950,SZ300452,医药制造
951,SZ300451,软件服务
952,SZ300450,电池
953,SZ300449,安防设备
954,SZ300448,互联网服务
955,SZ300447,输配电气
956,SZ300446,汽车零部件
957,SZ300445,仪器仪表
958,SZ300444,输配电气
959,SZ300443,风电设备
960,SZ300442,互联网服务
961,SZ300441,机械行业
962,SZ300440,电子信息
963,SZ300439,医疗器械
964,SZ300438,电池
965,SZ300437,化工行业
966,SZ300436,医药制造
967,SZ300435,燃气
968,SZ300434,医药制造
969,SZ300433,消费电子
970,SZ300432,汽车行业
971,SZ300430,机械行业
972,SZ300429,电子化学品
973,SZ300428,汽车零部件
974,SZ300427,输配电气
975,SZ300426,文化传媒
976,SZ300425,环保工程
977,SZ300424,航天航空
978,SZ300423,输配电气
979,SZ300422,环保工程
980,SZ300421,通用设备
981,SZ300420,机械行业
982,SZ300419,电子信息
983,SZ300418,互联网服务
984,SZ300417,仪器仪表
985,SZ300416,专业服务
986,SZ300415,专用设备
987,SZ300414,通信设备
988,SZ300413,文化传媒
989,SZ300412,专用设备
990,SZ300411,专用设备
991,SZ300410,专用设备
992,SZ300409,非金属材料
993,SZ300408,电子元件
994,SZ300407,电网设备
995,SZ300406,医疗器械
996,SZ300405,化工行业
997,SZ300404,医疗服务
998,SZ300403,家电行业
999,SZ300402,专用设备
1000,SZ300401,化学制药
1001,SZ300400,专用设备
1002,SZ300399,电子信息
1003,SZ300398,电子化学品
1004,SZ300397,通信设备
1005,SZ300396,医疗器械
1006,SZ300395,非金属材料
1007,SZ300394,通讯行业
1008,SZ300393,光伏设备
1009,SZ300391,中药
1010,SZ300390,能源金属
1011,SZ300389,光学光电子
1012,SZ300388,环保工程
1013,SZ300387,化肥行业
1014,SZ300386,软件服务
1015,SZ300385,环保行业
1016,SZ300384,专业服务
1017,SZ300383,互联网服务
1018,SZ300382,专用设备
1019,SZ300381,医药制造
1020,SZ300380,软件开发
1021,SZ300379,软件服务
1022,SZ300378,软件服务
1023,SZ300377,软件服务
1024,SZ300376,电源设备
1025,SZ300375,汽车行业
1026,SZ300374,装修装饰
1027,SZ300373,半导体
1028,SZ300371,仪器仪表
1029,SZ300370,仪器仪表
1030,SZ300369,软件服务
1031,SZ300368,计算机设备
1032,SZ300366,软件开发
1033,SZ300365,软件服务
1034,SZ300364,文化传媒
1035,SZ300363,医药制造
1036,SZ300360,电网设备
1037,SZ300359,文教休闲
1038,SZ300358,医疗器械
1039,SZ300357,生物制品
1040,SZ300355,环保工程
1041,SZ300354,仪器仪表
1042,SZ300353,通讯行业
1043,SZ300352,软件服务
1044,SZ300351,交运设备
1045,SZ300350,交运物流
1046,SZ300349,仪器仪表
1047,SZ300348,软件服务
1048,SZ300347,医疗行业
1049,SZ300346,电子化学品
1050,SZ300345,光伏设备
1051,SZ300344,软件服务
1052,SZ300343,化学制品
1053,SZ300342,家电行业
1054,SZ300341,电网设备
1055,SZ300340,电池
1056,SZ300339,软件开发
1057,SZ300338,文教休闲
1058,SZ300337,有色金属
1059,SZ300335,环保工程
1060,SZ300334,环保工程
1061,SZ300333,软件开发
1062,SZ300332,燃气
1063,SZ300331,光学光电子
1064,SZ300329,家用轻工
1065,SZ300328,小金属
1066,SZ300327,半导体
1067,SZ300326,医疗器械
1068,SZ300324,互联网服务
1069,SZ300323,光学光电子
1070,SZ300322,消费电子
1071,SZ300321,化学制品
1072,SZ300320,橡胶制品
1073,SZ300319,光学光电子
1074,SZ300318,医疗器械
1075,SZ300317,光伏设备
1076,SZ300316,光伏设备
1077,SZ300315,游戏
1078,SZ300314,医疗器械
1079,SZ300313,农牧饲渔
1080,SZ300311,软件服务
1081,SZ300310,通信服务
1082,SZ300308,通讯行业
1083,SZ300307,专用设备
1084,SZ300306,仪器仪表
1085,SZ300305,光伏设备
1086,SZ300304,汽车行业
1087,SZ300303,光学光电子
1088,SZ300302,软件服务
1089,SZ300301,光学光电子
1090,SZ300300,互联网服务
1091,SZ300299,游戏
1092,SZ300298,医疗器械
1093,SZ300296,光学光电子
1094,SZ300295,互联网服务
1095,SZ300294,生物制品
1096,SZ300293,专用设备
1097,SZ300292,通信服务
1098,SZ300291,文化传媒
1099,SZ300290,互联网服务
1100,SZ300289,医疗器械
1101,SZ300288,电子信息
1102,SZ300287,互联网服务
1103,SZ300286,输配电气
1104,SZ300285,化工行业
1105,SZ300284,工程咨询服务
1106,SZ300283,电网设备
1107,SZ300281,专用设备
1108,SZ300279,消费电子
1109,SZ300278,机械行业
1110,SZ300277,互联网服务
1111,SZ300276,专用设备
1112,SZ300275,仪器仪表
1113,SZ300274,光伏设备
1114,SZ300272,家电行业
1115,SZ300271,互联网服务
1116,SZ300270,安防设备
1117,SZ300269,互联网服务
1118,SZ300268,农牧饲渔
1119,SZ300267,医药制造
1120,SZ300266,环保工程
1121,SZ300265,输配电气
1122,SZ300264,互联网服务
1123,SZ300263,通用设备
1124,SZ300261,农药兽药
1125,SZ300260,通用设备
1126,SZ300259,仪器仪表
1127,SZ300258,汽车行业
1128,SZ300257,机械行业
1129,SZ300256,消费电子
1130,SZ300255,医药制造
1131,SZ300254,医药制造
1132,SZ300253,软件服务
1133,SZ300252,通讯行业
1134,SZ300251,文化传媒
1135,SZ300250,电子信息
1136,SZ300249,软件服务
1137,SZ300248,互联网服务
1138,SZ300247,家电行业
1139,SZ300246,医疗器械
1140,SZ300245,互联网服务
1141,SZ300244,医疗服务
1142,SZ300243,塑料制品
1143,SZ300242,文化传媒
1144,SZ300241,光学光电子
1145,SZ300240,交运物流
1146,SZ300239,生物制品
1147,SZ300238,医疗器械
1148,SZ300237,汽车零部件
1149,SZ300236,电子化学品
1150,SZ300235,软件开发
1151,SZ300234,装修建材
1152,SZ300233,医药制造
1153,SZ300232,光学光电子
1154,SZ300231,互联网服务
1155,SZ300230,塑胶制品
1156,SZ300229,软件服务
1157,SZ300228,专用设备
1158,SZ300227,电子元件
1159,SZ300226,电子信息
1160,SZ300225,化工行业
1161,SZ300224,小金属
1162,SZ300223,半导体
1163,SZ300222,输配电气
1164,SZ300221,塑胶制品
1165,SZ300220,电子元件
1166,SZ300219,光学光电子
1167,SZ300218,塑料制品
1168,SZ300217,家电行业
1169,SZ300215,专业服务
1170,SZ300214,塑胶制品
1171,SZ300213,通讯行业
1172,SZ300212,互联网服务
1173,SZ300211,通信服务
1174,SZ300210,环保行业
1175,SZ300209,互联网服务
1176,SZ300208,输配电气
1177,SZ300207,电池
1178,SZ300206,医疗器械
1179,SZ300205,通信设备
1180,SZ300204,生物制品
1181,SZ300203,环保行业
1182,SZ300201,工程机械
1183,SZ300200,化学制品
1184,SZ300199,医药制造
1185,SZ300198,装修建材
1186,SZ300197,环保行业
1187,SZ300196,玻璃玻纤
1188,SZ300195,专用设备
1189,SZ300194,医药制造
1190,SZ300193,机械行业
1191,SZ300192,教育
1192,SZ300191,采掘行业
1193,SZ300190,环保工程
1194,SZ300189,农牧饲渔
1195,SZ300188,软件服务
1196,SZ300187,环保工程
1197,SZ300185,风电设备
1198,SZ300184,贸易行业
1199,SZ300183,通信服务
1200,SZ300182,文化传媒
1201,SZ300181,中药
1202,SZ300180,塑胶制品
1203,SZ300179,通用设备
1204,SZ300177,计算机设备
1205,SZ300176,汽车行业
1206,SZ300175,农牧饲渔
1207,SZ300174,化工行业
1208,SZ300173,专用设备
1209,SZ300172,环保工程
1210,SZ300171,医疗器械
1211,SZ300170,互联网服务
1212,SZ300169,化学制品
1213,SZ300168,互联网服务
1214,SZ300167,互联网服务
1215,SZ300166,互联网服务
1216,SZ300165,仪器仪表
1217,SZ300164,采掘行业
1218,SZ300163,化学制品
1219,SZ300162,光学光电子
1220,SZ300161,机械行业
1221,SZ300160,家电行业
1222,SZ300159,航天航空
1223,SZ300158,医药制造
1224,SZ300157,采掘行业
1225,SZ300155,安防设备
1226,SZ300154,机械行业
1227,SZ300153,电源设备
1228,SZ300152,环保工程
1229,SZ300151,专用设备
1230,SZ300150,电子信息
1231,SZ300149,医疗行业
1232,SZ300148,游戏
1233,SZ300147,中药
1234,SZ300146,食品饮料
1235,SZ300145,机械行业
1236,SZ300144,旅游酒店
1237,SZ300143,医疗行业
1238,SZ300142,生物制品
1239,SZ300141,输配电气
1240,SZ300140,环保行业
1241,SZ300139,贵金属
1242,SZ300138,农牧饲渔
1243,SZ300137,环保工程
1244,SZ300136,消费电子
1245,SZ300135,化工行业
1246,SZ300134,通讯行业
1247,SZ300133,文化传媒
1248,SZ300132,美容护理
1249,SZ300131,消费电子
1250,SZ300130,计算机设备
1251,SZ300129,风电设备
1252,SZ300128,光学光电子
1253,SZ300127,小金属
1254,SZ300126,机械行业
1255,SZ300125,光伏设备
1256,SZ300124,电子元件
1257,SZ300123,船舶制造
1258,SZ300122,生物制品
1259,SZ300121,橡胶制品
1260,SZ300120,光学光电子
1261,SZ300119,农药兽药
1262,SZ300118,光伏设备
1263,SZ300117,装修建材
1264,SZ300115,消费电子
1265,SZ300113,游戏
1266,SZ300112,仪器仪表
1267,SZ300111,医药制造
1268,SZ300110,医药制造
1269,SZ300109,化工行业
1270,SZ300108,中药
1271,SZ300107,化工行业
1272,SZ300106,食品饮料
1273,SZ300105,电源设备
1274,SZ300103,专用设备
1275,SZ300102,光学光电子
1276,SZ300101,通讯行业
1277,SZ300100,汽车行业
1278,SZ300099,专用设备
1279,SZ300098,软件开发
1280,SZ300097,专用设备
1281,SZ300096,互联网服务
1282,SZ300095,机械行业
1283,SZ300094,食品饮料
1284,SZ300093,光伏设备
1285,SZ300092,机械行业
1286,SZ300091,机械行业
1287,SZ300088,光学光电子
1288,SZ300087,农牧饲渔
1289,SZ300086,医药制造
1290,SZ300085,软件服务
1291,SZ300084,采掘行业
1292,SZ300083,通用设备
1293,SZ300082,化学原料
1294,SZ300081,通信服务
1295,SZ300080,通用设备
1296,SZ300079,互联网服务
1297,SZ300078,电子信息
1298,SZ300077,半导体
1299,SZ300076,光学光电子
1300,SZ300075,软件服务
1301,SZ300074,软件服务
1302,SZ300073,电池
1303,SZ300072,化工行业
1304,SZ300071,文化传媒
1305,SZ300070,环保工程
1306,SZ300069,电网设备
1307,SZ300068,电池
1308,SZ300067,化工行业
1309,SZ300066,仪器仪表
1310,SZ300065,船舶制造
1311,SZ300063,文化传媒
1312,SZ300062,输配电气
1313,SZ300061,文化传媒
1314,SZ300059,电子信息
1315,SZ300058,文化传媒
1316,SZ300057,有色金属
1317,SZ300056,环保工程
1318,SZ300055,环保工程
1319,SZ300054,电子化学品
1320,SZ300053,半导体
1321,SZ300052,游戏
1322,SZ300051,光伏设备
1323,SZ300050,通信服务
1324,SZ300049,医疗器械
1325,SZ300048,专用设备
1326,SZ300047,软件服务
1327,SZ300046,半导体
1328,SZ300045,计算机设备
1329,SZ300044,互联网服务
1330,SZ300043,游戏
1331,SZ300042,半导体
1332,SZ300041,化工行业
1333,SZ300040,输配电气
1334,SZ300039,中药
1335,SZ300037,电池
1336,SZ300036,软件服务
1337,SZ300035,非金属材料
1338,SZ300034,有色金属
1339,SZ300033,软件服务
1340,SZ300032,消费电子
1341,SZ300031,游戏
1342,SZ300030,医疗器械
1343,SZ300029,光伏设备
1344,SZ300027,文化传媒
1345,SZ300026,中药
1346,SZ300025,通信服务
1347,SZ300024,机械行业
1348,SZ300022,工程机械
1349,SZ300021,农牧饲渔
1350,SZ300020,互联网服务
1351,SZ300019,化工行业
1352,SZ300018,输配电气
1353,SZ300017,互联网服务
1354,SZ300016,医药制造
1355,SZ300015,医疗行业
1356,SZ300014,电池
1357,SZ300013,交运物流
1358,SZ300012,专业服务
1359,SZ300011,交运设备
1360,SZ300010,教育
1361,SZ300009,生物制品
1362,SZ300008,船舶制造
1363,SZ300007,仪器仪表
1364,SZ300006,医药制造
1365,SZ300005,纺织服装
1366,SZ300004,专用设备
1367,SZ300003,医疗器械
1368,SZ300002,游戏
1369,SZ300001,输配电气
1370,SZ201872,港口水运
1371,SZ200992,农牧饲渔
1372,SZ200869,酿酒行业
1373,SZ200771,机械行业
1374,SZ200761,钢铁行业
1375,SZ200726,纺织服装
1376,SZ200725,光学光电子
1377,SZ200625,汽车整车
1378,SZ200596,酿酒行业
1379,SZ200581,汽车行业
1380,SZ200570,汽车零部件
1381,SZ200553,农药兽药
1382,SZ200550,汽车整车
1383,SZ200541,家电行业
1384,SZ200539,电力行业
1385,SZ200530,机械行业
1386,SZ200521,家电行业
1387,SZ200512,家电行业
1388,SZ200505,农牧饲渔
1389,SZ200488,造纸印刷
1390,SZ200468,通讯行业
1391,SZ200429,高速公路
1392,SZ200058,商业百货
1393,SZ200056,房地产服务
1394,SZ200055,装修装饰
1395,SZ200045,光学光电子
1396,SZ200037,电力行业
1397,SZ200030,汽车行业
1398,SZ200029,房地产
1399,SZ200028,医药商业
1400,SZ200026,珠宝首饰
1401,SZ200025,珠宝首饰
1402,SZ200020,光学光电子
1403,SZ200019,贸易行业
1404,SZ200017,珠宝首饰
1405,SZ200016,家电行业
1406,SZ200012,玻璃陶瓷
1407,SZ200011,房地产
1408,SZ003816,电力行业
1409,SZ003043,通用设备
1410,SZ003042,农药兽药
1411,SZ003041,纺织服装
1412,SZ003040,通信设备
1413,SZ003039,公用事业
1414,SZ003038,有色金属
1415,SZ003037,水泥建材
1416,SZ003036,专用设备
1417,SZ003035,专业服务
1418,SZ003033,汽车零部件
1419,SZ003032,文教休闲
1420,SZ003031,通信设备
1421,SZ003030,食品饮料
1422,SZ003029,软件服务
1423,SZ003028,消费电子
1424,SZ003027,环保工程
1425,SZ003026,半导体
1426,SZ003025,机械行业
1427,SZ003023,家电行业
1428,SZ003022,化工行业
1429,SZ003021,电机
1430,SZ003020,化学制药
1431,SZ003019,光学光电子
1432,SZ003018,塑胶制品
1433,SZ003017,化学原料
1434,SZ003016,纺织服装
1435,SZ003015,光学光电子
1436,SZ003013,工程咨询服务
1437,SZ003012,装修建材
1438,SZ003011,塑胶制品
1439,SZ003010,电子信息
1440,SZ003009,航天航空
1441,SZ003008,专业服务
1442,SZ003007,软件服务
1443,SZ003006,美容护理
1444,SZ003005,互联网服务
1445,SZ003004,安防设备
1446,SZ003003,包装材料
1447,SZ003002,化工行业
1448,SZ003001,工程咨询服务
1449,SZ003000,食品饮料
1450,SZ002999,化肥行业
1451,SZ002998,化纤行业
1452,SZ002997,汽车零部件
1453,SZ002996,有色金属
1454,SZ002995,文化传媒
1455,SZ002993,消费电子
1456,SZ002992,光学光电子
1457,SZ002991,食品饮料
1458,SZ002990,互联网服务
1459,SZ002989,装修装饰
1460,SZ002988,有色金属
1461,SZ002987,软件服务
1462,SZ002986,化工行业
1463,SZ002985,航天航空
1464,SZ002984,橡胶制品
1465,SZ002983,光学光电子
1466,SZ002982,农牧饲渔
1467,SZ002981,消费电子
1468,SZ002980,仪器仪表
1469,SZ002979,专用设备
1470,SZ002978,钢铁行业
1471,SZ002977,通信设备
1472,SZ002976,汽车零部件
1473,SZ002975,专用设备
1474,SZ002973,环保行业
1475,SZ002972,交运设备
1476,SZ002971,化工行业
1477,SZ002970,计算机设备
1478,SZ002969,包装材料
1479,SZ002968,房地产服务
1480,SZ002967,专业服务
1481,SZ002966,银行
1482,SZ002965,通用设备
1483,SZ002963,装修装饰
1484,SZ002962,光学光电子
1485,SZ002961,多元金融
1486,SZ002960,专用设备
1487,SZ002959,家电行业
1488,SZ002958,银行
1489,SZ002957,专用设备
1490,SZ002956,食品饮料
1491,SZ002955,光学光电子
1492,SZ002953,电网设备
1493,SZ002952,光学光电子
1494,SZ002951,包装材料
1495,SZ002950,医疗器械
1496,SZ002949,工程咨询服务
1497,SZ002948,银行
1498,SZ002947,消费电子
1499,SZ002946,食品饮料
1500,SZ002945,券商信托
1501,SZ002943,通用设备
1502,SZ002942,农药兽药
1503,SZ002941,工程建设
1504,SZ002940,医药制造
1505,SZ002939,券商信托
1506,SZ002938,电子元件
1507,SZ002937,消费电子
1508,SZ002936,银行
1509,SZ002935,通信设备
1510,SZ002933,航天航空
1511,SZ002932,医疗器械
1512,SZ002931,通用设备
1513,SZ002930,交运物流
1514,SZ002929,通信服务
1515,SZ002928,民航机场
1516,SZ002927,输配电气
1517,SZ002926,券商信托
1518,SZ002925,消费电子
1519,SZ002923,医药制造
1520,SZ002922,电子元件
1521,SZ002921,汽车行业
1522,SZ002920,汽车行业
1523,SZ002919,游戏
1524,SZ002918,装修建材
1525,SZ002917,化工行业
1526,SZ002916,电子元件
1527,SZ002915,化工行业
1528,SZ002913,电子元件
1529,SZ002912,互联网服务
1530,SZ002911,燃气
1531,SZ002910,食品饮料
1532,SZ002909,化工行业
1533,SZ002908,软件开发
1534,SZ002907,中药
1535,SZ002906,汽车零部件
1536,SZ002905,文化传媒
1537,SZ002903,机械行业
1538,SZ002902,通信设备
1539,SZ002901,医疗器械
1540,SZ002900,医药制造
1541,SZ002899,家用轻工
1542,SZ002898,医药制造
1543,SZ002897,光伏设备
1544,SZ002896,机械行业
1545,SZ002895,化学原料
1546,SZ002893,公用事业
1547,SZ002892,电机
1548,SZ002891,农牧饲渔
1549,SZ002890,专用设备
1550,SZ002889,交运物流
1551,SZ002888,消费电子
1552,SZ002887,环保行业
1553,SZ002886,塑胶制品
1554,SZ002885,消费电子
1555,SZ002884,机械行业
1556,SZ002883,工程咨询服务
1557,SZ002882,输配电气
1558,SZ002881,消费电子
1559,SZ002880,生物制品
1560,SZ002879,输配电气
1561,SZ002878,文化传媒
1562,SZ002877,仪器仪表
1563,SZ002876,光学光电子
1564,SZ002875,纺织服装
1565,SZ002873,中药
1566,SZ002872,化学制药
1567,SZ002871,机械行业
1568,SZ002870,汽车零部件
1569,SZ002869,电子元件
1570,SZ002868,农药兽药
1571,SZ002867,珠宝首饰
1572,SZ002866,消费电子
1573,SZ002865,光伏设备
1574,SZ002864,中药
1575,SZ002863,汽车行业
1576,SZ002862,家用轻工
1577,SZ002861,消费电子
1578,SZ002860,家电行业
1579,SZ002859,电子元件
1580,SZ002858,文化传媒
1581,SZ002857,电网设备
1582,SZ002856,装修装饰
1583,SZ002855,消费电子
1584,SZ002853,木业家具
1585,SZ002852,食品饮料
1586,SZ002851,电源设备
1587,SZ002850,电池
1588,SZ002849,仪器仪表
1589,SZ002848,家电行业
1590,SZ002847,食品饮料
1591,SZ002846,包装材料
1592,SZ002845,光学光电子
1593,SZ002843,消费电子
1594,SZ002842,小金属
1595,SZ002841,消费电子
1596,SZ002840,食品饮料
1597,SZ002839,银行
1598,SZ002838,塑胶制品
1599,SZ002837,专用设备
1600,SZ002836,造纸印刷
1601,SZ002835,计算机设备
1602,SZ002833,专用设备
1603,SZ002832,纺织服装
1604,SZ002831,造纸印刷
1605,SZ002830,装修装饰
1606,SZ002829,通信设备
1607,SZ002828,采掘行业
1608,SZ002827,化工行业
1609,SZ002826,中药
1610,SZ002825,塑胶制品
1611,SZ002824,有色金属
1612,SZ002823,电机
1613,SZ002822,装修装饰
1614,SZ002821,医疗行业
1615,SZ002820,食品饮料
1616,SZ002819,仪器仪表
1617,SZ002818,商业百货
1618,SZ002817,医疗器械
1619,SZ002816,专用设备
1620,SZ002815,电子元件
1621,SZ002813,汽车零部件
1622,SZ002812,电池
1623,SZ002811,专业服务
1624,SZ002810,化工行业
1625,SZ002809,化工行业
1626,SZ002808,光学光电子
1627,SZ002807,银行
1628,SZ002806,汽车零部件
1629,SZ002805,电池
1630,SZ002803,文化传媒
1631,SZ002802,化工行业
1632,SZ002801,电机
1633,SZ002800,交运物流
1634,SZ002799,包装材料
1635,SZ002798,装修建材
1636,SZ002797,券商信托
1637,SZ002796,专用设备
1638,SZ002795,机械行业
1639,SZ002793,医药制造
1640,SZ002792,通讯行业
1641,SZ002791,装修建材
1642,SZ002790,装修建材
1643,SZ002789,装修装饰
1644,SZ002788,医药商业
1645,SZ002787,包装材料
1646,SZ002786,专用设备
1647,SZ002785,装修建材
1648,SZ002783,化工行业
1649,SZ002782,电子元件
1650,SZ002780,纺织服装
1651,SZ002779,专用设备
1652,SZ002778,石油行业
1653,SZ002777,电子信息
1654,SZ002775,工程建设
1655,SZ002774,专用设备
1656,SZ002773,医药制造
1657,SZ002772,农牧饲渔
1658,SZ002771,互联网服务
1659,SZ002769,交运物流
1660,SZ002768,塑胶制品
1661,SZ002767,仪器仪表
1662,SZ002766,互联网服务
1663,SZ002765,光学光电子
1664,SZ002763,纺织服装
1665,SZ002762,纺织服装
1666,SZ002761,工程建设
1667,SZ002760,通用设备
1668,SZ002759,电池
1669,SZ002758,综合行业
1670,SZ002757,专用设备
1671,SZ002756,钢铁行业
1672,SZ002755,医药制造
1673,SZ002753,橡胶制品
1674,SZ002752,包装材料
1675,SZ002750,中药
1676,SZ002749,农药兽药
1677,SZ002748,化学原料
1678,SZ002747,机械行业
1679,SZ002746,农牧饲渔
1680,SZ002745,光学光电子
1681,SZ002743,水泥建材
1682,SZ002742,水泥建材
1683,SZ002741,电子化学品
1684,SZ002739,文化传媒
1685,SZ002738,能源金属
1686,SZ002737,中药
1687,SZ002736,券商信托
1688,SZ002735,包装材料
1689,SZ002734,农药兽药
1690,SZ002733,电池
1691,SZ002732,食品饮料
1692,SZ002731,珠宝首饰
1693,SZ002730,专用设备
1694,SZ002729,电子元件
1695,SZ002728,中药
1696,SZ002727,医药商业
1697,SZ002726,食品饮料
1698,SZ002725,汽车行业
1699,SZ002724,电子元件
1700,SZ002723,家电行业
1701,SZ002722,纺织服装
1702,SZ002721,珠宝首饰
1703,SZ002719,食品饮料
1704,SZ002718,木业家具
1705,SZ002717,环保工程
1706,SZ002716,贵金属
1707,SZ002715,汽车行业
1708,SZ002714,农牧饲渔
1709,SZ002713,装修装饰
1710,SZ002712,文化传媒
1711,SZ002709,化工行业
1712,SZ002708,汽车行业
1713,SZ002707,旅游酒店
1714,SZ002706,输配电气
1715,SZ002705,家电行业
1716,SZ002703,汽车行业
1717,SZ002702,食品饮料
1718,SZ002701,包装材料
1719,SZ002700,燃气
1720,SZ002698,专用设备
1721,SZ002697,商业百货
1722,SZ002696,农牧饲渔
1723,SZ002695,食品饮料
1724,SZ002694,装修建材
1725,SZ002693,生物制品
1726,SZ002692,输配电气
1727,SZ002691,专用设备
1728,SZ002690,专用设备
1729,SZ002689,专用设备
1730,SZ002688,农药兽药
1731,SZ002687,纺织服装
1732,SZ002686,机械行业
1733,SZ002685,机械行业
1734,SZ002683,采掘行业
1735,SZ002682,交运物流
1736,SZ002681,消费电子
1737,SZ002679,农牧饲渔
1738,SZ002678,家用轻工
1739,SZ002677,家电行业
1740,SZ002676,家电行业
1741,SZ002675,医药制造
1742,SZ002674,纺织服装
1743,SZ002673,券商信托
1744,SZ002672,环保工程
1745,SZ002671,水泥建材
1746,SZ002670,券商信托
1747,SZ002669,化学制品
1748,SZ002668,家电行业
1749,SZ002667,能源金属
1750,SZ002666,化学制品
1751,SZ002664,汽车零部件
1752,SZ002663,工程建设
1753,SZ002662,汽车行业
1754,SZ002661,食品饮料
1755,SZ002660,消费电子
1756,SZ002659,文教休闲
1757,SZ002658,仪器仪表
1758,SZ002657,互联网服务
1759,SZ002656,纺织服装
1760,SZ002655,消费电子
1761,SZ002654,文化传媒
1762,SZ002653,医药制造
1763,SZ002652,装修建材
1764,SZ002651,专用设备
1765,SZ002650,食品饮料
1766,SZ002649,互联网服务
1767,SZ002648,化学原料
1768,SZ002647,多元金融
1769,SZ002646,酿酒行业
1770,SZ002645,环保行业
1771,SZ002644,中药
1772,SZ002643,电子化学品
1773,SZ002642,互联网服务
1774,SZ002641,装修建材
1775,SZ002640,国际贸易
1776,SZ002639,机械行业
1777,SZ002638,光学光电子
1778,SZ002637,化工行业
1779,SZ002636,电子元件
1780,SZ002635,消费电子
1781,SZ002634,纺织服装
1782,SZ002633,机械行业
1783,SZ002632,塑料制品
1784,SZ002631,木业家具
1785,SZ002630,电源设备
1786,SZ002629,采掘行业
1787,SZ002628,工程建设
1788,SZ002627,旅游酒店
1789,SZ002626,食品饮料
1790,SZ002625,航天航空
1791,SZ002624,游戏
1792,SZ002623,光伏设备
1793,SZ002622,医疗服务
1794,SZ002620,装修装饰
1795,SZ002617,光伏设备
1796,SZ002616,电力行业
1797,SZ002615,家用轻工
1798,SZ002614,家电行业
1799,SZ002613,玻璃玻纤
1800,SZ002612,纺织服装
1801,SZ002611,专用设备
1802,SZ002609,电子信息
1803,SZ002608,电力行业
1804,SZ002607,文教休闲
1805,SZ002606,输配电气
1806,SZ002605,游戏
1807,SZ002603,中药
1808,SZ002602,游戏
1809,SZ002601,化学原料
1810,SZ002600,消费电子
1811,SZ002599,包装材料
1812,SZ002598,机械行业
1813,SZ002597,食品饮料
1814,SZ002596,水泥建材
1815,SZ002595,专用设备
1816,SZ002594,汽车整车
1817,SZ002593,汽车零部件
1818,SZ002592,汽车行业
1819,SZ002591,互联网服务
1820,SZ002590,汽车零部件
1821,SZ002589,医药商业
1822,SZ002588,化肥行业
1823,SZ002587,光学光电子
1824,SZ002586,工程建设
1825,SZ002585,塑料制品
1826,SZ002584,电子化学品
1827,SZ002583,通讯行业
1828,SZ002582,食品饮料
1829,SZ002581,生物制品
1830,SZ002580,电池
1831,SZ002579,电子元件
1832,SZ002578,有色金属
1833,SZ002577,消费电子
1834,SZ002576,电机
1835,SZ002575,房地产服务
1836,SZ002574,珠宝首饰
1837,SZ002573,环保工程
1838,SZ002572,木业家具
1839,SZ002571,家用轻工
1840,SZ002570,食品饮料
1841,SZ002569,纺织服装
1842,SZ002568,酿酒行业
1843,SZ002567,农牧饲渔
1844,SZ002566,中药
1845,SZ002565,包装材料
1846,SZ002564,专业服务
1847,SZ002563,纺织服装
1848,SZ002562,化学制品
1849,SZ002561,商业百货
1850,SZ002560,输配电气
1851,SZ002559,机械行业
1852,SZ002558,游戏
1853,SZ002557,食品饮料
1854,SZ002556,化肥行业
1855,SZ002555,游戏
1856,SZ002554,采掘行业
1857,SZ002553,汽车行业
1858,SZ002552,通用设备
1859,SZ002551,医疗器械
1860,SZ002550,化学制药
1861,SZ002549,化工行业
1862,SZ002548,农牧饲渔
1863,SZ002547,汽车零部件
1864,SZ002546,输配电气
1865,SZ002545,钢铁行业
1866,SZ002544,通信服务
1867,SZ002543,家电行业
1868,SZ002542,工程建设
1869,SZ002541,水泥建材
1870,SZ002540,有色金属
1871,SZ002539,化肥行业
1872,SZ002538,化肥行业
1873,SZ002537,汽车零部件
1874,SZ002536,汽车行业
1875,SZ002535,专用设备
1876,SZ002534,电源设备
1877,SZ002533,输配电气
1878,SZ002532,有色金属
1879,SZ002531,风电设备
1880,SZ002530,互联网服务
1881,SZ002528,软件开发
1882,SZ002527,专用设备
1883,SZ002526,专用设备
1884,SZ002524,医疗行业
1885,SZ002523,专用设备
1886,SZ002522,塑料制品
1887,SZ002521,造纸印刷
1888,SZ002520,机械行业
1889,SZ002519,家电行业
1890,SZ002518,电源设备
1891,SZ002517,游戏
1892,SZ002516,汽车零部件
1893,SZ002515,食品饮料
1894,SZ002514,通用设备
1895,SZ002513,农药兽药
1896,SZ002512,计算机设备
1897,SZ002511,造纸印刷
1898,SZ002510,汽车行业
1899,SZ002508,家电行业
1900,SZ002507,食品饮料
1901,SZ002506,光伏设备
1902,SZ002501,有色金属
1903,SZ002500,券商信托
1904,SZ002498,输配电气
1905,SZ002497,化工行业
1906,SZ002496,农药兽药
1907,SZ002495,食品饮料
1908,SZ002494,纺织服装
1909,SZ002493,化纤行业
1910,SZ002492,交运物流
1911,SZ002491,通讯行业
1912,SZ002490,专用设备
1913,SZ002489,家用轻工
1914,SZ002488,汽车行业
1915,SZ002487,风电设备
1916,SZ002486,纺织服装
1917,SZ002485,纺织服装
1918,SZ002484,电子元件
1919,SZ002483,专用设备
1920,SZ002482,装修装饰
1921,SZ002481,食品饮料
1922,SZ002480,机械行业
1923,SZ002479,环保工程
1924,SZ002478,钢铁行业
1925,SZ002476,化工行业
1926,SZ002475,消费电子
1927,SZ002474,互联网服务
1928,SZ002472,汽车零部件
1929,SZ002471,输配电气
1930,SZ002470,化肥行业
1931,SZ002469,化学原料
1932,SZ002468,交运物流
1933,SZ002467,电信运营
1934,SZ002466,能源金属
1935,SZ002465,通讯行业
1936,SZ002463,电子元件
1937,SZ002462,医药商业
1938,SZ002461,酿酒行业
1939,SZ002460,能源金属
1940,SZ002459,光伏设备
1941,SZ002458,农牧饲渔
1942,SZ002457,装修建材
1943,SZ002456,光学光电子
1944,SZ002455,化工行业
1945,SZ002454,汽车行业
1946,SZ002453,化学制品
1947,SZ002452,输配电气
1948,SZ002451,输配电气
1949,SZ002449,光学光电子
1950,SZ002448,汽车行业
1951,SZ002446,通讯行业
1952,SZ002445,通用设备
1953,SZ002444,通用设备
1954,SZ002443,钢铁行业
1955,SZ002442,橡胶制品
1956,SZ002441,输配电气
1957,SZ002440,化工行业
1958,SZ002439,软件服务
1959,SZ002438,机械行业
1960,SZ002437,医药制造
1961,SZ002436,电子元件
1962,SZ002434,汽车行业
1963,SZ002432,医疗器械
1964,SZ002431,工程建设
1965,SZ002430,专用设备
1966,SZ002429,家电行业
1967,SZ002428,小金属
1968,SZ002427,化纤行业
1969,SZ002426,通用设备
1970,SZ002425,游戏
1971,SZ002424,中药
1972,SZ002423,多元金融
1973,SZ002422,医药制造
1974,SZ002421,软件开发
1975,SZ002420,家电行业
1976,SZ002419,商业百货
1977,SZ002418,家电行业
1978,SZ002416,商业百货
1979,SZ002415,安防设备
1980,SZ002414,电子元件
1981,SZ002413,通信设备
1982,SZ002412,中药
1983,SZ002410,软件服务
1984,SZ002409,电子化学品
1985,SZ002408,化工行业
1986,SZ002407,化工行业
1987,SZ002406,汽车零部件
1988,SZ002405,软件服务
1989,SZ002404,纺织服装
1990,SZ002403,家电行业
1991,SZ002402,消费电子
1992,SZ002401,互联网服务
1993,SZ002400,文化传媒
1994,SZ002399,医药制造
1995,SZ002398,装修建材
1996,SZ002397,纺织服装
1997,SZ002396,通讯行业
1998,SZ002395,塑胶制品
1999,SZ002394,纺织服装
2000,SZ002393,医药制造
2001,SZ002392,装修建材
2002,SZ002391,农药兽药
2003,SZ002390,中药
2004,SZ002389,航天航空
2005,SZ002388,电子元件
2006,SZ002387,光学光电子
2007,SZ002386,化学原料
2008,SZ002385,农牧饲渔
2009,SZ002384,电子元件
2010,SZ002383,计算机设备
2011,SZ002382,医疗器械
2012,SZ002381,橡胶制品
2013,SZ002380,电子信息
2014,SZ002379,有色金属
2015,SZ002378,小金属
2016,SZ002377,化学制品
2017,SZ002376,计算机设备
2018,SZ002375,装修装饰
2019,SZ002374,包装材料
2020,SZ002373,互联网服务
2021,SZ002372,装修建材
2022,SZ002371,半导体
2023,SZ002370,医药制造
2024,SZ002369,消费电子
2025,SZ002368,互联网服务
2026,SZ002367,专用设备
2027,SZ002366,电源设备
2028,SZ002365,医药制造
2029,SZ002364,电源设备
2030,SZ002363,汽车行业
2031,SZ002362,软件服务
2032,SZ002361,塑料制品
2033,SZ002360,化工行业
2034,SZ002358,输配电气
2035,SZ002357,高速公路
2036,SZ002356,贸易行业
2037,SZ002355,汽车行业
2038,SZ002354,互联网服务
2039,SZ002353,专用设备
2040,SZ002352,交运物流
2041,SZ002351,消费电子
2042,SZ002350,输配电气
2043,SZ002349,中药
2044,SZ002348,家用轻工
2045,SZ002347,机械行业
2046,SZ002346,输配电气
2047,SZ002345,珠宝首饰
2048,SZ002344,商业百货
2049,SZ002343,文化传媒
2050,SZ002342,通用设备
2051,SZ002340,能源金属
2052,SZ002339,电网设备
2053,SZ002338,仪器仪表
2054,SZ002337,专用设备
2055,SZ002336,商业百货
2056,SZ002335,电源设备
2057,SZ002334,专用设备
2058,SZ002333,装修建材
2059,SZ002332,化学制药
2060,SZ002331,互联网服务
2061,SZ002330,食品饮料
2062,SZ002329,食品饮料
2063,SZ002328,汽车零部件
2064,SZ002327,纺织服装
2065,SZ002326,化工行业
2066,SZ002324,塑胶制品
2067,SZ002323,装修建材
2068,SZ002322,软件服务
2069,SZ002321,农牧饲渔
2070,SZ002320,港口水运
2071,SZ002319,化工行业
2072,SZ002318,钢铁行业
2073,SZ002317,中药
2074,SZ002316,电子信息
2075,SZ002315,电子信息
2076,SZ002314,房地产
2077,SZ002313,通讯行业
2078,SZ002312,化肥行业
2079,SZ002311,农牧饲渔
2080,SZ002310,环保工程
2081,SZ002309,光伏设备
2082,SZ002307,工程建设
2083,SZ002306,旅游酒店
2084,SZ002305,房地产
2085,SZ002304,酿酒行业
2086,SZ002303,包装材料
2087,SZ002302,水泥建材
2088,SZ002301,家用轻工
2089,SZ002300,输配电气
2090,SZ002299,农牧饲渔
2091,SZ002298,软件服务
2092,SZ002297,航天航空
2093,SZ002296,通讯行业
2094,SZ002295,有色金属
2095,SZ002294,医药制造
2096,SZ002293,纺织服装
2097,SZ002292,文化传媒
2098,SZ002291,互联网服务
2099,SZ002290,家电行业
2100,SZ002289,光学光电子
2101,SZ002287,中药
2102,SZ002286,食品饮料
2103,SZ002285,房地产服务
2104,SZ002284,汽车行业
2105,SZ002283,汽车行业
2106,SZ002282,机械行业
2107,SZ002281,通讯行业
2108,SZ002279,软件服务
2109,SZ002278,专用设备
2110,SZ002277,商业百货
2111,SZ002276,输配电气
2112,SZ002275,中药
2113,SZ002274,化肥行业
2114,SZ002273,光学光电子
2115,SZ002272,工程机械
2116,SZ002271,装修建材
2117,SZ002270,电网设备
2118,SZ002269,纺织服装
2119,SZ002268,软件服务
2120,SZ002267,燃气
2121,SZ002266,环保行业
2122,SZ002265,汽车零部件
2123,SZ002264,互联网服务
2124,SZ002263,塑料制品
2125,SZ002262,医药制造
2126,SZ002261,软件开发
2127,SZ002259,燃气
2128,SZ002258,农药兽药
2129,SZ002256,输配电气
2130,SZ002255,电源设备
2131,SZ002254,化纤行业
2132,SZ002253,软件服务
2133,SZ002252,生物制品
2134,SZ002251,商业百货
2135,SZ002250,农药兽药
2136,SZ002249,电机
2137,SZ002248,机械行业
2138,SZ002247,装修装饰
2139,SZ002246,化工行业
2140,SZ002245,电池
2141,SZ002244,房地产
2142,SZ002243,美容护理
2143,SZ002242,家电行业
2144,SZ002241,消费电子
2145,SZ002240,能源金属
2146,SZ002239,汽车行业
2147,SZ002238,文化传媒
2148,SZ002237,贵金属
2149,SZ002236,安防设备
2150,SZ002235,造纸印刷
2151,SZ002234,农牧饲渔
2152,SZ002233,水泥建材
2153,SZ002232,互联网服务
2154,SZ002231,通信服务
2155,SZ002230,软件服务
2156,SZ002229,造纸印刷
2157,SZ002228,包装材料
2158,SZ002227,电源设备
2159,SZ002226,化工行业
2160,SZ002225,装修建材
2161,SZ002224,橡胶制品
2162,SZ002223,医疗器械
2163,SZ002222,光学光电子
2164,SZ002221,石油行业
2165,SZ002219,医疗服务
2166,SZ002218,光伏设备
2167,SZ002217,光学光电子
2168,SZ002216,食品饮料
2169,SZ002215,农药兽药
2170,SZ002214,电子元件
2171,SZ002213,半导体
2172,SZ002212,软件开发
2173,SZ002211,化学制品
2174,SZ002210,环保行业
2175,SZ002209,专用设备
2176,SZ002208,房地产
2177,SZ002207,采掘行业
2178,SZ002206,化纤行业
2179,SZ002205,水泥建材
2180,SZ002204,工程机械
2181,SZ002203,有色金属
2182,SZ002202,风电设备
2183,SZ002201,玻璃陶瓷
2184,SZ002200,农牧饲渔
2185,SZ002199,电子元件
2186,SZ002198,中药
2187,SZ002197,计算机设备
2188,SZ002196,电机
2189,SZ002195,电子信息
2190,SZ002194,通讯行业
2191,SZ002193,纺织服装
2192,SZ002192,能源金属
2193,SZ002191,包装材料
2194,SZ002190,汽车零部件
2195,SZ002189,光学光电子
2196,SZ002188,房地产服务
2197,SZ002187,商业百货
2198,SZ002186,旅游酒店
2199,SZ002185,半导体
2200,SZ002184,专用设备
2201,SZ002183,贸易行业
2202,SZ002182,有色金属
2203,SZ002181,文化传媒
2204,SZ002180,计算机设备
2205,SZ002179,电子元件
2206,SZ002178,软件服务
2207,SZ002177,计算机设备
2208,SZ002176,电机
2209,SZ002175,仪器仪表
2210,SZ002174,游戏
2211,SZ002173,医疗行业
2212,SZ002172,医疗服务
2213,SZ002171,有色金属
2214,SZ002170,化肥行业
2215,SZ002169,输配电气
2216,SZ002168,游戏
2217,SZ002167,小金属
2218,SZ002166,中药
2219,SZ002165,化工行业
2220,SZ002164,通用设备
2221,SZ002163,玻璃陶瓷
2222,SZ002162,装修建材
2223,SZ002161,电子元件
2224,SZ002160,有色金属
2225,SZ002159,旅游酒店
2226,SZ002158,机械行业
2227,SZ002157,农牧饲渔
2228,SZ002156,半导体
2229,SZ002155,贵金属
2230,SZ002154,纺织服装
2231,SZ002153,软件服务
2232,SZ002152,计算机设备
2233,SZ002151,通信设备
2234,SZ002150,通用设备
2235,SZ002149,小金属
2236,SZ002148,通信服务
2237,SZ002146,房地产服务
2238,SZ002145,化学原料
2239,SZ002144,纺织服装
2240,SZ002142,银行
2241,SZ002141,电子元件
2242,SZ002140,工程建设
2243,SZ002139,消费电子
2244,SZ002138,电子元件
2245,SZ002137,电子元件
2246,SZ002136,化学原料
2247,SZ002135,工程建设
2248,SZ002134,电子元件
2249,SZ002133,房地产
2250,SZ002132,通用设备
2251,SZ002131,电子信息
2252,SZ002130,非金属材料
2253,SZ002129,光伏设备
2254,SZ002128,煤炭采选
2255,SZ002127,贸易行业
2256,SZ002126,汽车行业
2257,SZ002125,化学原料
2258,SZ002124,农牧饲渔
2259,SZ002123,通信服务
2260,SZ002122,机械行业
2261,SZ002121,电网设备
2262,SZ002120,交运物流
2263,SZ002119,半导体
2264,SZ002117,造纸印刷
2265,SZ002116,工程咨询服务
2266,SZ002115,互联网服务
2267,SZ002114,有色金属
2268,SZ002112,输配电气
2269,SZ002111,专用设备
2270,SZ002110,钢铁行业
2271,SZ002109,化学原料
2272,SZ002108,塑胶制品
2273,SZ002107,中药
2274,SZ002106,光学光电子
2275,SZ002105,交运设备
2276,SZ002104,通信设备
2277,SZ002103,家用轻工
2278,SZ002102,医药制造
2279,SZ002101,汽车行业
2280,SZ002100,农牧饲渔
2281,SZ002099,医药制造
2282,SZ002098,纺织服装
2283,SZ002097,工程机械
2284,SZ002096,化工行业
2285,SZ002095,电子信息
2286,SZ002094,美容护理
2287,SZ002093,电信运营
2288,SZ002092,化学原料
2289,SZ002091,国际贸易
2290,SZ002090,电网设备
2291,SZ002088,装修建材
2292,SZ002086,农牧饲渔
2293,SZ002085,汽车行业
2294,SZ002084,装修装饰
2295,SZ002083,纺织服装
2296,SZ002082,化学制药
2297,SZ002081,装修装饰
2298,SZ002080,玻璃陶瓷
2299,SZ002079,半导体
2300,SZ002078,造纸印刷
2301,SZ002077,半导体
2302,SZ002076,家电行业
2303,SZ002075,钢铁行业
2304,SZ002074,电池
2305,SZ002073,专用设备
2306,SZ002072,贸易行业
2307,SZ002069,农牧饲渔
2308,SZ002068,橡胶制品
2309,SZ002067,造纸印刷
2310,SZ002066,装修建材
2311,SZ002065,软件服务
2312,SZ002064,化纤行业
2313,SZ002063,软件服务
2314,SZ002062,工程建设
2315,SZ002061,工程建设
2316,SZ002060,工程建设
2317,SZ002059,旅游酒店
2318,SZ002058,电网设备
2319,SZ002057,非金属材料
2320,SZ002056,光伏设备
2321,SZ002055,消费电子
2322,SZ002054,化工行业
2323,SZ002053,化学原料
2324,SZ002052,家电行业
2325,SZ002051,工程建设
2326,SZ002050,家电行业
2327,SZ002049,半导体
2328,SZ002048,汽车行业
2329,SZ002047,装修装饰
2330,SZ002046,机械行业
2331,SZ002045,消费电子
2332,SZ002044,医疗行业
2333,SZ002043,木业家具
2334,SZ002042,纺织服装
2335,SZ002041,农牧饲渔
2336,SZ002040,港口水运
2337,SZ002039,电力行业
2338,SZ002038,生物制品
2339,SZ002037,化工行业
2340,SZ002036,光学光电子
2341,SZ002035,家电行业
2342,SZ002034,环保工程
2343,SZ002033,旅游酒店
2344,SZ002032,家电行业
2345,SZ002031,专用设备
2346,SZ002030,医疗器械
2347,SZ002029,纺织服装
2348,SZ002028,输配电气
2349,SZ002027,文化传媒
2350,SZ002026,机械行业
2351,SZ002025,电子元件
2352,SZ002024,商业百货
2353,SZ002023,航天航空
2354,SZ002022,医疗器械
2355,SZ002021,专用设备
2356,SZ002020,医药制造
2357,SZ002019,医药制造
2358,SZ002017,通讯行业
2359,SZ002016,房地产
2360,SZ002015,电力行业
2361,SZ002014,包装材料
2362,SZ002012,造纸印刷
2363,SZ002011,家电行业
2364,SZ002010,交运物流
2365,SZ002009,专用设备
2366,SZ002008,通用设备
2367,SZ002007,生物制品
2368,SZ002006,专用设备
2369,SZ002005,家电行业
2370,SZ002004,农药兽药
2371,SZ002003,纺织服装
2372,SZ002001,医药制造
2373,SZ001979,房地产开发
2374,SZ001965,高速公路
2375,SZ001914,房地产服务
2376,SZ001896,电力行业
2377,SZ001872,港口水运
2378,SZ001696,交运设备
2379,SZ001395,专用设备
2380,SZ001391,物流行业
2381,SZ001389,电子元件
2382,SZ001387,家电行业
2383,SZ001380,通用设备
2384,SZ001379,通用设备
2385,SZ001378,塑料制品
2386,SZ001376,公用事业
2387,SZ001373,光学光电子
2388,SZ001368,塑料制品
2389,SZ001367,化学制药
2390,SZ001366,农牧饲渔
2391,SZ001360,专用设备
2392,SZ001359,非金属材料
2393,SZ001358,化学原料
2394,SZ001356,塑料制品
2395,SZ001339,计算机设备
2396,SZ001338,农牧饲渔
2397,SZ001337,贵金属
2398,SZ001336,专用设备
2399,SZ001333,化学制品
2400,SZ001332,专用设备
2401,SZ001331,物流行业
2402,SZ001330,文化传媒
2403,SZ001328,美容护理
2404,SZ001326,光学光电子
2405,SZ001324,交运设备
2406,SZ001323,家用轻工
2407,SZ001322,装修建材
2408,SZ001319,汽车零部件
2409,SZ001318,食品饮料
2410,SZ001317,交运物流
2411,SZ001316,贸易行业
2412,SZ001314,消费电子
2413,SZ001313,农牧饲渔
2414,SZ001311,汽车零部件
2415,SZ001309,半导体
2416,SZ001308,消费电子
2417,SZ001306,通用设备
2418,SZ001301,非金属材料
2419,SZ001300,家用轻工
2420,SZ001299,燃气
2421,SZ001298,电子元件
2422,SZ001296,非金属材料
2423,SZ001289,电力行业
2424,SZ001288,工程机械
2425,SZ001287,贸易行业
2426,SZ001286,电力行业
2427,SZ001283,电池
2428,SZ001282,汽车零部件
2429,SZ001279,造纸印刷
2430,SZ001278,汽车零部件
2431,SZ001277,专用设备
2432,SZ001270,半导体
2433,SZ001269,光伏设备
2434,SZ001268,通用设备
2435,SZ001267,工程建设
2436,SZ001266,仪器仪表
2437,SZ001260,汽车零部件
2438,SZ001259,家电行业
2439,SZ001258,电力行业
2440,SZ001256,专用设备
2441,SZ001255,化学原料
2442,SZ001239,专用设备
2443,SZ001238,装修建材
2444,SZ001236,多元金融
2445,SZ001234,纺织服装
2446,SZ001231,农药兽药
2447,SZ001230,环保行业
2448,SZ001229,计算机设备
2449,SZ001228,物流行业
2450,SZ001227,银行
2451,SZ001226,工程机械
2452,SZ001225,通用设备
2453,SZ001223,专用设备
2454,SZ001222,家用轻工
2455,SZ001219,食品饮料
2456,SZ001218,化工行业
2457,SZ001217,化学原料
2458,SZ001216,装修建材
2459,SZ001215,食品饮料
2460,SZ001213,交运物流
2461,SZ001211,家用轻工
2462,SZ001210,公用事业
2463,SZ001209,纺织服装
2464,SZ001208,输配电气
2465,SZ001207,橡胶制品
2466,SZ001206,美容护理
2467,SZ001205,港口水运
2468,SZ001203,钢铁行业
2469,SZ001202,交运物流
2470,SZ001201,农牧饲渔
2471,SZ000999,中药
2472,SZ000998,农牧饲渔
2473,SZ000997,电子信息
2474,SZ000995,酿酒行业
2475,SZ000993,电力行业
2476,SZ000990,化学原料
2477,SZ000989,中药
2478,SZ000988,电子元件
2479,SZ000987,多元金融
2480,SZ000985,化学制品
2481,SZ000983,煤炭采选
2482,SZ000981,汽车行业
2483,SZ000980,汽车整车
2484,SZ000978,旅游酒店
2485,SZ000977,计算机设备
2486,SZ000975,贵金属
2487,SZ000973,塑胶制品
2488,SZ000972,食品饮料
2489,SZ000970,小金属
2490,SZ000969,通用设备
2491,SZ000968,燃气
2492,SZ000967,环保工程
2493,SZ000966,电力行业
2494,SZ000965,房地产
2495,SZ000963,医药制造
2496,SZ000962,小金属
2497,SZ000960,小金属
2498,SZ000959,钢铁行业
2499,SZ000958,电力行业
2500,SZ000957,汽车整车
2501,SZ000955,纺织服装
2502,SZ000953,医药制造
2503,SZ000952,医药制造
2504,SZ000951,汽车整车
2505,SZ000950,医药商业
2506,SZ000949,化纤行业
2507,SZ000948,软件服务
2508,SZ000938,电子信息
2509,SZ000937,煤炭采选
2510,SZ000936,化纤行业
2511,SZ000935,水泥建材
2512,SZ000933,有色金属
2513,SZ000932,钢铁行业
2514,SZ000931,医药制造
2515,SZ000930,农牧饲渔
2516,SZ000929,酿酒行业
2517,SZ000928,工程咨询服务
2518,SZ000927,交运物流
2519,SZ000926,房地产
2520,SZ000925,交运设备
2521,SZ000923,钢铁行业
2522,SZ000922,电机
2523,SZ000921,家电行业
2524,SZ000920,环保行业
2525,SZ000919,中药
2526,SZ000917,文化传媒
2527,SZ000915,医药制造
2528,SZ000913,交运设备
2529,SZ000912,化肥行业
2530,SZ000911,食品饮料
2531,SZ000910,木业家具
2532,SZ000909,综合行业
2533,SZ000908,医药制造
2534,SZ000906,物流行业
2535,SZ000905,港口水运
2536,SZ000903,汽车零部件
2537,SZ000902,化肥行业
2538,SZ000901,汽车行业
2539,SZ000900,高速公路
2540,SZ000899,电力行业
2541,SZ000898,钢铁行业
2542,SZ000897,房地产
2543,SZ000895,食品饮料
2544,SZ000893,化肥行业
2545,SZ000892,文化传媒
2546,SZ000890,通用设备
2547,SZ000889,通信服务
2548,SZ000888,旅游酒店
2549,SZ000887,汽车零部件
2550,SZ000886,房地产
2551,SZ000885,环保行业
2552,SZ000883,电力行业
2553,SZ000882,商业百货
2554,SZ000881,化学制品
2555,SZ000880,机械行业
2556,SZ000878,有色金属
2557,SZ000877,水泥建材
2558,SZ000876,农牧饲渔
2559,SZ000875,电力行业
2560,SZ000869,酿酒行业
2561,SZ000868,汽车整车
2562,SZ000863,房地产
2563,SZ000862,电力行业
2564,SZ000860,酿酒行业
2565,SZ000859,塑胶制品
2566,SZ000858,酿酒行业
2567,SZ000856,专用设备
2568,SZ000852,专用设备
2569,SZ000851,通讯行业
2570,SZ000850,纺织服装
2571,SZ000848,食品饮料
2572,SZ000839,综合行业
2573,SZ000838,房地产
2574,SZ000837,机械行业
2575,SZ000833,综合行业
2576,SZ000831,小金属
2577,SZ000830,化学原料
2578,SZ000829,贸易行业
2579,SZ000828,高速公路
2580,SZ000826,环保工程
2581,SZ000825,钢铁行业
2582,SZ000823,电子元件
2583,SZ000822,化学原料
2584,SZ000821,光伏设备
2585,SZ000820,环保工程
2586,SZ000819,石油行业
2587,SZ000818,化学原料
2588,SZ000816,机械行业
2589,SZ000815,造纸印刷
2590,SZ000813,医药制造
2591,SZ000812,包装材料
2592,SZ000811,机械行业
2593,SZ000810,通信设备
2594,SZ000809,房地产开发
2595,SZ000807,有色金属
2596,SZ000803,综合行业
2597,SZ000802,文化传媒
2598,SZ000801,家电行业
2599,SZ000800,汽车整车
2600,SZ000799,酿酒行业
2601,SZ000798,农牧饲渔
2602,SZ000797,房地产
2603,SZ000796,旅游酒店
2604,SZ000795,小金属
2605,SZ000793,文化传媒
2606,SZ000792,化肥行业
2607,SZ000791,电力行业
2608,SZ000790,中药
2609,SZ000789,水泥建材
2610,SZ000788,医药制造
2611,SZ000786,装修建材
2612,SZ000785,商业百货
2613,SZ000783,券商信托
2614,SZ000782,化纤行业
2615,SZ000779,工程咨询服务
2616,SZ000778,钢铁行业
2617,SZ000777,机械行业
2618,SZ000776,券商信托
2619,SZ000768,航天航空
2620,SZ000767,电力行业
2621,SZ000766,医药制造
2622,SZ000762,能源金属
2623,SZ000761,钢铁行业
2624,SZ000759,商业百货
2625,SZ000758,有色金属
2626,SZ000757,汽车服务
2627,SZ000756,医药制造
2628,SZ000755,高速公路
2629,SZ000753,汽车服务
2630,SZ000752,酿酒行业
2631,SZ000751,有色金属
2632,SZ000750,券商信托
2633,SZ000739,医药制造
2634,SZ000738,航天航空
2635,SZ000737,有色金属
2636,SZ000736,房地产
2637,SZ000735,农牧饲渔
2638,SZ000733,电子元件
2639,SZ000731,化肥行业
2640,SZ000729,酿酒行业
2641,SZ000728,券商信托
2642,SZ000727,光学光电子
2643,SZ000726,纺织服装
2644,SZ000725,光学光电子
2645,SZ000723,煤炭采选
2646,SZ000721,旅游酒店
2647,SZ000720,电网设备
2648,SZ000719,文化传媒
2649,SZ000718,房地产
2650,SZ000717,钢铁行业
2651,SZ000716,食品饮料
2652,SZ000715,商业百货
2653,SZ000713,农牧饲渔
2654,SZ000712,券商信托
2655,SZ000711,环保行业
2656,SZ000710,医疗器械
2657,SZ000709,钢铁行业
2658,SZ000708,钢铁行业
2659,SZ000707,化学原料
2660,SZ000705,医药商业
2661,SZ000703,化纤行业
2662,SZ000702,农牧饲渔
2663,SZ000701,商业百货
2664,SZ000700,汽车行业
2665,SZ000698,石油行业
2666,SZ000697,航天航空
2667,SZ000695,造纸印刷
2668,SZ000692,公用事业
2669,SZ000691,化工行业
2670,SZ000690,电力行业
2671,SZ000688,有色金属
2672,SZ000686,券商信托
2673,SZ000685,公用事业
2674,SZ000683,化学原料
2675,SZ000682,电网设备
2676,SZ000681,文化传媒
2677,SZ000680,工程机械
2678,SZ000679,商业百货
2679,SZ000678,汽车行业
2680,SZ000677,化纤行业
2681,SZ000676,互联网服务
2682,SZ000672,水泥建材
2683,SZ000670,半导体
2684,SZ000669,燃气
2685,SZ000668,房地产开发
2686,SZ000665,文化传媒
2687,SZ000663,木业家具
2688,SZ000661,生物制品
2689,SZ000659,包装材料
2690,SZ000657,小金属
2691,SZ000656,房地产
2692,SZ000655,钢铁行业
2693,SZ000652,综合行业
2694,SZ000651,家电行业
2695,SZ000650,中药
2696,SZ000639,食品饮料
2697,SZ000638,农牧饲渔
2698,SZ000637,石油行业
2699,SZ000636,电子元件
2700,SZ000635,化学原料
2701,SZ000633,有色金属
2702,SZ000632,综合行业
2703,SZ000631,房地产
2704,SZ000630,有色金属
2705,SZ000629,钢铁行业
2706,SZ000628,工程建设
2707,SZ000627,保险
2708,SZ000626,国际贸易
2709,SZ000625,汽车整车
2710,SZ000623,医药制造
2711,SZ000622,汽车零部件
2712,SZ000620,综合行业
2713,SZ000619,装修建材
2714,SZ000617,多元金融
2715,SZ000615,美容护理
2716,SZ000612,有色金属
2717,SZ000610,旅游酒店
2718,SZ000609,房地产
2719,SZ000608,房地产服务
2720,SZ000607,文化传媒
2721,SZ000605,公用事业
2722,SZ000603,有色金属
2723,SZ000601,电力行业
2724,SZ000600,电力行业
2725,SZ000599,橡胶制品
2726,SZ000598,公用事业
2727,SZ000597,医药制造
2728,SZ000596,酿酒行业
2729,SZ000595,机械行业
2730,SZ000593,燃气
2731,SZ000592,农牧饲渔
2732,SZ000591,电力行业
2733,SZ000590,中药
2734,SZ000589,橡胶制品
2735,SZ000586,通讯行业
2736,SZ000584,专用设备
2737,SZ000582,港口水运
2738,SZ000581,汽车行业
2739,SZ000576,电源设备
2740,SZ000573,房地产
2741,SZ000572,汽车整车
2742,SZ000571,煤炭采选
2743,SZ000570,汽车零部件
2744,SZ000568,酿酒行业
2745,SZ000567,多元金融
2746,SZ000566,医药制造
2747,SZ000565,化工行业
2748,SZ000564,商业百货
2749,SZ000563,多元金融
2750,SZ000561,通讯行业
2751,SZ000560,房地产服务
2752,SZ000559,汽车行业
2753,SZ000558,旅游酒店
2754,SZ000557,交运物流
2755,SZ000555,电子信息
2756,SZ000554,石油行业
2757,SZ000553,农药兽药
2758,SZ000552,煤炭采选
2759,SZ000551,环保行业
2760,SZ000550,汽车整车
2761,SZ000548,高速公路
2762,SZ000547,通信设备
2763,SZ000546,环保行业
2764,SZ000545,化学原料
2765,SZ000544,公用事业
2766,SZ000543,电力行业
2767,SZ000541,家电行业
2768,SZ000539,电力行业
2769,SZ000538,中药
2770,SZ000537,电力行业
2771,SZ000536,光学光电子
2772,SZ000534,生物制品
2773,SZ000533,输配电气
2774,SZ000532,综合行业
2775,SZ000531,电力行业
2776,SZ000530,机械行业
2777,SZ000529,食品饮料
2778,SZ000528,工程机械
2779,SZ000526,文教休闲
2780,SZ000525,农药兽药
2781,SZ000524,旅游酒店
2782,SZ000523,食品饮料
2783,SZ000521,家电行业
2784,SZ000520,港口水运
2785,SZ000519,专用设备
2786,SZ000518,生物制品
2787,SZ000517,房地产
2788,SZ000516,医疗行业
2789,SZ000514,房地产
2790,SZ000513,医药制造
2791,SZ000510,化学原料
2792,SZ000509,光学光电子
2793,SZ000507,港口水运
2794,SZ000506,贵金属
2795,SZ000505,农牧饲渔
2796,SZ000504,医疗服务
2797,SZ000503,软件开发
2798,SZ000501,商业百货
2799,SZ000498,工程建设
2800,SZ000488,造纸印刷
2801,SZ000430,旅游酒店
2802,SZ000429,高速公路
2803,SZ000428,旅游酒店
2804,SZ000426,有色金属
2805,SZ000425,工程机械
2806,SZ000423,中药
2807,SZ000422,化肥行业
2808,SZ000421,燃气
2809,SZ000420,化纤行业
2810,SZ000419,商业百货
2811,SZ000417,商业百货
2812,SZ000415,多元金融
2813,SZ000411,医药商业
2814,SZ000410,机械行业
2815,SZ000409,互联网服务
2816,SZ000408,化肥行业
2817,SZ000407,燃气
2818,SZ000404,家电行业
2819,SZ000403,生物制品
2820,SZ000402,房地产
2821,SZ000401,水泥建材
2822,SZ000400,输配电气
2823,SZ000338,汽车零部件
2824,SZ000333,家电行业
2825,SZ000301,化学原料
2826,SZ000166,券商信托
2827,SZ000159,石油行业
2828,SZ000158,综合行业
2829,SZ000157,工程机械
2830,SZ000156,文化传媒
2831,SZ000155,电力行业
2832,SZ000153,医药制造
2833,SZ000151,国际贸易
2834,SZ000100,光学光电子
2835,SZ000099,民航机场
2836,SZ000096,石油行业
2837,SZ000090,房地产开发
2838,SZ000089,民航机场
2839,SZ000088,港口水运
2840,SZ000078,医药商业
2841,SZ000070,通讯行业
2842,SZ000069,房地产开发
2843,SZ000068,环保工程
2844,SZ000066,计算机设备
2845,SZ000065,工程建设
2846,SZ000063,通讯行业
2847,SZ000062,电子元件
2848,SZ000061,贸易行业
2849,SZ000060,有色金属
2850,SZ000059,石油行业
2851,SZ000058,商业百货
2852,SZ000056,房地产服务
2853,SZ000055,装修装饰
2854,SZ000050,光学光电子
2855,SZ000049,电池
2856,SZ000048,农牧饲渔
2857,SZ000045,光学光电子
2858,SZ000042,房地产
2859,SZ000040,电力行业
2860,SZ000039,通用设备
2861,SZ000037,电力行业
2862,SZ000036,房地产
2863,SZ000035,环保工程
2864,SZ000034,计算机设备
2865,SZ000032,通信设备
2866,SZ000031,房地产
2867,SZ000030,汽车行业
2868,SZ000029,房地产
2869,SZ000028,医药商业
2870,SZ000027,电力行业
2871,SZ000026,珠宝首饰
2872,SZ000025,珠宝首饰
2873,SZ000021,消费电子
2874,SZ000020,光学光电子
2875,SZ000019,贸易行业
2876,SZ000017,珠宝首饰
2877,SZ000016,家电行业
2878,SZ000014,房地产
2879,SZ000012,玻璃陶瓷
2880,SZ000011,房地产
2881,SZ000010,工程建设
2882,SZ000009,综合行业
2883,SZ000008,交运设备
2884,SZ000007,房地产服务
2885,SZ000006,房地产
2886,SZ000004,软件服务
2887,SZ000002,房地产
2888,SZ000001,银行
2889,SH900957,电力行业
2890,SH900952,港口水运
2891,SH900948,煤炭采选
2892,SH900947,专用设备
2893,SH900946,汽车零部件
2894,SH900945,民航机场
2895,SH900943,医药商业
2896,SH900942,旅游酒店
2897,SH900941,通讯行业
2898,SH900940,房地产
2899,SH900939,房地产
2900,SH900938,航运港口
2901,SH900937,电力行业
2902,SH900936,钢铁行业
2903,SH900934,旅游酒店
2904,SH900932,房地产
2905,SH900929,旅游酒店
2906,SH900928,房地产
2907,SH900927,汽车服务
2908,SH900926,互联网服务
2909,SH900925,专用设备
2910,SH900924,专用设备
2911,SH900923,商业百货
2912,SH900922,纺织服装
2913,SH900921,化学原料
2914,SH900920,汽车整车
2915,SH900918,玻璃陶瓷
2916,SH900917,医药制造
2917,SH900916,交运设备
2918,SH900915,交运设备
2919,SH900914,高速公路
2920,SH900913,燃气
2921,SH900912,房地产
2922,SH900911,房地产
2923,SH900910,家电行业
2924,SH900909,化学原料
2925,SH900908,化学原料
2926,SH900906,化学原料
2927,SH900905,珠宝首饰
2928,SH900904,医药制造
2929,SH900903,高速公路
2930,SH900902,房地产服务
2931,SH900901,软件开发
2932,SH689009,交运设备
2933,SH688981,半导体
2934,SH688819,电池
2935,SH688800,电子元件
2936,SH688799,医药制造
2937,SH688798,半导体
2938,SH688793,家电行业
2939,SH688789,专用设备
2940,SH688788,通信设备
2941,SH688787,电子信息
2942,SH688786,有色金属
2943,SH688779,电池
2944,SH688778,电池
2945,SH688777,软件服务
2946,SH688776,电子元件
2947,SH688772,电池
2948,SH688768,仪器仪表
2949,SH688767,医疗器械
2950,SH688766,半导体
2951,SH688758,化学原料
2952,SH688757,专业服务
2953,SH688739,生物制品
2954,SH688737,化工行业
2955,SH688733,非金属材料
2956,SH688728,半导体
2957,SH688726,光伏设备
2958,SH688722,化纤行业
2959,SH688721,半导体
2960,SH688720,半导体
2961,SH688719,电源设备
2962,SH688718,专用设备
2963,SH688717,光伏设备
2964,SH688716,塑料制品
2965,SH688711,半导体
2966,SH688710,生物制品
2967,SH688709,半导体
2968,SH688708,非金属材料
2969,SH688707,电池
2970,SH688702,半导体
2971,SH688701,环保工程
2972,SH688700,专用设备
2973,SH688699,半导体
2974,SH688698,专用设备
2975,SH688697,机械行业
2976,SH688696,家电行业
2977,SH688695,软件开发
2978,SH688693,半导体
2979,SH688692,软件开发
2980,SH688691,半导体
2981,SH688690,化学制药
2982,SH688689,半导体
2983,SH688687,生物制品
2984,SH688686,仪器仪表
2985,SH688685,航天航空
2986,SH688683,消费电子
2987,SH688682,通信服务
2988,SH688681,输配电气
2989,SH688680,光伏设备
2990,SH688679,环保工程
2991,SH688678,消费电子
2992,SH688677,医疗器械
2993,SH688676,输配电气
2994,SH688671,仪器仪表
2995,SH688670,医药制造
2996,SH688669,塑料制品
2997,SH688668,通信设备
2998,SH688667,汽车行业
2999,SH688665,仪器仪表
3000,SH688663,电网设备
3001,SH688662,电子元件
3002,SH688661,半导体
3003,SH688660,风电设备
3004,SH688659,环保行业
3005,SH688658,医药制造
3006,SH688657,软件开发
3007,SH688656,医疗器械
3008,SH688653,半导体
3009,SH688652,半导体
3010,SH688651,软件开发
3011,SH688648,通用设备
3012,SH688646,专用设备
3013,SH688639,化工行业
3014,SH688638,电池
3015,SH688636,互联网服务
3016,SH688633,专用设备
3017,SH688631,软件开发
3018,SH688630,专用设备
3019,SH688629,电子元件
3020,SH688628,仪器仪表
3021,SH688627,专用设备
3022,SH688626,医疗器械
3023,SH688625,化工行业
3024,SH688623,专用设备
3025,SH688622,仪器仪表
3026,SH688621,医疗服务
3027,SH688620,半导体
3028,SH688619,互联网服务
3029,SH688618,通讯行业
3030,SH688617,医疗器械
3031,SH688616,电网设备
3032,SH688615,软件开发
3033,SH688613,医疗器械
3034,SH688612,汽车零部件
3035,SH688611,输配电气
3036,SH688610,仪器仪表
3037,SH688609,通信设备
3038,SH688608,半导体
3039,SH688607,医疗器械
3040,SH688606,医疗器械
3041,SH688605,半导体
3042,SH688603,电子元件
3043,SH688602,化学制品
3044,SH688601,半导体
3045,SH688600,仪器仪表
3046,SH688599,光伏设备
3047,SH688598,光伏设备
3048,SH688597,电网设备
3049,SH688596,专用设备
3050,SH688595,半导体
3051,SH688593,半导体
3052,SH688592,计算机设备
3053,SH688591,半导体
3054,SH688590,软件服务
3055,SH688589,半导体
3056,SH688588,软件服务
3057,SH688586,航天航空
3058,SH688585,塑料制品
3059,SH688584,半导体
3060,SH688583,仪器仪表
3061,SH688582,电子元件
3062,SH688581,医疗器械
3063,SH688580,医疗器械
3064,SH688579,软件服务
3065,SH688578,医药制造
3066,SH688577,机械行业
3067,SH688576,医疗器械
3068,SH688575,医疗器械
3069,SH688573,电池
3070,SH688571,化工行业
3071,SH688570,软件开发
3072,SH688569,交运设备
3073,SH688568,互联网服务
3074,SH688567,电池
3075,SH688566,医药制造
3076,SH688565,环保工程
3077,SH688563,航天航空
3078,SH688562,互联网服务
3079,SH688561,软件开发
3080,SH688560,光伏设备
3081,SH688559,专用设备
3082,SH688558,机械行业
3083,SH688557,通用设备
3084,SH688556,光伏设备
3085,SH688553,医药制造
3086,SH688552,通信设备
3087,SH688551,电源设备
3088,SH688550,电子化学品
3089,SH688549,电子化学品
3090,SH688548,电子化学品
3091,SH688545,电子化学品
3092,SH688543,航天航空
3093,SH688539,电子元件
3094,SH688538,光学光电子
3095,SH688536,半导体
3096,SH688535,半导体
3097,SH688533,汽车零部件
3098,SH688531,专用设备
3099,SH688530,半导体
3100,SH688529,专用设备
3101,SH688528,仪器仪表
3102,SH688526,农药兽药
3103,SH688525,半导体
3104,SH688523,航天航空
3105,SH688522,计算机设备
3106,SH688521,半导体
3107,SH688520,生物制品
3108,SH688519,电子元件
3109,SH688518,专用设备
3110,SH688517,输配电气
3111,SH688516,光伏设备
3112,SH688515,半导体
3113,SH688513,医药制造
3114,SH688512,半导体
3115,SH688511,电子元件
3116,SH688510,航天航空
3117,SH688509,电子信息
3118,SH688508,半导体
3119,SH688507,软件开发
3120,SH688506,生物制品
3121,SH688505,医药制造
3122,SH688503,光伏设备
3123,SH688502,光学光电子
3124,SH688501,专用设备
3125,SH688500,电子信息
3126,SH688499,电池
3127,SH688498,半导体
3128,SH688496,电子元件
3129,SH688489,电子元件
3130,SH688488,生物制品
3131,SH688486,半导体
3132,SH688485,环保行业
3133,SH688484,半导体
3134,SH688480,环保行业
3135,SH688479,汽车服务
3136,SH688478,半导体
3137,SH688475,家电行业
3138,SH688472,光伏设备
3139,SH688469,半导体
3140,SH688468,医疗器械
3141,SH688466,环保工程
3142,SH688459,交运设备
3143,SH688458,半导体
3144,SH688456,有色金属
3145,SH688455,通用设备
3146,SH688450,仪器仪表
3147,SH688449,半导体
3148,SH688448,通用设备
3149,SH688443,生物制品
3150,SH688439,半导体
3151,SH688435,软件开发
3152,SH688433,通用设备
3153,SH688432,半导体
3154,SH688429,光伏设备
3155,SH688428,生物制品
3156,SH688426,生物制品
3157,SH688425,工程机械
3158,SH688420,专用设备
3159,SH688419,专用设备
3160,SH688418,通讯行业
3161,SH688416,半导体
3162,SH688411,电源设备
3163,SH688410,医疗器械
3164,SH688409,半导体
3165,SH688408,光伏设备
3166,SH688403,半导体
3167,SH688401,半导体
3168,SH688400,专用设备
3169,SH688399,医疗器械
3170,SH688398,化学制品
3171,SH688396,半导体
3172,SH688395,电机
3173,SH688393,医疗器械
3174,SH688392,专用设备
3175,SH688391,半导体
3176,SH688390,光伏设备
3177,SH688389,医疗器械
3178,SH688388,电池
3179,SH688387,通信设备
3180,SH688386,塑胶制品
3181,SH688385,半导体
3182,SH688383,专用设备
3183,SH688382,生物制品
3184,SH688381,半导体
3185,SH688380,半导体
3186,SH688379,通用设备
3187,SH688378,专用设备
3188,SH688377,专用设备
3189,SH688376,环保行业
3190,SH688375,电子元件
3191,SH688373,生物制品
3192,SH688372,半导体
3193,SH688371,电子元件
3194,SH688370,环保行业
3195,SH688369,软件服务
3196,SH688368,半导体
3197,SH688367,交运设备
3198,SH688366,医疗器械
3199,SH688365,互联网服务
3200,SH688363,美容护理
3201,SH688362,半导体
3202,SH688361,半导体
3203,SH688360,机械行业
3204,SH688359,电子化学品
3205,SH688358,医疗器械
3206,SH688357,非金属材料
3207,SH688356,化学制药
3208,SH688355,通用设备
3209,SH688353,化学制品
3210,SH688352,半导体
3211,SH688351,医疗器械
3212,SH688350,化工行业
3213,SH688349,风电设备
3214,SH688348,光伏设备
3215,SH688347,半导体
3216,SH688345,电池
3217,SH688343,软件开发
3218,SH688339,电池
3219,SH688338,医疗器械
3220,SH688337,仪器仪表
3221,SH688336,生物制品
3222,SH688335,环保工程
3223,SH688334,专业服务
3224,SH688333,通用设备
3225,SH688332,半导体
3226,SH688331,生物制品
3227,SH688330,输配电气
3228,SH688329,专用设备
3229,SH688328,专用设备
3230,SH688327,软件开发
3231,SH688326,汽车零部件
3232,SH688325,半导体
3233,SH688323,塑胶制品
3234,SH688322,电子元件
3235,SH688321,医药制造
3236,SH688320,仪器仪表
3237,SH688319,生物制品
3238,SH688318,软件服务
3239,SH688317,医疗器械
3240,SH688316,互联网服务
3241,SH688315,医疗行业
3242,SH688314,医疗器械
3243,SH688313,通讯行业
3244,SH688312,专用设备
3245,SH688311,通信设备
3246,SH688310,专用设备
3247,SH688309,环保工程
3248,SH688308,通用设备
3249,SH688307,光学光电子
3250,SH688306,专用设备
3251,SH688305,机械行业
3252,SH688303,光伏设备
3253,SH688302,生物制品
3254,SH688301,医疗器械
3255,SH688300,非金属材料
3256,SH688299,光学光电子
3257,SH688298,医疗器械
3258,SH688297,航天航空
3259,SH688296,软件服务
3260,SH688295,化纤行业
3261,SH688293,专业服务
3262,SH688292,互联网服务
3263,SH688291,软件开发
3264,SH688290,专用设备
3265,SH688289,医疗器械
3266,SH688288,计算机设备
3267,SH688287,航天航空
3268,SH688286,半导体
3269,SH688285,交运设备
3270,SH688283,专用设备
3271,SH688282,通信设备
3272,SH688281,非金属材料
3273,SH688280,汽车行业
3274,SH688279,半导体
3275,SH688278,生物制品
3276,SH688277,医疗器械
3277,SH688276,生物制品
3278,SH688275,电池
3279,SH688273,医疗器械
3280,SH688272,光学光电子
3281,SH688271,医疗器械
3282,SH688270,半导体
3283,SH688269,化工行业
3284,SH688268,电子化学品
3285,SH688267,化学原料
3286,SH688266,医药制造
3287,SH688265,生物制品
3288,SH688262,半导体
3289,SH688261,半导体
3290,SH688260,消费电子
3291,SH688259,半导体
3292,SH688258,互联网服务
3293,SH688257,有色金属
3294,SH688256,半导体
3295,SH688255,专用设备
3296,SH688253,生物制品
3297,SH688252,半导体
3298,SH688251,通用设备
3299,SH688249,半导体
3300,SH688248,电网设备
3301,SH688247,生物制品
3302,SH688246,医疗服务
3303,SH688244,软件开发
3304,SH688239,航天航空
3305,SH688238,医疗服务
3306,SH688237,航天航空
3307,SH688236,医疗器械
3308,SH688235,生物制品
3309,SH688234,半导体
3310,SH688233,半导体
3311,SH688232,软件服务
3312,SH688231,有色金属
3313,SH688230,半导体
3314,SH688229,互联网服务
3315,SH688228,互联网服务
3316,SH688227,软件开发
3317,SH688226,输配电气
3318,SH688225,软件开发
3319,SH688223,光伏设备
3320,SH688222,医疗行业
3321,SH688221,医药制造
3322,SH688220,半导体
3323,SH688219,塑胶制品
3324,SH688218,专用设备
3325,SH688217,医疗器械
3326,SH688216,半导体
3327,SH688215,专用设备
3328,SH688213,半导体
3329,SH688212,医疗器械
3330,SH688211,交运物流
3331,SH688210,电子元件
3332,SH688209,半导体
3333,SH688208,计算机设备
3334,SH688207,软件开发
3335,SH688205,光学光电子
3336,SH688203,化纤行业
3337,SH688202,医疗服务
3338,SH688201,软件开发
3339,SH688200,半导体
3340,SH688199,化工行业
3341,SH688198,医疗器械
3342,SH688197,生物制品
3343,SH688196,化学制品
3344,SH688195,光学光电子
3345,SH688193,生物制品
3346,SH688192,化学制药
3347,SH688191,电网设备
3348,SH688190,小金属
3349,SH688189,医药制造
3350,SH688188,软件服务
3351,SH688187,交运设备
3352,SH688186,风电设备
3353,SH688185,生物制品
3354,SH688184,电池
3355,SH688183,电子元件
3356,SH688182,通讯行业
3357,SH688181,光学光电子
3358,SH688180,生物制品
3359,SH688179,化学制品
3360,SH688178,环保工程
3361,SH688177,生物制品
3362,SH688176,生物制品
3363,SH688175,通信设备
3364,SH688173,半导体
3365,SH688172,半导体
3366,SH688171,软件开发
3367,SH688170,专用设备
3368,SH688169,家电行业
3369,SH688168,软件服务
3370,SH688167,半导体
3371,SH688166,医药制造
3372,SH688165,机械行业
3373,SH688163,生物制品
3374,SH688162,专用设备
3375,SH688161,医疗器械
3376,SH688160,专用设备
3377,SH688159,通讯行业
3378,SH688158,电子信息
3379,SH688157,化工行业
3380,SH688156,农牧饲渔
3381,SH688155,电池
3382,SH688153,半导体
3383,SH688152,软件开发
3384,SH688151,专用设备
3385,SH688150,光学光电子
3386,SH688148,电池
3387,SH688147,光伏设备
3388,SH688146,电子化学品
3389,SH688143,电子元件
3390,SH688141,半导体
3391,SH688139,医疗器械
3392,SH688138,半导体
3393,SH688137,生物制品
3394,SH688136,生物制品
3395,SH688135,半导体
3396,SH688133,专业服务
3397,SH688132,通信设备
3398,SH688131,医药制造
3399,SH688130,半导体
3400,SH688129,化工行业
3401,SH688128,专用设备
3402,SH688127,光学光电子
3403,SH688126,半导体
3404,SH688125,专用设备
3405,SH688123,半导体
3406,SH688122,有色金属
3407,SH688121,专用设备
3408,SH688120,半导体
3409,SH688119,非金属材料
3410,SH688118,软件服务
3411,SH688117,医药制造
3412,SH688116,化学制品
3413,SH688115,仪器仪表
3414,SH688114,医疗器械
3415,SH688113,专用设备
3416,SH688112,仪器仪表
3417,SH688111,软件服务
3418,SH688110,半导体
3419,SH688109,软件服务
3420,SH688108,医疗器械
3421,SH688107,半导体
3422,SH688106,电子化学品
3423,SH688105,医疗器械
3424,SH688103,电子元件
3425,SH688102,有色金属
3426,SH688101,环保行业
3427,SH688100,通信设备
3428,SH688099,半导体
3429,SH688098,农药兽药
3430,SH688097,专用设备
3431,SH688096,环保行业
3432,SH688095,软件服务
3433,SH688093,电子元件
3434,SH688092,专用设备
3435,SH688091,医药制造
3436,SH688090,专用设备
3437,SH688089,食品饮料
3438,SH688088,互联网服务
3439,SH688087,塑胶制品
3440,SH688085,医疗器械
3441,SH688084,专用设备
3442,SH688083,软件服务
3443,SH688082,半导体
3444,SH688081,通信服务
3445,SH688080,通信设备
3446,SH688079,光学光电子
3447,SH688078,软件服务
3448,SH688077,小金属
3449,SH688076,医疗服务
3450,SH688075,医疗器械
3451,SH688073,生物制品
3452,SH688072,半导体
3453,SH688071,汽车行业
3454,SH688070,航天航空
3455,SH688069,环保工程
3456,SH688068,医疗器械
3457,SH688067,医疗器械
3458,SH688066,航天航空
3459,SH688065,化学制品
3460,SH688063,电池
3461,SH688062,生物制品
3462,SH688061,半导体
3463,SH688060,软件服务
3464,SH688059,通用设备
3465,SH688058,软件服务
3466,SH688057,环保工程
3467,SH688056,仪器仪表
3468,SH688055,光学光电子
3469,SH688053,电子元件
3470,SH688052,半导体
3471,SH688051,互联网服务
3472,SH688050,医疗器械
3473,SH688049,半导体
3474,SH688048,半导体
3475,SH688047,半导体
3476,SH688046,生物制品
3477,SH688045,半导体
3478,SH688041,半导体
3479,SH688039,互联网服务
3480,SH688038,软件开发
3481,SH688037,半导体
3482,SH688036,消费电子
3483,SH688035,电子元件
3484,SH688033,光伏设备
3485,SH688032,光伏设备
3486,SH688031,软件开发
3487,SH688030,软件服务
3488,SH688029,医疗器械
3489,SH688028,通用设备
3490,SH688027,通讯行业
3491,SH688026,塑胶制品
3492,SH688025,电子元件
3493,SH688023,软件开发
3494,SH688022,专用设备
3495,SH688021,环保行业
3496,SH688020,电子元件
3497,SH688019,电子化学品
3498,SH688018,半导体
3499,SH688017,机械行业
3500,SH688016,医疗器械
3501,SH688015,交运设备
3502,SH688013,医疗器械
3503,SH688012,半导体
3504,SH688011,光学光电子
3505,SH688010,光学光电子
3506,SH688009,交运设备
3507,SH688008,半导体
3508,SH688007,消费电子
3509,SH688006,电池
3510,SH688005,电池
3511,SH688004,互联网服务
3512,SH688003,通用设备
3513,SH688002,半导体
3514,SH688001,专用设备
3515,SH605599,珠宝首饰
3516,SH605598,工程建设
3517,SH605589,化工行业
3518,SH605588,半导体
3519,SH605580,电力行业
3520,SH605577,文化传媒
3521,SH605567,食品饮料
3522,SH605566,化工行业
3523,SH605555,家电行业
3524,SH605507,医药制造
3525,SH605500,造纸印刷
3526,SH605499,食品饮料
3527,SH605488,塑胶制品
3528,SH605399,化工行业
3529,SH605398,互联网服务
3530,SH605389,工程机械
3531,SH605388,食品饮料
3532,SH605378,电池
3533,SH605377,造纸印刷
3534,SH605376,小金属
3535,SH605369,医疗器械
3536,SH605368,燃气
3537,SH605366,化工行业
3538,SH605365,家电行业
3539,SH605358,半导体
3540,SH605339,食品饮料
3541,SH605338,食品饮料
3542,SH605337,食品饮料
3543,SH605336,家电行业
3544,SH605333,汽车行业
3545,SH605319,汽车行业
3546,SH605318,装修装饰
3547,SH605305,风电设备
3548,SH605303,工程建设
3549,SH605300,食品饮料
3550,SH605299,家用轻工
3551,SH605298,交运设备
3552,SH605296,农牧饲渔
3553,SH605289,装修装饰
3554,SH605288,专用设备
3555,SH605287,装修装饰
3556,SH605286,专用设备
3557,SH605277,消费电子
3558,SH605268,家用轻工
3559,SH605266,医药商业
3560,SH605259,机械行业
3561,SH605258,电子元件
3562,SH605255,汽车零部件
3563,SH605228,汽车行业
3564,SH605222,输配电气
3565,SH605218,光学光电子
3566,SH605208,汽车行业
3567,SH605199,中药
3568,SH605198,食品饮料
3569,SH605196,输配电气
3570,SH605189,纺织服装
3571,SH605188,商业百货
3572,SH605186,医疗行业
3573,SH605183,橡胶制品
3574,SH605180,纺织服装
3575,SH605179,食品饮料
3576,SH605178,装修装饰
3577,SH605177,医药制造
3578,SH605169,燃气
3579,SH605168,文化传媒
3580,SH605167,专用设备
3581,SH605166,化工行业
3582,SH605162,公用事业
3583,SH605158,钢铁行业
3584,SH605155,装修装饰
3585,SH605151,汽车零部件
3586,SH605138,纺织服装
3587,SH605136,商业百货
3588,SH605133,汽车行业
3589,SH605128,汽车行业
3590,SH605123,通用设备
3591,SH605122,水泥建材
3592,SH605118,光学光电子
3593,SH605117,光伏设备
3594,SH605116,医药制造
3595,SH605111,半导体
3596,SH605108,旅游酒店
3597,SH605100,机械行业
3598,SH605099,家用轻工
3599,SH605098,文教休闲
3600,SH605090,燃气
3601,SH605089,食品饮料
3602,SH605088,汽车行业
3603,SH605086,采掘行业
3604,SH605081,环保工程
3605,SH605080,纺织服装
3606,SH605077,食品饮料
3607,SH605069,环保工程
3608,SH605068,汽车行业
3609,SH605066,输配电气
3610,SH605060,机械行业
3611,SH605058,电子元件
3612,SH605056,仪器仪表
3613,SH605055,纺织服装
3614,SH605050,交运物流
3615,SH605033,农药兽药
3616,SH605028,电力行业
3617,SH605020,化工行业
3618,SH605018,汽车行业
3619,SH605016,食品饮料
3620,SH605011,公用事业
3621,SH605009,美容护理
3622,SH605008,塑料制品
3623,SH605007,造纸印刷
3624,SH605006,玻璃陶瓷
3625,SH605005,汽车行业
3626,SH605003,纺织服装
3627,SH605001,交运设备
3628,SH603999,文化传媒
3629,SH603998,中药
3630,SH603997,汽车行业
3631,SH603995,钢铁行业
3632,SH603993,小金属
3633,SH603992,装修建材
3634,SH603991,塑胶制品
3635,SH603990,软件服务
3636,SH603989,电子元件
3637,SH603988,电机
3638,SH603987,医疗器械
3639,SH603986,半导体
3640,SH603985,风电设备
3641,SH603983,美容护理
3642,SH603982,汽车行业
3643,SH603980,化工行业
3644,SH603979,采掘行业
3645,SH603978,有色金属
3646,SH603977,化工行业
3647,SH603976,医疗器械
3648,SH603970,农药兽药
3649,SH603969,通用设备
3650,SH603968,化工行业
3651,SH603967,交运物流
3652,SH603966,专用设备
3653,SH603960,专用设备
3654,SH603959,工程咨询服务
3655,SH603958,纺织服装
3656,SH603956,专用设备
3657,SH603955,工程建设
3658,SH603950,汽车行业
3659,SH603949,汽车行业
3660,SH603948,化工行业
3661,SH603939,医药商业
3662,SH603938,化学制品
3663,SH603937,有色金属
3664,SH603936,电子元件
3665,SH603933,半导体
3666,SH603931,电子化学品
3667,SH603929,装修装饰
3668,SH603928,塑料制品
3669,SH603927,软件服务
3670,SH603926,汽车行业
3671,SH603922,汽车行业
3672,SH603920,电子元件
3673,SH603919,酿酒行业
3674,SH603918,互联网服务
3675,SH603917,汽车行业
3676,SH603916,化工行业
3677,SH603915,机械行业
3678,SH603912,专用设备
3679,SH603909,工程咨询服务
3680,SH603908,纺织服装
3681,SH603906,电池
3682,SH603903,环保工程
3683,SH603901,专用设备
3684,SH603900,珠宝首饰
3685,SH603899,家用轻工
3686,SH603898,木业家具
3687,SH603897,输配电气
3688,SH603896,中药
3689,SH603895,专用设备
3690,SH603893,半导体
3691,SH603890,消费电子
3692,SH603889,纺织服装
3693,SH603888,文化传媒
3694,SH603887,电子信息
3695,SH603886,食品饮料
3696,SH603885,民航机场
3697,SH603883,医药商业
3698,SH603882,医疗行业
3699,SH603881,互联网服务
3700,SH603880,医疗器械
3701,SH603879,塑料制品
3702,SH603878,钢铁行业
3703,SH603877,纺织服装
3704,SH603876,有色金属
3705,SH603871,交运物流
3706,SH603869,电子信息
3707,SH603868,家电行业
3708,SH603867,化工行业
3709,SH603866,食品饮料
3710,SH603863,造纸印刷
3711,SH603861,输配电气
3712,SH603860,工程咨询服务
3713,SH603859,软件服务
3714,SH603858,中药
3715,SH603856,装修建材
3716,SH603855,专用设备
3717,SH603848,家用轻工
3718,SH603843,工程建设
3719,SH603839,纺织服装
3720,SH603838,装修建材
3721,SH603836,交运物流
3722,SH603833,木业家具
3723,SH603829,输配电气
3724,SH603828,装修装饰
3725,SH603826,非金属材料
3726,SH603825,文化传媒
3727,SH603823,化工行业
3728,SH603822,化工行业
3729,SH603819,电机
3730,SH603818,木业家具
3731,SH603817,环保工程
3732,SH603816,木业家具
3733,SH603815,工程建设
3734,SH603813,交运物流
3735,SH603811,医药制造
3736,SH603810,农药兽药
3737,SH603809,汽车行业
3738,SH603808,纺织服装
3739,SH603806,光伏设备
3740,SH603803,通讯行业
3741,SH603801,木业家具
3742,SH603800,专用设备
3743,SH603799,能源金属
3744,SH603798,石油行业
3745,SH603797,环保工程
3746,SH603790,化工行业
3747,SH603789,专用设备
3748,SH603788,汽车行业
3749,SH603787,交运设备
3750,SH603786,汽车行业
3751,SH603779,酿酒行业
3752,SH603778,光伏设备
3753,SH603777,食品饮料
3754,SH603776,专业服务
3755,SH603773,光学光电子
3756,SH603768,汽车行业
3757,SH603767,汽车行业
3758,SH603766,交运设备
3759,SH603759,公用事业
3760,SH603758,汽车行业
3761,SH603757,机械行业
3762,SH603755,食品饮料
3763,SH603739,农牧饲渔
3764,SH603738,电子元件
3765,SH603737,装修建材
3766,SH603733,造纸印刷
3767,SH603730,汽车行业
3768,SH603729,文化传媒
3769,SH603728,电机
3770,SH603727,采掘行业
3771,SH603726,家电行业
3772,SH603725,化学制品
3773,SH603722,塑料制品
3774,SH603721,文化传媒
3775,SH603719,食品饮料
3776,SH603718,农药兽药
3777,SH603717,农牧饲渔
3778,SH603716,医药商业
3779,SH603713,交运物流
3780,SH603712,通讯行业
3781,SH603711,食品饮料
3782,SH603709,木业家具
3783,SH603708,商业百货
3784,SH603707,医药制造
3785,SH603706,燃气
3786,SH603703,光学光电子
3787,SH603701,汽车零部件
3788,SH603700,仪器仪表
3789,SH603699,机械行业
3790,SH603698,专业服务
3791,SH603697,食品饮料
3792,SH603696,食品饮料
3793,SH603693,电力行业
3794,SH603690,专用设备
3795,SH603689,燃气
3796,SH603688,非金属材料
3797,SH603687,包装材料
3798,SH603686,环保行业
3799,SH603685,光学光电子
3800,SH603683,化工行业
3801,SH603682,房地产服务
3802,SH603681,化学制品
3803,SH603680,交运设备
3804,SH603679,光学光电子
3805,SH603678,电子元件
3806,SH603677,家电行业
3807,SH603676,医药制造
3808,SH603669,医药制造
3809,SH603668,农牧饲渔
3810,SH603667,机械行业
3811,SH603666,专用设备
3812,SH603665,纺织服装
3813,SH603663,化学原料
3814,SH603662,仪器仪表
3815,SH603661,木业家具
3816,SH603660,计算机设备
3817,SH603659,电池
3818,SH603658,医疗器械
3819,SH603657,家电行业
3820,SH603656,专用设备
3821,SH603655,汽车行业
3822,SH603650,橡胶制品
3823,SH603648,交运物流
3824,SH603639,农药兽药
3825,SH603638,工程机械
3826,SH603637,工程建设
3827,SH603636,互联网服务
3828,SH603633,汽车零部件
3829,SH603630,美容护理
3830,SH603629,消费电子
3831,SH603628,光伏设备
3832,SH603626,消费电子
3833,SH603619,采掘行业
3834,SH603618,输配电气
3835,SH603617,机械行业
3836,SH603616,水泥建材
3837,SH603615,塑胶制品
3838,SH603613,电子信息
3839,SH603612,非金属材料
3840,SH603611,工程机械
3841,SH603610,木业家具
3842,SH603609,农牧饲渔
3843,SH603608,纺织服装
3844,SH603607,造纸印刷
3845,SH603606,输配电气
3846,SH603605,美容护理
3847,SH603602,通信服务
3848,SH603601,玻璃玻纤
3849,SH603600,木业家具
3850,SH603599,农药兽药
3851,SH603598,文化传媒
3852,SH603596,汽车行业
3853,SH603595,消费电子
3854,SH603590,生物制品
3855,SH603589,酿酒行业
3856,SH603588,环保工程
3857,SH603587,纺织服装
3858,SH603586,汽车行业
3859,SH603585,农药兽药
3860,SH603583,专用设备
3861,SH603580,塑胶制品
3862,SH603579,家电行业
3863,SH603578,家电行业
3864,SH603577,输配电气
3865,SH603569,交运物流
3866,SH603568,环保工程
3867,SH603567,中药
3868,SH603566,农药兽药
3869,SH603565,物流行业
3870,SH603559,通信服务
3871,SH603558,纺织服装
3872,SH603557,纺织服装
3873,SH603556,输配电气
3874,SH603551,家电行业
3875,SH603538,医药制造
3876,SH603536,食品饮料
3877,SH603535,交运物流
3878,SH603533,文化传媒
3879,SH603530,输配电气
3880,SH603529,交运设备
3881,SH603528,软件开发
3882,SH603527,有色金属
3883,SH603520,医药制造
3884,SH603519,家电行业
3885,SH603518,纺织服装
3886,SH603517,食品饮料
3887,SH603516,安防设备
3888,SH603515,家电行业
3889,SH603511,纺织服装
3890,SH603508,软件开发
3891,SH603507,风电设备
3892,SH603506,房地产服务
3893,SH603505,采掘行业
3894,SH603501,半导体
3895,SH603500,交运设备
3896,SH603499,造纸印刷
3897,SH603496,互联网服务
3898,SH603489,电机
3899,SH603488,专用设备
3900,SH603486,家电行业
3901,SH603477,农牧饲渔
3902,SH603466,文化传媒
3903,SH603458,工程咨询服务
3904,SH603456,医药制造
3905,SH603444,游戏
3906,SH603439,中药
3907,SH603429,造纸印刷
3908,SH603421,通信服务
3909,SH603416,专用设备
3910,SH603409,汽车零部件
3911,SH603408,装修装饰
3912,SH603399,小金属
3913,SH603398,光伏设备
3914,SH603396,光伏设备
3915,SH603395,化肥行业
3916,SH603393,燃气
3917,SH603392,生物制品
3918,SH603391,通用设备
3919,SH603390,汽车零部件
3920,SH603389,木业家具
3921,SH603388,工程建设
3922,SH603387,医疗器械
3923,SH603386,电子元件
3924,SH603385,装修装饰
3925,SH603383,软件服务
3926,SH603381,光伏设备
3927,SH603380,消费电子
3928,SH603379,化工行业
3929,SH603378,装修建材
3930,SH603377,汽车服务
3931,SH603375,电子元件
3932,SH603373,专业服务
3933,SH603369,酿酒行业
3934,SH603368,医药商业
3935,SH603367,医药制造
3936,SH603366,家电行业
3937,SH603365,纺织服装
3938,SH603363,农牧饲渔
3939,SH603360,农药兽药
3940,SH603359,环保行业
3941,SH603358,汽车行业
3942,SH603357,工程咨询服务
3943,SH603356,专用设备
3944,SH603355,家电行业
3945,SH603353,石油行业
3946,SH603351,医药制造
3947,SH603350,电机
3948,SH603348,汽车行业
3949,SH603345,食品饮料
3950,SH603344,电机
3951,SH603341,消费电子
3952,SH603339,机械行业
3953,SH603338,工程机械
3954,SH603337,专用设备
3955,SH603336,农牧饲渔
3956,SH603335,汽车行业
3957,SH603333,输配电气
3958,SH603332,化纤行业
3959,SH603331,通用设备
3960,SH603330,光伏设备
3961,SH603329,交运物流
3962,SH603328,电子元件
3963,SH603327,消费电子
3964,SH603326,木业家具
3965,SH603325,通用设备
3966,SH603324,环保工程
3967,SH603323,银行
3968,SH603322,通信服务
3969,SH603321,专用设备
3970,SH603320,电机
3971,SH603319,汽车行业
3972,SH603318,燃气
3973,SH603317,食品饮料
3974,SH603316,工程建设
3975,SH603315,机械行业
3976,SH603313,木业家具
3977,SH603312,电网设备
3978,SH603311,家电行业
3979,SH603310,化学原料
3980,SH603309,医疗器械
3981,SH603308,通用设备
3982,SH603307,纺织服装
3983,SH603306,汽车行业
3984,SH603305,汽车行业
3985,SH603303,家电行业
3986,SH603301,医疗器械
3987,SH603300,专用设备
3988,SH603299,化学原料
3989,SH603298,工程机械
3990,SH603297,光学光电子
3991,SH603296,消费电子
3992,SH603291,公用事业
3993,SH603290,半导体
3994,SH603289,专用设备
3995,SH603288,食品饮料
3996,SH603286,汽车行业
3997,SH603285,化学制品
3998,SH603283,专用设备
3999,SH603282,专用设备
4000,SH603281,化学制品
4001,SH603280,专用设备
4002,SH603279,通用设备
4003,SH603278,通用设备
4004,SH603277,机械行业
4005,SH603276,化学原料
4006,SH603275,仪器仪表
4007,SH603273,专用设备
4008,SH603272,装修装饰
4009,SH603271,有色金属
4010,SH603270,通用设备
4011,SH603269,机械行业
4012,SH603268,装修建材
4013,SH603267,电子元件
4014,SH603266,塑胶制品
4015,SH603261,航天航空
4016,SH603260,非金属材料
4017,SH603259,医疗行业
4018,SH603258,游戏
4019,SH603256,玻璃陶瓷
4020,SH603255,化学制品
4021,SH603239,汽车行业
4022,SH603238,美容护理
4023,SH603237,食品饮料
4024,SH603236,通信设备
4025,SH603235,食品饮料
4026,SH603233,医药商业
4027,SH603232,软件服务
4028,SH603231,农牧饲渔
4029,SH603230,文化传媒
4030,SH603229,医药制造
4031,SH603228,电子元件
4032,SH603227,化学制品
4033,SH603226,木业家具
4034,SH603225,化纤行业
4035,SH603223,交运物流
4036,SH603222,医药制造
4037,SH603221,塑胶制品
4038,SH603220,通信服务
4039,SH603219,家电行业
4040,SH603218,风电设备
4041,SH603217,化工行业
4042,SH603216,装修装饰
4043,SH603215,家电行业
4044,SH603214,商业百货
4045,SH603213,化学原料
4046,SH603212,光伏设备
4047,SH603211,汽车零部件
4048,SH603209,航运港口
4049,SH603208,木业家具
4050,SH603207,化学制药
4051,SH603206,通信服务
4052,SH603203,专用设备
4053,SH603201,汽车零部件
4054,SH603200,环保工程
4055,SH603199,旅游酒店
4056,SH603198,酿酒行业
4057,SH603197,汽车行业
4058,SH603196,纺织服装
4059,SH603195,家用轻工
4060,SH603194,工程机械
4061,SH603193,美容护理
4062,SH603192,化工行业
4063,SH603191,电网设备
4064,SH603190,汽车零部件
4065,SH603189,软件服务
4066,SH603188,化工行业
4067,SH603187,通用设备
4068,SH603186,电子元件
4069,SH603185,光伏设备
4070,SH603183,专业服务
4071,SH603182,食品饮料
4072,SH603181,塑料制品
4073,SH603180,木业家具
4074,SH603179,汽车行业
4075,SH603178,汽车行业
4076,SH603177,环保工程
4077,SH603176,工程建设
4078,SH603173,通用设备
4079,SH603172,化学原料
4080,SH603171,互联网服务
4081,SH603170,食品饮料
4082,SH603169,专用设备
4083,SH603168,医药制造
4084,SH603167,港口水运
4085,SH603166,汽车行业
4086,SH603165,造纸印刷
4087,SH603163,工程建设
4088,SH603162,航运港口
4089,SH603161,汽车行业
4090,SH603160,半导体
4091,SH603159,专用设备
4092,SH603158,汽车行业
4093,SH603156,食品饮料
4094,SH603155,化工行业
4095,SH603153,工程咨询服务
4096,SH603151,农牧饲渔
4097,SH603150,塑料制品
4098,SH603139,中药
4099,SH603138,软件开发
4100,SH603137,装修建材
4101,SH603136,旅游酒店
4102,SH603135,专用设备
4103,SH603132,有色金属
4104,SH603131,机械行业
4105,SH603130,纺织服装
4106,SH603129,交运设备
4107,SH603128,交运物流
4108,SH603127,医疗行业
4109,SH603126,环保工程
4110,SH603125,化学制品
4111,SH603123,多元金融
4112,SH603122,医药商业
4113,SH603121,汽车行业
4114,SH603119,非金属材料
4115,SH603118,通信设备
4116,SH603117,交运物流
4117,SH603116,纺织服装
4118,SH603115,电子元件
4119,SH603113,化学原料
4120,SH603112,家电行业
4121,SH603111,交运设备
4122,SH603110,化工行业
4123,SH603109,通用设备
4124,SH603108,医疗服务
4125,SH603107,汽车零部件
4126,SH603106,计算机设备
4127,SH603105,光伏设备
4128,SH603103,文化传媒
4129,SH603102,食品饮料
4130,SH603101,商业百货
4131,SH603100,仪器仪表
4132,SH603099,旅游酒店
4133,SH603098,工程建设
4134,SH603097,电网设备
4135,SH603096,文化传媒
4136,SH603095,专用设备
4137,SH603093,多元金融
4138,SH603091,家用轻工
4139,SH603090,机械行业
4140,SH603089,汽车行业
4141,SH603088,通用设备
4142,SH603087,生物制品
4143,SH603086,农药兽药
4144,SH603085,汽车零部件
4145,SH603083,通讯行业
4146,SH603082,通用设备
4147,SH603081,专用设备
4148,SH603080,燃气
4149,SH603079,食品饮料
4150,SH603078,电子化学品
4151,SH603077,化学原料
4152,SH603076,专用设备
4153,SH603075,家电行业
4154,SH603073,纺织服装
4155,SH603072,小金属
4156,SH603071,国际贸易
4157,SH603070,电网设备
4158,SH603069,高速公路
4159,SH603068,半导体
4160,SH603067,化学原料
4161,SH603066,交运物流
4162,SH603065,化学原料
4163,SH603063,风电设备
4164,SH603062,化学原料
4165,SH603061,半导体
4166,SH603060,专业服务
4167,SH603059,美容护理
4168,SH603058,造纸印刷
4169,SH603057,食品饮料
4170,SH603056,交运物流
4171,SH603055,纺织服装
4172,SH603053,燃气
4173,SH603052,电子元件
4174,SH603051,塑料制品
4175,SH603050,输配电气
4176,SH603048,汽车行业
4177,SH603045,有色金属
4178,SH603043,食品饮料
4179,SH603042,通讯行业
4180,SH603041,化工行业
4181,SH603040,汽车零部件
4182,SH603039,软件服务
4183,SH603038,装修装饰
4184,SH603037,汽车行业
4185,SH603036,专用设备
4186,SH603035,汽车行业
4187,SH603033,橡胶制品
4188,SH603032,电池
4189,SH603031,电池
4190,SH603030,装修装饰
4191,SH603029,专用设备
4192,SH603028,通用设备
4193,SH603027,食品饮料
4194,SH603026,化工行业
4195,SH603025,专用设备
4196,SH603023,汽车行业
4197,SH603022,包装材料
4198,SH603021,玻璃陶瓷
4199,SH603020,食品饮料
4200,SH603019,计算机设备
4201,SH603018,工程咨询服务
4202,SH603017,工程咨询服务
4203,SH603016,输配电气
4204,SH603015,专用设备
4205,SH603013,汽车行业
4206,SH603012,专用设备
4207,SH603011,专用设备
4208,SH603010,化学制品
4209,SH603009,汽车行业
4210,SH603008,木业家具
4211,SH603007,工程建设
4212,SH603006,汽车行业
4213,SH603005,半导体
4214,SH603004,化学原料
4215,SH603003,贸易行业
4216,SH603002,电子化学品
4217,SH603001,纺织服装
4218,SH603000,文化传媒
4219,SH601999,文化传媒
4220,SH601998,银行
4221,SH601997,银行
4222,SH601996,木业家具
4223,SH601995,券商信托
4224,SH601992,水泥建材
4225,SH601991,电力行业
4226,SH601990,券商信托
4227,SH601989,船舶制造
4228,SH601988,银行
4229,SH601985,电力行业
4230,SH601975,港口水运
4231,SH601969,钢铁行业
4232,SH601968,包装材料
4233,SH601966,橡胶制品
4234,SH601965,汽车服务
4235,SH601963,银行
4236,SH601958,小金属
4237,SH601956,家电行业
4238,SH601952,农牧饲渔
4239,SH601949,文化传媒
4240,SH601939,银行
4241,SH601933,商业百货
4242,SH601929,文化传媒
4243,SH601928,文化传媒
4244,SH601921,文化传媒
4245,SH601919,港口水运
4246,SH601918,煤炭采选
4247,SH601916,银行
4248,SH601908,光伏设备
4249,SH601901,券商信托
4250,SH601900,文化传媒
4251,SH601899,有色金属
4252,SH601898,煤炭采选
4253,SH601890,船舶制造
4254,SH601888,旅游酒店
4255,SH601886,装修装饰
4256,SH601882,机械行业
4257,SH601881,券商信托
4258,SH601880,港口水运
4259,SH601878,券商信托
4260,SH601877,输配电气
4261,SH601872,港口水运
4262,SH601869,通讯行业
4263,SH601868,工程建设
4264,SH601866,港口水运
4265,SH601865,光伏设备
4266,SH601860,银行
4267,SH601858,文化传媒
4268,SH601857,石油行业
4269,SH601838,银行
4270,SH601828,商业百货
4271,SH601827,环保工程
4272,SH601825,银行
4273,SH601818,银行
4274,SH601816,交运物流
4275,SH601811,文化传媒
4276,SH601808,采掘行业
4277,SH601801,文化传媒
4278,SH601800,工程建设
4279,SH601799,汽车行业
4280,SH601798,专用设备
4281,SH601789,工程建设
4282,SH601788,券商信托
4283,SH601778,电力行业
4284,SH601777,汽车整车
4285,SH601766,交运设备
4286,SH601728,电信运营
4287,SH601727,电源设备
4288,SH601718,纺织服装
4289,SH601717,汽车零部件
4290,SH601702,有色金属
4291,SH601700,输配电气
4292,SH601699,煤炭采选
4293,SH601698,通信服务
4294,SH601696,券商信托
4295,SH601689,汽车行业
4296,SH601688,券商信托
4297,SH601686,钢铁行业
4298,SH601678,化学原料
4299,SH601677,有色金属
4300,SH601669,工程建设
4301,SH601668,工程建设
4302,SH601666,煤炭采选
4303,SH601665,银行
4304,SH601658,银行
4305,SH601636,玻璃陶瓷
4306,SH601633,汽车整车
4307,SH601628,保险
4308,SH601619,电力行业
4309,SH601618,工程建设
4310,SH601616,输配电气
4311,SH601615,风电设备
4312,SH601611,工程建设
4313,SH601609,有色金属
4314,SH601608,专用设备
4315,SH601607,医药商业
4316,SH601606,专用设备
4317,SH601601,保险
4318,SH601600,有色金属
4319,SH601599,纺织服装
4320,SH601598,交运物流
4321,SH601595,文化传媒
4322,SH601588,房地产服务
4323,SH601579,酿酒行业
4324,SH601577,银行
4325,SH601568,化学原料
4326,SH601567,电网设备
4327,SH601566,纺织服装
4328,SH601555,券商信托
4329,SH601528,银行
4330,SH601518,高速公路
4331,SH601515,包装材料
4332,SH601512,房地产
4333,SH601456,券商信托
4334,SH601399,专用设备
4335,SH601398,银行
4336,SH601390,工程建设
4337,SH601388,有色金属
4338,SH601377,券商信托
4339,SH601375,券商信托
4340,SH601369,机械行业
4341,SH601368,公用事业
4342,SH601366,商业百货
4343,SH601360,软件服务
4344,SH601339,纺织服装
4345,SH601336,保险
4346,SH601333,铁路公路
4347,SH601330,环保工程
4348,SH601328,银行
4349,SH601326,港口水运
4350,SH601319,保险
4351,SH601318,保险
4352,SH601311,电池
4353,SH601298,港口水运
4354,SH601288,银行
4355,SH601279,汽车行业
4356,SH601238,汽车整车
4357,SH601236,券商信托
4358,SH601233,化纤行业
4359,SH601231,消费电子
4360,SH601229,银行
4361,SH601228,港口水运
4362,SH601226,工程机械
4363,SH601225,煤炭采选
4364,SH601222,仪器仪表
4365,SH601218,风电设备
4366,SH601216,化学原料
4367,SH601212,有色金属
4368,SH601211,券商信托
4369,SH601208,塑料制品
4370,SH601200,环保工程
4371,SH601199,公用事业
4372,SH601198,券商信托
4373,SH601188,高速公路
4374,SH601187,银行
4375,SH601186,工程建设
4376,SH601179,输配电气
4377,SH601177,机械行业
4378,SH601169,银行
4379,SH601168,有色金属
4380,SH601166,银行
4381,SH601163,橡胶制品
4382,SH601162,券商信托
4383,SH601158,公用事业
4384,SH601156,交运物流
4385,SH601155,房地产
4386,SH601139,燃气
4387,SH601138,消费电子
4388,SH601137,有色金属
4389,SH601136,证券
4390,SH601133,工程建设
4391,SH601128,银行
4392,SH601127,汽车整车
4393,SH601126,输配电气
4394,SH601121,钢铁行业
4395,SH601118,橡胶制品
4396,SH601117,工程建设
4397,SH601116,商业百货
4398,SH601113,化纤行业
4399,SH601111,民航机场
4400,SH601108,券商信托
4401,SH601107,高速公路
4402,SH601106,专用设备
4403,SH601101,煤炭采选
4404,SH601100,工程机械
4405,SH601099,券商信托
4406,SH601098,文化传媒
4407,SH601096,电网设备
4408,SH601089,化学制药
4409,SH601088,煤炭采选
4410,SH601086,商业百货
4411,SH601083,航运港口
4412,SH601077,银行
4413,SH601069,贵金属
4414,SH601068,工程建设
4415,SH601066,券商信托
4416,SH601065,化学原料
4417,SH601061,贸易行业
4418,SH601059,证券
4419,SH601058,橡胶制品
4420,SH601038,专用设备
4421,SH601033,环保行业
4422,SH601022,航运港口
4423,SH601021,民航机场
4424,SH601020,有色金属
4425,SH601019,文化传媒
4426,SH601018,港口水运
4427,SH601016,电力行业
4428,SH601015,煤炭采选
4429,SH601012,光伏设备
4430,SH601011,煤炭采选
4431,SH601010,商业百货
4432,SH601009,银行
4433,SH601008,港口水运
4434,SH601007,旅游酒店
4435,SH601006,交运物流
4436,SH601005,钢铁行业
4437,SH601003,钢铁行业
4438,SH601002,机械行业
4439,SH601001,煤炭采选
4440,SH601000,港口水运
4441,SH600999,券商信托
4442,SH600998,医药商业
4443,SH600997,煤炭采选
4444,SH600996,文化传媒
4445,SH600995,电力行业
4446,SH600993,中药
4447,SH600992,通用设备
4448,SH600990,通信设备
4449,SH600989,化学原料
4450,SH600988,贵金属
4451,SH600987,纺织服装
4452,SH600986,文化传媒
4453,SH600985,煤炭采选
4454,SH600984,工程机械
4455,SH600983,家电行业
4456,SH600982,电力行业
4457,SH600981,国际贸易
4458,SH600980,小金属
4459,SH600979,电力行业
4460,SH600977,文化传媒
4461,SH600976,中药
4462,SH600975,农牧饲渔
4463,SH600973,输配电气
4464,SH600971,煤炭采选
4465,SH600970,工程建设
4466,SH600969,电力行业
4467,SH600968,采掘行业
4468,SH600967,交运设备
4469,SH600966,造纸印刷
4470,SH600965,农牧饲渔
4471,SH600963,造纸印刷
4472,SH600962,食品饮料
4473,SH600961,有色金属
4474,SH600960,汽车行业
4475,SH600959,文化传媒
4476,SH600958,券商信托
4477,SH600956,燃气
4478,SH600955,化学原料
4479,SH600941,通信服务
4480,SH600939,工程建设
4481,SH600938,石油行业
4482,SH600936,文化传媒
4483,SH600935,化学原料
4484,SH600933,汽车行业
4485,SH600929,化学原料
4486,SH600928,银行
4487,SH600927,多元金融
4488,SH600926,银行
4489,SH600925,煤炭行业
4490,SH600919,银行
4491,SH600918,券商信托
4492,SH600917,燃气
4493,SH600916,珠宝首饰
4494,SH600909,券商信托
4495,SH600908,银行
4496,SH600906,券商信托
4497,SH600905,电力行业
4498,SH600903,燃气
4499,SH600901,多元金融
4500,SH600900,电力行业
4501,SH600897,民航机场
4502,SH600895,房地产
4503,SH600894,专用设备
4504,SH600893,航天航空
4505,SH600892,游戏
4506,SH600889,化纤行业
4507,SH600888,有色金属
4508,SH600887,食品饮料
4509,SH600886,电力行业
4510,SH600885,电网设备
4511,SH600884,电子元件
4512,SH600883,农牧饲渔
4513,SH600882,食品饮料
4514,SH600881,水泥建材
4515,SH600880,教育
4516,SH600879,航天航空
4517,SH600877,半导体
4518,SH600876,光伏设备
4519,SH600875,电源设备
4520,SH600874,环保行业
4521,SH600873,食品饮料
4522,SH600872,食品饮料
4523,SH600871,采掘行业
4524,SH600869,输配电气
4525,SH600868,电力行业
4526,SH600867,生物制品
4527,SH600866,食品饮料
4528,SH600865,商业百货
4529,SH600864,券商信托
4530,SH600863,电力行业
4531,SH600862,航天航空
4532,SH600861,专业服务
4533,SH600860,机械行业
4534,SH600859,商业百货
4535,SH600858,商业百货
4536,SH600857,商业百货
4537,SH600855,安防设备
4538,SH600854,家电行业
4539,SH600853,工程建设
4540,SH600851,医药制造
4541,SH600850,电子信息
4542,SH600848,房地产
4543,SH600847,电池
4544,SH600846,工程建设
4545,SH600845,互联网服务
4546,SH600844,化学原料
4547,SH600843,专用设备
4548,SH600841,汽车整车
4549,SH600839,家电行业
4550,SH600838,商业百货
4551,SH600835,专用设备
4552,SH600834,高速公路
4553,SH600833,医药商业
4554,SH600831,文化传媒
4555,SH600830,多元金融
4556,SH600829,医药商业
4557,SH600828,商业百货
4558,SH600827,商业百货
4559,SH600826,国际贸易
4560,SH600825,文化传媒
4561,SH600824,商业百货
4562,SH600822,汽车服务
4563,SH600821,电力行业
4564,SH600820,工程建设
4565,SH600819,玻璃陶瓷
4566,SH600818,交运设备
4567,SH600817,工程机械
4568,SH600816,多元金融
4569,SH600815,工程机械
4570,SH600814,商业百货
4571,SH600812,医药制造
4572,SH600811,农牧饲渔
4573,SH600810,化纤行业
4574,SH600809,酿酒行业
4575,SH600808,钢铁行业
4576,SH600807,医疗器械
4577,SH600805,综合行业
4578,SH600804,电信运营
4579,SH600803,燃气
4580,SH600802,水泥建材
4581,SH600801,水泥建材
4582,SH600800,化工行业
4583,SH600798,港口水运
4584,SH600797,电子信息
4585,SH600796,环保行业
4586,SH600795,电力行业
4587,SH600794,交运物流
4588,SH600793,造纸印刷
4589,SH600792,煤炭采选
4590,SH600791,房地产
4591,SH600790,商业百货
4592,SH600789,医药制造
4593,SH600787,交运物流
4594,SH600785,商业百货
4595,SH600784,综合行业
4596,SH600783,非金属材料
4597,SH600782,钢铁行业
4598,SH600780,电力行业
4599,SH600779,酿酒行业
4600,SH600778,商业百货
4601,SH600777,石油行业
4602,SH600776,通讯行业
4603,SH600775,通讯行业
4604,SH600774,商业百货
4605,SH600773,房地产
4606,SH600771,中药
4607,SH600770,综合行业
4608,SH600769,工程建设
4609,SH600768,有色金属
4610,SH600765,航天航空
4611,SH600764,计算机设备
4612,SH600763,医疗行业
4613,SH600761,工程机械
4614,SH600760,航天航空
4615,SH600759,石油行业
4616,SH600758,煤炭采选
4617,SH600757,文化传媒
4618,SH600756,互联网服务
4619,SH600755,国际贸易
4620,SH600754,旅游酒店
4621,SH600753,国际贸易
4622,SH600751,航运港口
4623,SH600750,中药
4624,SH600749,旅游酒店
4625,SH600748,房地产
4626,SH600746,化学原料
4627,SH600745,消费电子
4628,SH600744,电力行业
4629,SH600743,房地产
4630,SH600742,汽车行业
4631,SH600741,汽车行业
4632,SH600740,煤炭采选
4633,SH600739,国际贸易
4634,SH600738,商业百货
4635,SH600737,食品饮料
4636,SH600736,房地产
4637,SH600735,纺织服装
4638,SH600734,互联网服务
4639,SH600733,汽车整车
4640,SH600732,光伏设备
4641,SH600731,农药兽药
4642,SH600730,文教休闲
4643,SH600729,商业百货
4644,SH600728,软件开发
4645,SH600727,化学原料
4646,SH600726,电力行业
4647,SH600725,煤炭行业
4648,SH600724,房地产开发
4649,SH600722,化学原料
4650,SH600721,医疗行业
4651,SH600720,工程咨询服务
4652,SH600719,电力行业
4653,SH600718,互联网服务
4654,SH600717,港口水运
4655,SH600716,房地产
4656,SH600715,游戏
4657,SH600714,化学原料
4658,SH600713,医药商业
4659,SH600712,商业百货
4660,SH600711,能源金属
4661,SH600710,国际贸易
4662,SH600708,房地产
4663,SH600707,光学光电子
4664,SH600706,旅游酒店
4665,SH600704,物流行业
4666,SH600703,光学光电子
4667,SH600702,酿酒行业
4668,SH600699,汽车行业
4669,SH600698,汽车零部件
4670,SH600697,商业百货
4671,SH600696,酿酒行业
4672,SH600694,商业百货
4673,SH600693,商业百货
4674,SH600692,房地产
4675,SH600691,化肥行业
4676,SH600690,家电行业
4677,SH600689,纺织服装
4678,SH600688,石油行业
4679,SH600686,汽车整车
4680,SH600685,船舶制造
4681,SH600684,房地产服务
4682,SH600683,房地产
4683,SH600682,商业百货
4684,SH600681,燃气
4685,SH600679,交运设备
4686,SH600678,水泥建材
4687,SH600676,汽车行业
4688,SH600675,房地产
4689,SH600674,电力行业
4690,SH600673,综合行业
4691,SH600671,中药
4692,SH600668,水泥建材
4693,SH600667,工程建设
4694,SH600666,光学光电子
4695,SH600665,房地产
4696,SH600664,医药制造
4697,SH600663,房地产
4698,SH600662,专业服务
4699,SH600661,文教休闲
4700,SH600660,玻璃玻纤
4701,SH600658,房地产服务
4702,SH600657,房地产
4703,SH600655,珠宝首饰
4704,SH600654,软件服务
4705,SH600653,汽车服务
4706,SH600651,光学光电子
4707,SH600650,高速公路
4708,SH600649,房地产
4709,SH600648,房地产
4710,SH600645,生物制品
4711,SH600644,电力行业
4712,SH600643,多元金融
4713,SH600642,电力行业
4714,SH600641,房地产
4715,SH600640,文化传媒
4716,SH600639,房地产
4717,SH600638,房地产
4718,SH600637,文化传媒
4719,SH600636,文教休闲
4720,SH600635,燃气
4721,SH600633,游戏
4722,SH600630,纺织服装
4723,SH600629,工程咨询服务
4724,SH600628,商业百货
4725,SH600626,汽车零部件
4726,SH600624,综合行业
4727,SH600623,化学原料
4728,SH600622,房地产
4729,SH600621,券商信托
4730,SH600620,综合行业
4731,SH600619,家电行业
4732,SH600618,化学原料
4733,SH600617,燃气
4734,SH600616,酿酒行业
4735,SH600615,小金属
4736,SH600613,医药制造
4737,SH600612,珠宝首饰
4738,SH600611,高速公路
4739,SH600610,化学原料
4740,SH600609,汽车行业
4741,SH600608,贸易行业
4742,SH600606,房地产
4743,SH600605,房地产服务
4744,SH600604,房地产服务
4745,SH600603,物流行业
4746,SH600602,软件开发
4747,SH600601,电子元件
4748,SH600600,酿酒行业
4749,SH600599,化学制品
4750,SH600598,农牧饲渔
4751,SH600597,食品饮料
4752,SH600596,农药兽药
4753,SH600595,有色金属
4754,SH600594,中药
4755,SH600593,旅游酒店
4756,SH600592,机械行业
4757,SH600589,互联网服务
4758,SH600588,软件服务
4759,SH600587,医疗器械
4760,SH600586,玻璃陶瓷
4761,SH600585,水泥建材
4762,SH600584,半导体
4763,SH600583,采掘行业
4764,SH600582,专用设备
4765,SH600581,钢铁行业
4766,SH600580,电机
4767,SH600579,专用设备
4768,SH600578,电力行业
4769,SH600577,电网设备
4770,SH600576,旅游酒店
4771,SH600575,交运物流
4772,SH600573,酿酒行业
4773,SH600572,中药
4774,SH600571,互联网服务
4775,SH600570,软件服务
4776,SH600569,钢铁行业
4777,SH600568,综合行业
4778,SH600567,造纸印刷
4779,SH600566,中药
4780,SH600563,电子元件
4781,SH600562,通信设备
4782,SH600561,高速公路
4783,SH600560,专用设备
4784,SH600559,酿酒行业
4785,SH600558,通用设备
4786,SH600557,中药
4787,SH600556,文化传媒
4788,SH600552,光学光电子
4789,SH600551,文化传媒
4790,SH600550,输配电气
4791,SH600549,小金属
4792,SH600548,高速公路
4793,SH600547,贵金属
4794,SH600546,煤炭采选
4795,SH600545,专用设备
4796,SH600543,酿酒行业
4797,SH600540,农牧饲渔
4798,SH600539,环保行业
4799,SH600538,农药兽药
4800,SH600537,光伏设备
4801,SH600536,软件开发
4802,SH600535,中药
4803,SH600533,房地产
4804,SH600531,有色金属
4805,SH600530,生物制品
4806,SH600529,医疗器械
4807,SH600528,交运设备
4808,SH600527,化纤行业
4809,SH600526,环保行业
4810,SH600525,输配电气
4811,SH600523,汽车行业
4812,SH600522,通信设备
4813,SH600521,医药制造
4814,SH600520,专用设备
4815,SH600519,酿酒行业
4816,SH600518,中药
4817,SH600517,多元金融
4818,SH600516,非金属材料
4819,SH600515,航空机场
4820,SH600513,医药制造
4821,SH600512,工程建设
4822,SH600511,医药商业
4823,SH600510,房地产开发
4824,SH600509,电力行业
4825,SH600508,煤炭采选
4826,SH600507,钢铁行业
4827,SH600506,石油行业
4828,SH600505,电力行业
4829,SH600503,房地产
4830,SH600502,工程建设
4831,SH600501,专用设备
4832,SH600500,化工行业
4833,SH600499,专用设备
4834,SH600498,通讯行业
4835,SH600497,有色金属
4836,SH600496,水泥建材
4837,SH600495,交运设备
4838,SH600493,纺织服装
4839,SH600491,工程建设
4840,SH600490,有色金属
4841,SH600489,贵金属
4842,SH600488,医药制造
4843,SH600487,通讯行业
4844,SH600486,农药兽药
4845,SH600483,电力行业
4846,SH600482,船舶制造
4847,SH600481,光伏设备
4848,SH600480,汽车零部件
4849,SH600479,中药
4850,SH600478,电子元件
4851,SH600477,水泥建材
4852,SH600476,软件开发
4853,SH600475,电源设备
4854,SH600470,化肥行业
4855,SH600469,橡胶制品
4856,SH600468,输配电气
4857,SH600467,农牧饲渔
4858,SH600463,房地产
4859,SH600462,通信设备
4860,SH600461,公用事业
4861,SH600460,半导体
4862,SH600459,小金属
4863,SH600458,风电设备
4864,SH600456,小金属
4865,SH600455,文教休闲
4866,SH600452,电力行业
4867,SH600449,水泥建材
4868,SH600448,纺织服装
4869,SH600446,互联网服务
4870,SH600444,专用设备
4871,SH600439,工艺商品
4872,SH600438,光伏设备
4873,SH600436,中药
4874,SH600435,通信设备
4875,SH600433,造纸印刷
4876,SH600429,食品饮料
4877,SH600428,港口水运
4878,SH600426,化学原料
4879,SH600425,水泥建材
4880,SH600423,化学原料
4881,SH600422,中药
4882,SH600421,机械行业
4883,SH600420,医药制造
4884,SH600419,食品饮料
4885,SH600418,汽车整车
4886,SH600416,电机
4887,SH600415,商业百货
4888,SH600410,互联网服务
4889,SH600409,化学原料
4890,SH600408,煤炭采选
4891,SH600406,输配电气
4892,SH600405,电源设备
4893,SH600403,煤炭采选
4894,SH600400,纺织服装
4895,SH600399,钢铁行业
4896,SH600398,纺织服装
4897,SH600397,煤炭采选
4898,SH600396,电力行业
4899,SH600395,煤炭采选
4900,SH600392,小金属
4901,SH600391,航天航空
4902,SH600390,多元金融
4903,SH600389,农药兽药
4904,SH600388,环保行业
4905,SH600387,石油行业
4906,SH600386,汽车服务
4907,SH600383,房地产
4908,SH600382,钢铁行业
4909,SH600381,食品饮料
4910,SH600380,医药制造
4911,SH600379,输配电气
4912,SH600378,化工行业
4913,SH600377,高速公路
4914,SH600376,房地产
4915,SH600375,工程机械
4916,SH600373,文化传媒
4917,SH600372,航天航空
4918,SH600371,农牧饲渔
4919,SH600370,化学制品
4920,SH600369,券商信托
4921,SH600368,高速公路
4922,SH600367,化学原料
4923,SH600366,小金属
4924,SH600365,酿酒行业
4925,SH600363,光学光电子
4926,SH600362,有色金属
4927,SH600361,有色金属
4928,SH600360,半导体
4929,SH600359,农牧饲渔
4930,SH600358,互联网服务
4931,SH600356,造纸印刷
4932,SH600355,通信设备
4933,SH600354,农牧饲渔
4934,SH600353,电子元件
4935,SH600352,化工行业
4936,SH600351,中药
4937,SH600350,高速公路
4938,SH600348,煤炭采选
4939,SH600346,化纤行业
4940,SH600345,通讯行业
4941,SH600343,专用设备
4942,SH600340,房地产
4943,SH600339,采掘行业
4944,SH600338,有色金属
4945,SH600337,木业家具
4946,SH600336,家电行业
4947,SH600335,汽车服务
4948,SH600333,燃气
4949,SH600332,中药
4950,SH600331,有色金属
4951,SH600330,非金属材料
4952,SH600329,中药
4953,SH600328,化学原料
4954,SH600327,医疗服务
4955,SH600326,水泥建材
4956,SH600325,房地产
4957,SH600323,环保行业
4958,SH600322,房地产
4959,SH600320,专用设备
4960,SH600319,化学原料
4961,SH600318,多元金融
4962,SH600316,航天航空
4963,SH600315,美容护理
4964,SH600313,农牧饲渔
4965,SH600312,输配电气
4966,SH600310,电力行业
4967,SH600309,化工行业
4968,SH600308,造纸印刷
4969,SH600307,钢铁行业
4970,SH600305,食品饮料
4971,SH600303,汽车整车
4972,SH600302,专用设备
4973,SH600301,小金属
4974,SH600300,食品饮料
4975,SH600299,化学制品
4976,SH600298,食品饮料
4977,SH600295,钢铁行业
4978,SH600293,玻璃玻纤
4979,SH600292,环保工程
4980,SH600289,通信服务
4981,SH600288,电子元件
4982,SH600287,商业百货
4983,SH600285,中药
4984,SH600284,工程建设
4985,SH600283,公用事业
4986,SH600282,钢铁行业
4987,SH600281,小金属
4988,SH600280,商业百货
4989,SH600279,港口水运
4990,SH600278,国际贸易
4991,SH600276,医药制造
4992,SH600273,化工行业
4993,SH600272,医药商业
4994,SH600271,互联网服务
4995,SH600269,高速公路
4996,SH600268,输配电气
4997,SH600267,医药制造
4998,SH600266,房地产
4999,SH600265,农牧饲渔
5000,SH600262,专用设备
5001,SH600261,家电行业
5002,SH600259,小金属
5003,SH600258,旅游酒店
5004,SH600257,农牧饲渔
5005,SH600256,石油行业
5006,SH600255,有色金属
5007,SH600252,中药
5008,SH600251,农牧饲渔
5009,SH600250,国际贸易
5010,SH600249,美容护理
5011,SH600248,工程建设
5012,SH600246,房地产
5013,SH600243,机械行业
5014,SH600241,电池
5015,SH600239,房地产服务
5016,SH600238,酿酒行业
5017,SH600237,电子元件
5018,SH600236,电力行业
5019,SH600235,造纸印刷
5020,SH600234,房地产
5021,SH600233,交运物流
5022,SH600232,纺织服装
5023,SH600231,钢铁行业
5024,SH600230,化工行业
5025,SH600229,文化传媒
5026,SH600228,电子信息
5027,SH600227,化肥行业
5028,SH600226,农药兽药
5029,SH600223,生物制品
5030,SH600222,中药
5031,SH600221,民航机场
5032,SH600219,有色金属
5033,SH600218,汽车零部件
5034,SH600217,环保工程
5035,SH600216,医药制造
5036,SH600215,通用设备
5037,SH600212,电力行业
5038,SH600211,生物制品
5039,SH600210,包装材料
5040,SH600208,房地产
5041,SH600207,光伏设备
5042,SH600206,小金属
5043,SH600203,消费电子
5044,SH600202,电源设备
5045,SH600201,农药兽药
5046,SH600200,医药制造
5047,SH600199,酿酒行业
5048,SH600198,通信设备
5049,SH600197,酿酒行业
5050,SH600196,医药制造
5051,SH600195,农药兽药
5052,SH600193,装修装饰
5053,SH600192,输配电气
5054,SH600191,食品饮料
5055,SH600190,港口水运
5056,SH600189,食品饮料
5057,SH600188,煤炭采选
5058,SH600187,公用事业
5059,SH600186,食品饮料
5060,SH600185,房地产
5061,SH600184,专用设备
5062,SH600183,电子元件
5063,SH600182,橡胶制品
5064,SH600180,交运物流
5065,SH600179,交运物流
5066,SH600178,汽车行业
5067,SH600177,纺织服装
5068,SH600176,玻璃陶瓷
5069,SH600173,房地产
5070,SH600172,非金属材料
5071,SH600171,半导体
5072,SH600170,工程建设
5073,SH600169,专用设备
5074,SH600168,公用事业
5075,SH600167,公用事业
5076,SH600166,汽车整车
5077,SH600165,化学制品
5078,SH600163,电力行业
5079,SH600162,房地产
5080,SH600161,生物制品
5081,SH600160,化工行业
5082,SH600159,房地产
5083,SH600158,文化传媒
5084,SH600157,电力行业
5085,SH600156,纺织服装
5086,SH600155,券商信托
5087,SH600153,国际贸易
5088,SH600152,电池
5089,SH600151,光伏设备
5090,SH600150,船舶制造
5091,SH600149,电力行业
5092,SH600148,汽车行业
5093,SH600143,塑胶制品
5094,SH600141,化肥行业
5095,SH600138,旅游酒店
5096,SH600137,纺织服装
5097,SH600136,文化传媒
5098,SH600135,塑料制品
5099,SH600133,工程建设
5100,SH600132,酿酒行业
5101,SH600131,电子信息
5102,SH600130,消费电子
5103,SH600129,中药
5104,SH600128,国际贸易
5105,SH600127,农牧饲渔
5106,SH600126,钢铁行业
5107,SH600125,交运物流
5108,SH600123,煤炭采选
5109,SH600121,煤炭采选
5110,SH600120,多元金融
5111,SH600119,交运物流
5112,SH600118,航天航空
5113,SH600117,钢铁行业
5114,SH600116,电力行业
5115,SH600115,民航机场
5116,SH600114,通用设备
5117,SH600113,综合行业
5118,SH600111,小金属
5119,SH600110,电池
5120,SH600109,券商信托
5121,SH600108,农牧饲渔
5122,SH600107,纺织服装
5123,SH600106,高速公路
5124,SH600105,通讯行业
5125,SH600104,汽车整车
5126,SH600103,造纸印刷
5127,SH600101,电力行业
5128,SH600100,计算机设备
5129,SH600099,交运设备
5130,SH600098,电力行业
5131,SH600097,农牧饲渔
5132,SH600096,化肥行业
5133,SH600094,房地产
5134,SH600089,输配电气
5135,SH600088,文化传媒
5136,SH600085,中药
5137,SH600084,酿酒行业
5138,SH600082,房地产
5139,SH600081,汽车行业
5140,SH600080,中药
5141,SH600079,医药制造
5142,SH600078,化肥行业
5143,SH600076,木业家具
5144,SH600075,化学原料
5145,SH600073,食品饮料
5146,SH600072,风电设备
5147,SH600071,光学光电子
5148,SH600070,电子信息
5149,SH600067,电网设备
5150,SH600066,汽车整车
5151,SH600064,房地产
5152,SH600063,化纤行业
5153,SH600062,医药制造
5154,SH600061,券商信托
5155,SH600060,家电行业
5156,SH600059,酿酒行业
5157,SH600058,国际贸易
5158,SH600057,交运物流
5159,SH600056,医药商业
5160,SH600055,医疗器械
5161,SH600054,旅游酒店
5162,SH600053,多元金融
5163,SH600052,公用事业
5164,SH600051,综合行业
5165,SH600050,电信运营
5166,SH600048,房地产
5167,SH600039,工程建设
5168,SH600038,航天航空
5169,SH600037,文化传媒
5170,SH600036,银行
5171,SH600035,高速公路
5172,SH600033,高速公路
5173,SH600032,电力行业
5174,SH600031,工程机械
5175,SH600030,券商信托
5176,SH600029,民航机场
5177,SH600028,石油行业
5178,SH600027,电力行业
5179,SH600026,港口水运
5180,SH600025,电力行业
5181,SH600023,电力行业
5182,SH600022,钢铁行业
5183,SH600021,电力行业
5184,SH600020,高速公路
5185,SH600019,钢铁行业
5186,SH600018,港口水运
5187,SH600017,港口水运
5188,SH600016,银行
5189,SH600015,银行
5190,SH600012,高速公路
5191,SH600011,电力行业
5192,SH600010,钢铁行业
5193,SH600009,民航机场
5194,SH600008,公用事业
5195,SH600007,房地产
5196,SH600006,汽车整车
5197,SH600004,民航机场
5198,SH600000,银行
