data_id,al_text,sell_cnt,unit_price,lanlong,age,total_cnt
5011000012023,东怡花苑,2,104686,"[121.489631,31.206448]",2000-2001年 ,300户
5011000006902,丽园路666号,1,95238,"[121.4863077,31.21287448]",1983年 ,28户
5011000005794,淮海中路497号,1,179021,"[121.4761625,31.22707802]",1935-1936年 ,9户
5011000009319,兴安路141弄,1,149041,"[121.4773502,31.22695242]",1936-1996年 ,19户
5011000013815,卢湾教师公寓,1,94091,"[121.47873,31.207287]",1997年 ,160户
5011000014098,蒙自大楼,1,91550,"[121.484742,31.209792]",2000年 ,133户
5011000016580,南昌花苑,1,252388,"[121.471982,31.223768]",1999-2002年 ,15户
5011000006078,局门路160-162号,2,98544,"[121.486944,31.212603]",1985年 ,60户
5011000006759,牌楼路31弄,1,103660,"[121.4929799,31.21972935]",1990-1992年 ,52户
5011063973751,融创外滩壹号院,13,203958,"[121.505537,31.223592]",2016-2021年 ,1122户
5011000017565,汇金大厦,1,,"[121.4866467,31.24084382]",2010年 ,183户
5011000006950,瞿溪路463弄,1,86273,"[121.4947195,31.20905226]",1972-1973年 ,110户
5011000006558,福建中路195弄,1,165219,"[121.48784917044,31.23954696648]",1975年 ,76户
5020033194568957,县左街6号,1,133635,"[121.501724,31.230113]",1987年 ,49户
5011000014336,钟和公寓,1,195286,"[121.468258,31.221882]",1947-1977年 ,65户
5011000004566,威海路12弄,0,,"[121.4774158,31.23456684]",1930-1996年 ,37户
5011000000104,顺昌路605弄,0,,"[121.486477,31.21681768]",1935-1981年 ,4户
5020031083886176,凤阳路409-411号,0,,"[121.474818,31.239104]",暂无信息 ,1户
5011000002032,宁波路400号,0,,"[121.4862149,31.24403695]",暂无信息 ,100户
5011000001428,重庆南路18号,0,,"[121.4779049,31.22685391]",1936年 ,3户
5011000001590,香山路22号,0,,"[121.4720506,31.22190148]",1990年 ,30户
5011000001297,柳市路86号,0,,"[121.5053496,31.21763304]",1984年 ,18户
5011000002615,大吉路26弄,0,,"[121.4932465,31.22090826]",1986年 ,41户
5011000002425,佳志里,0,,"[121.4948128,31.22493674]",1980年 ,1户
5011000004294,南昌路149弄,0,,"[121.469387,31.223195]",1958年 ,2户
5011000003725,南昌路244弄,0,,"[121.4712321,31.22387584]",1930年 ,5户
5011000004499,陕西南路15号,0,,"[121.463558,31.22795715]",1936年 ,5户
5011000003121,生源里,0,,"[121.488069,31.22423754]",1969-1976年 ,372户
5011000005157,徐家汇路398号,0,97794,"[121.4792133,31.21475384]",1983年 ,24户
5011000007353,南昌路260号,0,123318,"[121.4703951,31.22372306]",1973年 ,36户
5011000000093,五福弄45号,0,,"[121.487852,31.24298844]",暂无信息 ,2户
5011102207752,建国西路180号,0,,"[121.4689509,31.2129614]",1980年 ,4户
509821540057140,中华路319号,0,,"[121.50533,31.225856]",1980年 ,2户
5011000009089,长乐路376弄,0,129325,"[121.4682221,31.22735995]",1936-1940年 ,9户
5011000009097,南昌路185号,0,,"[121.467975,31.22217308]",1981年 ,20户
5011000009972,合肥路642号,0,,"[121.477703,31.219876]",1936年 ,1户
5011000009463,祥茂新村,0,,"[121.4791864,31.22727781]",1930-1985年 ,36户
5011000009714,建国西路120弄,0,,"[121.4715005,31.21387883]",1935年 ,15户
5011000010878,永年路44弄,0,,"[121.4873016,31.21819651]",1975年 ,5户
5011000010079,香山路14-16号,0,,"[121.4723179,31.22196556]",1936-1940年 ,5户
5011000009914,思南路82弄,0,,"[121.4768188,31.21558236]",1970-1980年 ,8户
5011000011876,瑞金二路153号,0,,"[121.4719783,31.21944364]",1930年 ,1户
5011000011694,江阴路83弄,0,,"[121.4754783,31.23562954]",1936-1937年 ,9户
5011000011683,孙顺里,0,,"[121.4711365,31.22367458]",1936-1997年 ,10户
5011000017388,置地广场,0,,"[121.4889519,31.24218951]",1997年 ,177户
5011000014872,方中小区,0,,"[121.499998,31.231319]",1983年 ,95户
5011000016752,新新综合楼,0,,"[121.4725583,31.24618996]",1993年 ,72户
5011000016700,办公楼黄浦区,0,,"[121.490129,31.22577]",1930-2015年 ,827户
5011000014420,瑞金花园商务楼,0,,"[121.4710025,31.21378218]",1998年 ,140户
5011000019145,进贤老公寓,0,,"[121.4666838,31.22816103]",1948年 ,1户
5011000017902,紫勋雍邸,0,150867,"[121.472423,31.228739]",1959-2006年 ,149户
5011000006636,马当路420号,0,136230,"[121.4818697,31.21989271]",1982年 ,20户
5011000006183,瞿溪路129弄,0,,"[121.5010709,31.21235568]",1964年 ,7户
5011000005813,绍兴路33-35号,0,108778,"[121.469144,31.214784]",1979年 ,66户
5011000006272,永嘉路15弄,0,,"[121.4713138,31.21740816]",1930-1935年 ,12户
5011000006689,进贤路191号,0,122665,"[121.4652183,31.22750169]",1981年 ,20户
5011000010724,绍兴路38号,0,,"[121.4714954,31.21603241]",1995年 ,1户
5011000003902,曹市弄42弄,0,,"[121.497002,31.224486]",1984年 ,20户
5012970630066428,新闸路403-405号,0,,"[121.4725280582,31.24476954574]",2006年 ,2户
5020031225445937,南京东路120号,0,,"[121.493563,31.24398]",1934年 ,2户
5020031220203336,药局弄69弄,0,,"[121.503124,31.224004]",暂无信息 ,1户
5020031295709386,西仓桥街93号,0,,"[121.496887,31.226107]",暂无信息 ,1户
5011000006824,延安东路401弄,0,,"[121.4866295,31.23508256]",1985年 ,7户
5015051741760861,巨鹿路393弄,0,,"[121.465386,31.228741]",1939-1996年 ,4户
5020023197323593,南车站路41弄,0,,"[121.490935,31.224224]",1985-1995年 ,4户
5011000008006,温州路100弄,0,,"[121.4763489,31.24393962]",1999年 ,2户
5011000006431,局门路241弄,0,,"[121.487494,31.212102]",1940-1995年 ,14户
5020031981910873,曹市弄57弄,0,,"[121.496135,31.224506]",1959年 ,1户
5011000011893,香山路18弄,0,,"[121.4721883,31.22193792]",1970年 ,12户
5011000005278,肇周路300号,0,,"[121.4875374,31.21996641]",暂无信息 ,2户
5011000005329,合肥路588号,0,,"[121.4786482,31.21981466]",1936年 ,1户
5020022114886825,重庆北路143-175号,0,,"[121.476474,31.232247]",1936-1940年 ,15户
5011000007491,巨鹿路395弄,0,,"[121.4648864,31.22863904]",1936-1985年 ,9户
5010812797498192,厦门路115-139号,0,,"[121.482851,31.245463]",1990年 ,92户
5011000008503,安澜路13弄,0,,"[121.4933192,31.22168855]",1978年 ,40户
5011000003615,皋兰路23号,0,,"[121.4720121,31.22280135]",暂无信息 ,1户
5011000009949,合肥路644号,0,,"[121.4776262,31.21982199]",1936年 ,1户
5011000005077,中华路367号,0,,"[121.5051058,31.22515568]",1983年 ,5户
5020031776245719,浙江中路666,0,,"[121.483146,31.246663]",暂无信息 ,1户
5020030341254934,赵家宅路48号,0,,"[121.496493,31.226944]",暂无信息 ,4户
5020031761565548,永年路92弄,0,,"[121.4865,31.218432]",1999年 ,3户
5020031851884829,大吉路175,0,,"[121.490812,31.219795]",暂无信息 ,1户
5020027122877367,合肥路616号,0,,"[121.47847,31.219841]",1965年 ,2户
5012970459410855,中山南一路300号,0,,"[121.4925896232,31.205728762929]",暂无信息 ,1户
5012970492703662,河南中路541号,0,,"[121.49042410461,31.245387570514]",暂无信息 ,1户
5020034468090221,望云路155弄,0,,"[121.499773,31.225457]",暂无信息 ,1户
5011000004682,中华路969弄,0,,"[121.4982876,31.22064183]",暂无信息 ,2户
5020034377879809,瑞金二路31号,0,,"[121.470811,31.224213]",暂无信息 ,1户
5011000015642,淮海坊,0,,"[121.46743903235,31.222613763191]",1930-2010年 ,151户
5011000004568,西藏南路1135弄,0,,"[121.4934014,31.21637343]",1973年 ,17户
5011000000919,南京东路146弄,0,,"[121.4935262,31.2441139]",暂无信息 ,4户
5011000009517,寿宁路28弄,0,,"[121.4887,31.229923]",1995年 ,9户
5011000004990,大吉路44弄14支弄,0,,"[121.4929715,31.22064661]",1980年 ,182户
5011000007019,梨园坊,0,,"[121.487702,31.218802]",1936-1995年 ,82户
5011000007424,新昌路361弄,0,,"[121.474042,31.24290641]",1942年 ,5户
5020035167756191,进贤路224号,0,,"[121.464381,31.227559]",1936年 ,1户
5020024884218132,复兴中路87弄,0,,"[121.487473,31.223433]",1930年 ,2户
5020035298953331,浙江中路649-651号,0,,"[121.482954,31.246114]",暂无信息 ,1户
5020033824056925,石潭弄206号,0,,"[121.486374,31.244171]",暂无信息 ,1户
5020033862895299,西唐家弄103号,0,,"[121.500265,31.22595]",暂无信息 ,1户
5020033607888538,山东中路140弄,0,,"[121.491715,31.239544]",暂无信息 ,3户
5011102208312,积福里,0,,"[121.4855304,31.24297956]",1930年 ,1户
5020021909207083,新鑫大厦,0,,"[121.471775,31.225314]",2012年 ,1户
5020034047549137,宁波路284弄,0,,"[121.488447,31.244888]",暂无信息 ,3户
5011000018446,大沽路218号,0,,"[121.4764878,31.23203829]",暂无信息 ,2户
5011000003078,雁荡路68号,0,,"[121.4761991,31.22572117]",暂无信息 ,2户
5012970569248903,普育西路112弄1号,0,,"[121.50046704927,31.216262639517]",暂无信息 ,1户
5020032313497659,河南中路30号,0,,"[121.493588,31.237277]",暂无信息 ,3户
5020023550882851,光启路131号,0,,"[121.501108,31.229285]",暂无信息 ,3户
5011000001911,进贤路138弄,0,,"[121.4661985,31.22783495]",暂无信息 ,2户
5011000006322,合肥路366弄,0,,"[121.48316060538,31.221044834454]",1936-1965年 ,7户
5012970675942145,宁波路443号,0,,"[121.48559058631,31.243298512975]",暂无信息 ,1户
5012970630066433,新闸路427号,0,,"[121.47187508082,31.24448166808]",暂无信息 ,1户
5011102208229,宁波路349号,0,,"[121.4872121,31.24411053]",暂无信息 ,6户
5020032283057920,康家弄84号,0,,"[121.502615,31.230485]",暂无信息 ,1户
5011000011874,巨鹿路425弄,0,,"[121.4638633,31.2282617]",2010年 ,2户
5012970492703657,河南中路42号,0,,"[121.49338337134,31.237570038277]",1932年 ,1户
5012970492703304,丽园路883号,0,,"[121.4819049996,31.212525864109]",暂无信息 ,3户
5020034779590651,静修路35弄,0,,"[121.494538,31.226244]",暂无信息 ,1户
5020035042779699,肇周路90-94号,0,,"[121.488885,31.22269]",暂无信息 ,1户
5011000006808,梦花街78弄,0,,"[121.4948728,31.22473903]",暂无信息 ,8户
5011000007218,先棉祠街59号,0,,"[121.4976006,31.22301798]",暂无信息 ,4户
5020035105689468,成都南路91、93、95号,0,,"[121.474299,31.227698]",暂无信息 ,3户
5016389506369998,药局弄85号,0,,"[121.503083,31.223769]",1992年 ,40户
5012970569249130,乔家路50号,0,,"[121.50394754475,31.222252705769]",暂无信息 ,1户
5020036063668639,学院路59号,0,,"[121.502773,31.229085]",暂无信息 ,8户
5011000011300,南昌路205弄,0,,"[121.4673057,31.22165968]",暂无信息 ,8户
5011000000982,中华新村(黄浦),1,151875,"[121.504208,31.227517]",1948年 ,5户
5012970492703291,丽园路567号,0,,"[121.487548268,31.213203414603]",1997年 ,2户
5015619982921177,淡水路219号,0,,"[121.479685,31.223261]",暂无信息 ,3户
5020027700925355,紫霞路103-107号,0,,"[121.509249,31.224068]",2012年 ,1户
5011000007398,人民路948弄,0,,"[121.489511,31.229382]",1983年 ,3户
5011000006581,中华路1316弄,0,,"[121.491938,31.222192]",1978年 ,30户
5011000000368,学宫街43弄,0,,"[121.4951392,31.22402407]",1985年 ,6户
5020034042307714,懋德里,0,,"[121.475193,31.238044]",1936年 ,10户
5020034188062213,绍兴路32号,0,,"[121.471692,31.216185]",暂无信息 ,1户
5011000001924,瑞金二路65号,0,,"[121.4709976,31.22334709]",1935-1946年 ,3户
5011000004854,俞家弄141号,0,,"[121.5025086,31.22277865]",暂无信息 ,2户
509821540057228,汉口路425号,0,118271,"[121.48891514943,31.240705252461]",1984年 ,36户
5011000007362,庄家街34号,0,,"[121.4949534,31.22627057]",暂无信息 ,2户
5011000000247,乔家路104号,0,,"[121.5032518,31.22276885]",1981年 ,20户
5020033831398942,广西南路6-10号,0,,"[121.486917,31.234844]",暂无信息 ,1户
5020034552047497,局门路227号,0,,"[121.487461,31.212217]",1986年 ,1户
5011000011633,思南路97号,0,,"[121.4763056,31.21711045]",1936-1989年 ,145户
5011000004698,建国西路46号,0,114171,"[121.472597,31.214475]",1981年 ,20户
5011000004530,复兴东路404弄,0,,"[121.5032216,31.22706057]",1949-1985年 ,161户
5012970538840465,山东中路89号,0,,"[121.49135461303,31.238560207558]",暂无信息 ,1户
5020038303944097,艾家弄24号,0,,"[121.500132,31.226765]",暂无信息 ,1户
5020039037952748,三和里,0,,"[121.491952,31.24713]",暂无信息 ,1户
5011000010969,瞿溪路566弄,0,,"[121.49303,31.20829918]",1987-2006年 ,47户
5020038987803832,进贤路226号,0,,"[121.464464,31.227576]",1952年 ,1户
5020039042325462,高家弄37弄,0,,"[121.495928,31.225861]",暂无信息 ,1户
5020024152010885,大吉路310弄,0,,"[121.488541,31.21863]",1955年 ,3户
5020021557898033,重庆南路2号,0,,"[121.477704,31.227437]",1970年 ,9户
5011000014327,中港汇黄浦 ,0,,"[121.477556,31.211004]",2008年 ,239户
5011000005522,建国中路65弄,0,,"[121.4761526,31.21570504]",1996年 ,3户
5011000006365,文庙路60弄,0,,"[121.4970512,31.22442212]",暂无信息 ,2户
5011000008935,肇嘉浜路18弄,0,,"[121.473122,31.211458]",1978-1994年 ,33户
5011000008925,淮海巷,0,,"[121.4744815,31.2274539]",1986-1994年 ,13户
509821540058052,梦花街194号,0,,"[121.49322773991,31.223967346444]",暂无信息 ,2户
509821540319283,复兴中路490号,0,,"[121.47882534331,31.221519706964]",1970-1994年 ,2户
5011102207854,复兴中路586号,0,,"[121.471198,31.220963]",暂无信息 ,2户
5011000009505,复兴中路616弄,0,,"[121.470222,31.220954]",暂无信息 ,7户
5011000009131,淮海中路637弄,0,,"[121.4728659,31.22575498]",1930年 ,26户
5011000009310,南昌路46弄,0,,"[121.4771013,31.22546193]",1930年 ,6户
5011000009881,正元里,0,,"[121.4740917,31.22773629]",1965年 ,7户
5011000009956,绍兴路44号,0,,"[121.4712974,31.21593705]",暂无信息 ,3户
5011000010088,人安里,0,172414,"[121.477799,31.241625]",1995-2009年 ,27户
5011000007564,中山南一路256弄,0,,"[121.4928534,31.20568438]",1975年 ,79户
5011000006927,南昌路310弄,0,,"[121.4686193,31.22281833]",1948年 ,10户
5011000004866,南昌路58号,1,228735,"[121.4767003,31.22545359]",1936年 ,1户
5012970523374370,延安中路527号,0,105030,"[121.46679478587,31.229742338797]",1977年 ,64户
5011000004706,西仓桥街159号,0,,"[121.4956085,31.22601036]",1950年 ,2户
509977363956354,天津路44弄,0,,"[121.49181025873,31.244697565969]",暂无信息 ,16户
5011102208149,山西南路54号,0,,"[121.4899621,31.24079567]",暂无信息 ,1户
5011000005357,天津路195弄,0,,"[121.489625,31.243636]",1936-1954年 ,137户
5020036796775226,贵州路82号,0,,"[121.481984,31.242519]",暂无信息 ,2户
5011000002058,淮海中路650弄,0,,"[121.472916,31.226195]",1969年 ,7户
5011000002423,复兴中路476号,0,,"[121.4794323,31.22159027]",暂无信息 ,2户
5011000004674,斜土支路5号,0,,"[121.4907041,31.21176759]",1974年 ,25户
5011000004469,重庆南路157弄,0,,"[121.4781171,31.22348737]",暂无信息 ,6户
5011000004733,新永安路4号,0,,"[121.5000796,31.23648443]",暂无信息 ,91户
5012970475926016,南昌路62号,0,,"[121.47654665754,31.225493536944]",1950年 ,3户
5012970660737816,瑞金一路130号,0,,"[121.4701058232,31.225653590572]",暂无信息 ,1户
5011000010886,怀德里,0,,"[121.4782856,31.24055817]",1934-1945年 ,5户
5011000010929,金陵东路77号,0,,"[121.4970204,31.23687926]",暂无信息 ,4户
5011000010907,瑞金二路75号,0,,"[121.4710457,31.22309711]",1947年 ,3户
5011000011292,南昌路228号,0,,"[121.4715194,31.22396563]",1982年 ,6户
5011000011622,南昌路232弄,0,,"[121.4714812,31.22394031]",1930-1937年 ,4户
5011000011680,建国西路168号,0,,"[121.4691809,31.21300334]",暂无信息 ,3户
5011000011449,合肥路636号,0,,"[121.4778945,31.21985488]",1995年 ,4户
5011000011507,兴安路163弄,0,,"[121.4768699,31.22686256]",1937年 ,9户
5011000010497,南昌路156号,0,,"[121.4738842,31.22471077]",暂无信息 ,9户
5020037458539161,建国东路146号,0,,"[121.484856,31.218894]",暂无信息 ,1户
5017273169415139,庄家街100弄,0,,"[121.495387,31.225281]",暂无信息 ,2户
5018110018235543,淮海中路822号,0,,"[121.468892,31.224544]",暂无信息 ,2户
5014012568079405,香山路32号,0,,"[121.47155,31.221988]",暂无信息 ,1户
5020038036265714,新闸路38号,0,,"[121.478884,31.244113]",暂无信息 ,1户
5011000008177,茂名南路136号,0,120265,"[121.4684857,31.22118241]",1984年 ,30户
5016389545929937,陕西南路548号,0,,"[121.468555,31.214497]",1983年 ,57户
50000000008602,南昌路250号,0,,"[121.47110049174,31.223934462361]",暂无信息 ,2户
50000000001559,国泰公寓,0,,"[121.46841242546,31.22438740445]",暂无信息 ,8户
5020072243745488,广东路154号,0,,"[121.494672,31.239255]",1930年 ,2户
50000000058095,黄家路九十九弄,0,,"[121.50374331112,31.222118379302]",1997年 ,1户
5020024300959943,建国中路145号,0,,"[121.474784,31.21509]",1939年 ,2户
5020022563760919,车站支路9弄,0,,"[121.498813,31.214166]",1970-2016年 ,280户
5012970691146532,重庆南路14号,0,,"[121.47782400037,31.226959865994]",暂无信息 ,1户
50000000036497,瑞金新村,1,182263,"[121.47284003184,31.21402302824]",1937年 ,1户
50000000004761,长乐路213号,0,,"[121.46871960224,31.227234187671]",暂无信息 ,1户
5011000009904,进贤路212弄,0,,"[121.4646681,31.2275443]",暂无信息 ,2户
5011000006765,巨鹿路391弄,0,,"[121.4652961,31.22875762]",1930-1992年 ,7户
5020063931564529,渔阳里北区,1,299333,"[121.476512,31.227805]",1930-2001年 ,56户
5011000004911,普育东路112弄,0,,"[121.5029122,31.21525253]",1991年 ,19户
5011000012580,龙悦大厦,0,,"[121.4907482,31.21304997]",暂无信息 ,27户
50000000001469,瑞金二路67号,0,,"[121.47096546002,31.223285811944]",暂无信息 ,2户
5011000009137,文元坊(黄浦),0,,"[121.4876595,31.22880556]",暂无信息 ,5户
5011000017020,六合路158号,0,,"[121.4812589,31.24294439]",1998年 ,380户
50000000059955,淮海中路,0,,"[121.47585912692,31.227190951701]",暂无信息 ,3户
5020075517498223,黄浦新苑东区,4,125426,"[121.492453,31.216148]",2007-2008年 ,272户
5012334367519460,牌楼路33号,0,,"[121.493083,31.21958]",1990年 ,14户
50000000001080,牯岭路143号,0,,"[121.47729726547,31.241853964559]",暂无信息 ,2户
509821540057479,巨鹿路312号,0,,"[121.46621609746,31.22909682001]",暂无信息 ,3户
50000000000771,日月光伯爵天地,0,,"[121.48469185829,31.224685537721]",2000-2014年 ,1824户
50000000001032,贵州路125号,0,,"[121.48264675193,31.242168304425]",暂无信息 ,1户
50000000001804,方浜西路63弄,0,,"[121.48904704491,31.226510950322]",暂无信息 ,1户
5011000008897,南昌路103号,0,,"[121.471044,31.22366725]",1936年 ,3户
5011000006986,中山南一路270-290号,1,112158,"[121.4929679,31.20586699]",1975-1979年 ,59户
5020037552876579,复兴中路488号,0,,"[121.478723,31.22165]",暂无信息 ,1户
50000000005495,大吉路314号,0,,"[121.48855321144,31.218836141831]",暂无信息 ,1户
5011000003054,宁安路107弄,0,,"[121.4930108,31.22124803]",暂无信息 ,4户
5011000011319,重庆南路298弄,1,138746,"[121.4771084,31.22126795]",1949-1990年 ,221户
50000000005705,江阴路157号,0,,"[121.47422417789,31.235303451401]",暂无信息 ,1户
5020027042137762,中山东一路32号,0,,"[121.495745,31.24662]",暂无信息 ,40户
50000000002889,复兴中路494号,0,,"[121.47875598843,31.221494144132]",暂无信息 ,1户
50000000005452,瑞金二路143号后门,0,,"[121.47289799029,31.219496443254]",暂无信息 ,1户
5012970675942043,南塘浜路125弄1号,0,,"[121.47887636617,31.20971675456]",暂无信息 ,12户
50000000014497,福州路614弄,0,,"[121.48563300148,31.238698267305]",1980年 ,47户
5011000005471,永嘉路1弄,0,,"[121.471851,31.216972]",1936-1987年 ,6户
50000000001195,宁海东路255号,0,,"[121.48733432721,31.233904240792]",暂无信息 ,1户
50000000001199,九江路202号,0,,"[121.49303914958,31.242817124746]",暂无信息 ,2户
5020025746336364,重庆北路346-360号,0,,"[121.475077,31.235169]",1936年 ,4户
50000000001005,福州路384弄,0,,"[121.4898426831,31.240016251555]",暂无信息 ,1户
5020044590394216,明日星城(二期、三期),10,125124,"[121.500733,31.220268]",2005-2011年 ,690户
50000000001249,瑞金二路33号,0,,"[121.47078410167,31.224090243596]",暂无信息 ,2户
5011000009531,巨鹿路310弄,0,,"[121.4664234,31.22900013]",暂无信息 ,1户
5011000008068,白尔登公寓,0,,"[121.467621,31.218774]",1935年 ,109户
5011000005199,皋兰路27号,0,,"[121.4716442,31.2226901]",1936年 ,1户
5011102207829,香山路10号,0,,"[121.4725963,31.22202539]",暂无信息 ,2户
5020040455960692,五坊园,8,165708,"[121.498852,31.219096]",2019-2021年 ,330户
50000000023376,新昌路356号,0,,"[121.47423309193,31.242651972013]",暂无信息 ,1户
5011102207941,南昌路89号,0,,"[121.4713314,31.22375603]",暂无信息 ,2户
5011000007536,长乐路61号,0,,"[121.4753017,31.22812143]",暂无信息 ,2户
5011000011487,进贤路202弄,0,,"[121.4649251,31.22759131]",1935-1982年 ,22户
5020059313292028,复兴珑御二期,2,221755,"[121.49119390605,31.2243796878]",2019-2021年 ,407户
5012970475926000,南昌路216号,0,,"[121.47198599999,31.224102865634]",1936年 ,1户
50000000021751,西姚家弄21弄,0,,"[121.50310001912,31.228232256113]",暂无信息 ,1户
5011000009502,巨籁村,0,,"[121.4648001,31.22857234]",暂无信息 ,1户
5020048006196703,翠湖天地五期,4,299210,"[121.48652822879,31.224619202389]",2020-2022年 ,322户
5011000009883,建国西路136号,0,,"[121.4709335,31.21362411]",暂无信息 ,1户
5011000008770,瑞金二路254号,0,,"[121.4731431,31.21410804]",暂无信息 ,2户
50000000006875,淮海中路613弄,0,,"[121.47388381707,31.225762106136]",暂无信息 ,2户
5020039033939022,延安中路507弄,0,,"[121.468032,31.229855]",暂无信息 ,2户
5011000010297,成都北路140弄,0,,"[121.4744298,31.23245429]",1936年 ,25户
50000000006224,西民立路30号,0,,"[121.49173042043,31.21638797716]",2001年 ,3户
50000000001315,巨鹿路244弄,0,,"[121.46916312105,31.229324931828]",暂无信息 ,6户
5011000002889,大吉路24号,0,,"[121.4933268,31.22095728]",暂无信息 ,3户
509977363955856,丽园路642号,0,,"[121.48681496505,31.212935176618]",1985年 ,30户
5011000009939,巨鹿路500号,0,,"[121.46377618112,31.228781195809]",1996年 ,5户
5011000002167,采寿里,0,144832,"[121.46590274604,31.228872077331]",1937-1987年 ,27户
5011000011925,济南路9号,12,,"[121.48423,31.22761]",1999-2008年 ,237户
50000000006605,厦门路114号,0,,"[121.4827982147,31.245638772756]",暂无信息 ,1户
5011000001321,建国西路138号,0,,"[121.4709095,31.21362156]",1937年 ,2户
50000000010498,南昌路282号,0,,"[121.46934399241,31.223336923615]",1936年 ,3户
50000000004777,泰康路10弄,0,,"[121.47825989224,31.214490936149]",1983年 ,50户
50000000008400,瑞金二路47号,0,,"[121.47093950086,31.223547329284]",暂无信息 ,1户
50000000008387,丽园路25号,0,,"[121.49644034064,31.216776540218]",暂无信息 ,1户
5011000010489,中和村,0,,"[121.4712581,31.22766295]",1936-1995年 ,7户
5011000005004,瑞金二路132弄,0,,"[121.4724005,31.21698198]",2005年 ,11户
5011000004728,建国西路25弄,0,,"[121.4726312,31.21421801]",暂无信息 ,9户
50000000008592,建国中路51号,0,,"[121.47634764296,31.215718495376]",1940年 ,1户
5011000002558,勤乐邨,0,,"[121.4740203,31.21354381]",1980-1983年 ,8户
50000000011709,文庙路31弄,0,,"[121.49707163211,31.224944153443]",暂无信息 ,1户
50000000008870,梦花街7号,0,,"[121.49451017803,31.223666073894]",暂无信息 ,1户
5011000007537,南昌路274号,0,125057,"[121.4697961,31.22355878]",1977年 ,15户
5011000006212,定兴路24号,0,,"[121.4777124,31.24125]",暂无信息 ,1户
50000000011549,巨鹿路368号,0,,"[121.46394771773,31.228456585538]",暂无信息 ,1户
5020044566424022,中海建国里,28,215570,"[121.488899,31.222528]",2020-2022年 ,990户
50000000083966,贵州路77弄10-18号,0,,"[121.48263395518,31.241173744034]",暂无信息 ,7户
5011000004899,复兴中路588弄,0,,"[121.4718786,31.22107866]",暂无信息 ,3户
50000000003547,江西中路421号,0,,"[121.4919026459,31.246799806807]",暂无信息 ,1户
5013891970304627,南昌路66号,0,,"[121.475998,31.225443]",暂无信息 ,2户
5012970475925995,南昌路192号,0,,"[121.4726269293,31.224257255476]",暂无信息 ,4户
5020028175078541,长乐路81乙号,0,,"[121.474745,31.227885]",暂无信息 ,4户
5020047633890667,瑞金一路118弄,2,129351,"[121.46969905701,31.225858023487]",1930-1996年 ,34户
5012035779472575,绍兴路86号,0,,"[121.469571,31.215144]",暂无信息 ,2户
50000000015763,露香苑,10,234141,"[121.49132971032,31.229559461153]",2015-2022年 ,80户
50000000001639,牯岭路141号,0,,"[121.47749529131,31.241650225068]",暂无信息 ,1户
5012970538840584,陕西南路203号,0,,"[121.46751975525,31.218987536974]",暂无信息 ,2户
5011000010491,绍兴路36弄,0,,"[121.4715075,31.21605719]",1940-1998年 ,20户
5011000009481,北京东路360弄,0,,"[121.4896798,31.2462302]",1984年 ,4户
5011000009932,桃源坊(黄浦),0,,"[121.4743433,31.22629839]",1970年 ,40户
50000000000768,瑞金二路71号,0,,"[121.47103169384,31.223163584703]",1936年 ,1户
50000000001286,文庙路284号,0,,"[121.49531435983,31.223531265827]",暂无信息 ,1户
5011000004096,建国西路144号,0,,"[121.4705949,31.21351617]",1992年 ,2户
50000000001430,兴安路153号,0,,"[121.47714733445,31.226994474909]",暂无信息 ,2户
50000000001696,牛庄路692号,0,,"[121.48380554933,31.243587483614]",暂无信息 ,2户
50000000000974,广东路123号,0,,"[121.4954692278,31.239503551156]",暂无信息 ,5户
50000000001595,建国中路155弄,0,,"[121.47431768761,31.214556650077]",1932年 ,8户
5020035926285976,新昌路547,0,,"[121.472779,31.245816]",暂无信息 ,1户
5011000007817,肇周路224弄,0,,"[121.4872346,31.22115021]",1936-1984年 ,17户
50000000000651,巨鹿路258号,0,,"[121.46856133516,31.229115441308]",暂无信息 ,1户
509821540057597,合肥路77弄,0,,"[121.48576750848,31.221374471392]",1980年 ,1户
50000000002708,江阴街430号,0,,"[121.49447534528,31.218362465132]",暂无信息 ,3户
5020059313292027,复兴珑御一期,22,209220,"[121.491404,31.223154]",2003-2020年 ,498户
50000000058693,绍兴路52弄,0,,"[121.47078285562,31.215765538544]",暂无信息 ,1户
5011000006146,懋益里,0,,"[121.473433,31.243285]",1935-1995年 ,47户
50000000050084,茂名南路124号甲,0,109658,"[121.46832943327,31.221834392546]",1977年 ,20户
5020044774943886,太阳都市花园一期,14,107604,"[121.495271,31.228536]",1999年 ,748户
5011000005237,天柱山路小区,5,105288,"[121.500019,31.216444]",1981-1994年 ,336户
5011000005061,丽都大厦,8,,"[121.492313,31.20499514]",2001年 ,280户
5011000005153,建国东路187号,0,,"[121.4842777,31.21851236]",1981年 ,18户
5011000005220,静修路36弄,0,,"[121.4946206,31.22579798]",暂无信息 ,4户
5011000005251,黄浦逸城,7,135917,"[121.494015,31.217218]",2014年 ,240户
5011000005316,和顺街26弄,0,,"[121.5035414,31.22604047]",1989-1990年 ,139户
5011000005371,黄浦滩名苑,6,203610,"[121.49989,31.207029]",2014-2015年 ,219户
5011000005340,马当路418弄,0,109890,"[121.481868,31.21998]",1982年 ,23户
5011000005283,乔家路133弄,0,,"[121.5030254,31.2232238]",暂无信息 ,7户
5011000005410,陆家浜路413弄,2,102486,"[121.5067551,31.21788043]",1978年 ,144户
5011000006336,沙家街小区,0,106973,"[121.493758,31.218675]",1981年 ,76户
5011000006387,车站东路191-195号,0,,"[121.4996959,31.21405703]",1985-1995年 ,35户
5011000006433,斜土路734弄,2,93982,"[121.4787069,31.20807458]",1987年 ,91户
5011000006388,露香园,9,208106,"[121.491249,31.232492]",1979-2016年 ,360户
5011000006352,中山南一路206号,0,122562,"[121.4945242,31.20636071]",1976年 ,30户
5011000006288,茂名南路159弄,0,,"[121.468413,31.22216482]",1936-1996年 ,21户
5011000006434,瑞金二路48弄,0,,"[121.4709448,31.22242584]",1930-1996年 ,75户
5011000006518,打浦路210弄,2,110976,"[121.4774911,31.20729741]",1987年 ,218户
5011000006347,鲁中小区 ,5,86944,"[121.485248,31.20574638]",1983-1986年 ,328户
5011000006502,淡水路229弄,0,,"[121.4799512,31.22221963]",1930-1955年 ,10户
5011000006426,新昌路300弄,0,,"[121.474817,31.242166]",1930年 ,6户
5011000006494,巨鹿路268号,0,,"[121.4681495,31.22934439]",1948年 ,4户
5011000006553,黄河路107弄,0,,"[121.4770282,31.24077599]",1935-1981年 ,26户
5011000006582,江阴路130弄,0,,"[121.4746794,31.23559172]",1936-1980年 ,33户
5011000006452,瑞金一路126弄,0,,"[121.4700496018,31.225726743297]",1940-2011年 ,31户
5011000006637,长乐路47号,0,,"[121.4757349,31.22820627]",暂无信息 ,5户
5011000009910,道达里,0,,"[121.4742204,31.2414442]",1995年 ,7户
5011000009462,梅兰坊,0,,"[121.4831379,31.22161035]",1930-2003年 ,92户
5011000009379,绍兴路52号,0,,"[121.4707629,31.2157146]",1935年 ,21户
5011000009514,慎餘里,0,,"[121.4887919,31.22833589]",1995年 ,9户
5011000009529,淡水路266弄,0,,"[121.4797302,31.22230378]",1985年 ,42户
5011000009293,承兴里,0,,"[121.475068,31.242941]",1940-1998年 ,153户
5011000009499,瑞金二路70弄,0,,"[121.4712205,31.22159367]",1930-1989年 ,28户
5011000009526,兴安路139号,0,,"[121.4773925,31.22688163]",1980年 ,2户
5011000009431,恒安坊,0,,"[121.48909536055,31.226785256495]",1960-1996年 ,67户
5011000010114,南昌路168弄,0,,"[121.4735646,31.22461373]",1930-1990年 ,17户
5011000010227,绿城黄浦湾,10,221217,"[121.510829,31.223559]",2000-2020年 ,750户
5011000010122,复兴中路565弄,0,,"[121.4726952,31.22108541]",1930-1940年 ,165户
5011000009711,重庆南路26弄,0,,"[121.4780434,31.22627824]",1950-1984年 ,37户
5011000011201,大吉小区,0,113647,"[121.4907855,31.21989742]",1958-1990年 ,54户
5011000011156,南塘公寓,3,91384,"[121.479639,31.209802]",1997年 ,59户
5011000011426,进贤路219号,0,,"[121.4645486,31.22732513]",1979-1998年 ,72户
5011000011088,绍兴路7号,0,,"[121.4712992,31.21571493]",1980年 ,27户
5011000011486,东台路278号,0,,"[121.4886873,31.2236517]",暂无信息 ,1户
5011000011528,金鹿大楼,4,90608,"[121.475481,31.229411]",1992年 ,408户
5011000011443,淡水小区,0,,"[121.479941,31.22062052]",1940-1955年 ,13户
5011000011408,中复大楼,0,,"[121.5062487,31.22625878]",1994年 ,271户
5011000011199,富源公寓,4,93793,"[121.476713,31.212972]",1997年 ,170户
5011000011086,建国中路139号,1,,"[121.4749061,31.21519354]",暂无信息 ,1户
5011000011077,长乐路394号,0,,"[121.4678865,31.2272247]",暂无信息 ,2户
5011000011245,春江大楼,4,92903,"[121.477066,31.200571]",1984年 ,180户
5011000011293,复兴中路626弄,1,150177,"[121.4700997,31.22072984]",1936-1989年 ,29户
5011000011279,南昌路148弄,0,,"[121.4740008,31.22480557]",2000年 ,10户
5011000011356,北京东路375-395号,0,131436,"[121.489271,31.245894]",1984年 ,127户
5011000011213,华兴里,0,,"[121.496552,31.225684]",1949年 ,47户
5011000011318,南昌路166弄,0,,"[121.4736068,31.22463095]",1936-1996年 ,16户
5011000010466,安佳公寓,1,108496,"[121.4862413,31.20964788]",1998年 ,70户
5011000010684,巨鹿路272弄,0,,"[121.4679828,31.22935427]",暂无信息 ,6户
5011000010678,米丘林公寓,0,,"[121.4750107,31.22150195]",1930-1947年 ,44户
5011000010663,房地大厦(黄浦),0,,"[121.4776548,31.24240895]",1999年 ,102户
5011000010682,瑞金二路117弄,0,,"[121.4717591,31.22023349]",1990年 ,7户
5011000011061,复兴小区,0,118277,"[121.5010736,31.22796129]",1980-1987年 ,218户
5011000011070,复兴中路474号,0,,"[121.4794614,31.22159475]",1998年 ,4户
5011000011068,金谷邨,0,,"[121.47175839096,31.216844965478]",1930-1990年 ,106户
5011000011059,平和里,7,125631,"[121.475602,31.241457]",1931-2015年 ,302户
5011000011110,浦行别墅,0,,"[121.4728567,31.24128172]",1930年 ,9户
5011000011428,绍兴路56弄-60号,0,,"[121.47038583118,31.215570671931]",1936-1979年 ,142户
5011000011425,绍兴路17弄,1,136106,"[121.470468,31.21532595]",1978年 ,58户
5011000010865,翠湖天地御苑,19,218535,"[121.483832,31.223985]",2005-2006年 ,720户
5011000010864,翠湖天地嘉苑,12,214723,"[121.481948,31.223282]",2008-2020年 ,574户
5011000010853,中悦大楼,0,,"[121.4876974,31.24007634]",1993年 ,12户
5011000010933,海华大厦,0,,"[121.4759826,31.21118811]",1994年 ,96户
5011000010577,锡荣别墅,0,,"[121.4722107,31.22392888]",1946年 ,5户
5011000010505,淮海中路542弄,0,,"[121.4751506,31.22700522]",1922-1998年 ,28户
5011000010964,驰骋大楼,8,113959,"[121.500082,31.20924]",1993-1996年 ,208户
5011000012767,秀水苑(黄浦),5,89545,"[121.508436,31.217319]",1996-1999年 ,336户
5011000012641,宾龙商务酒店,0,,"[121.4948672,31.24084075]",1989年 ,2户
5011000012649,福佑商厦,0,,"[121.4982932,31.23367745]",1998-2001年 ,165户
5011000012593,丽丽小区,5,97592,"[121.488321,31.212297]",1986-1988年 ,319户
5011000012849,中恒公寓,0,,"[121.504151,31.225003]",1999年 ,60户
5011000012797,浦江公馆,5,165949,"[121.505941,31.227808]",2010年 ,262户
5011000012412,香港名都,1,,"[121.496471,31.227996]",2010年 ,95户
5011000012437,汇丽小区,4,106796,"[121.47707291487,31.213217097519]",1989年 ,123户
5011000012575,顺风公寓,2,116345,"[121.482067,31.212181]",1995-1999年 ,157户
5011000012596,北方花苑,5,104182,"[121.496924,31.211465]",1998年 ,174户
5011000012319,建德小区,6,103225,"[121.474746,31.216283]",1974-1986年 ,274户
5011000012645,建新公寓,0,,"[121.49071491918,31.220841717933]",2006年 ,56户
5011000012598,打浦大楼,2,100178,"[121.473456,31.211372]",1978年 ,230户
5011000012599,华业公寓,1,108634,"[121.479046,31.209489]",1999年 ,110户
5011000012804,中华东波小区,6,93231,"[121.497404,31.220848]",2000年 ,330户
5011000013052,凯德茂名公馆,4,252714,"[121.468063,31.228444]",2000-2018年 ,339户
5011000012680,悦来小区,6,89626,"[121.506254,31.225931]",1993-1994年 ,255户
5011000012771,精文苑,2,138495,"[121.498754,31.206866]",2001年 ,153户
5011000012420,惠国公寓,1,110641,"[121.499429,31.214428]",2003年 ,119户
5011000012392,海潮公寓,8,90691,"[121.503052,31.216127]",1993-2013年 ,310户
5011000012490,五岭小区,8,94789,"[121.480278,31.205154]",1988-1990年 ,559户
5011000013725,西成里,0,,"[121.480549,31.223778]",1930-2014年 ,244户
5011000013373,豫景公寓,4,97043,"[121.498426,31.213186]",2000年 ,318户
5011000013861,园林大厦,0,,"[121.489332,31.215068]",2000年 ,40户
5011000013731,福海小区,0,,"[121.476357,31.243188]",1974-1979年 ,288户
5011000013111,高城苑,2,124463,"[121.48972,31.214026]",2003年 ,144户
5011000013201,长乐村,0,,"[121.46501164793,31.225684871071]",1930-1997年 ,145户
5011000013476,南康公寓,2,126189,"[121.493018,31.20461]",1997年 ,80户
5011000013493,平利公寓,1,101816,"[121.496447,31.221103]",1999年 ,107户
5011000013325,复兴坊,1,171098,"[121.4737046,31.22048155]",1930-1998年 ,175户
5011000013219,西姚小区,0,169121,"[121.5028176,31.22791325]",1981-1985年 ,308户
5011000013265,荣科大厦,3,,"[121.479458,31.20363341]",1993年 ,363户
5011000013353,鼎达公寓,4,97610,"[121.4861643,31.2079367]",1998年 ,168户
5011000013565,威海小区,3,90609,"[121.4763625,31.23434494]",1965年 ,100户
5011000013709,海珀日晖,0,,"[121.480306,31.198466]",2010-2011年 ,86户
5011000013135,瞿二小区,19,94150,"[121.494558,31.212109]",1967-1997年 ,733户
5011000012785,豫欣公寓,5,94148,"[121.492107,31.211994]",2002年 ,349户
5011000013093,瞿溪新村,29,96782,"[121.501572,31.211821]",1954-1990年 ,1788户
5011000012923,三角大楼,1,,"[121.50766715355,31.216774800878]",1995-1998年 ,105户
5011000002366,龙门邨,1,,"[121.4973484,31.22189407]",1930-2003年 ,151户
5011000002427,光启南路80号,0,,"[121.5008526,31.2265462]",1988-1990年 ,70户
5011000002394,山西南路9弄,0,,"[121.4899552,31.24035478]",1981年 ,30户
5011000002415,合肥路562号,0,,"[121.4797457,31.2200191]",2005年 ,2户
5011000002385,学院路1-15号(单),0,,"[121.502802,31.228999]",1974-1995年 ,198户
5011000002433,巨鹿路367号,0,,"[121.4662572,31.22890113]",1949年 ,8户
5011000004202,石潭弄路250号,0,,"[121.4863093,31.24417734]",2000年 ,29户
5011000004187,光启路91号,0,,"[121.500914,31.22991518]",1990年 ,42户
5011000004175,中山南路1814弄,1,138873,"[121.497793,31.208648]",1982年 ,48户
5011000003942,达新大楼,0,74787,"[121.487016,31.211121]",1992年 ,145户
5011000004257,重庆北路209-211号,0,,"[121.4761432,31.2330019]",1991年 ,33户
5011000004246,复兴中路506号,0,,"[121.4783952,31.22151778]",1936年 ,1户
5011000004157,复兴中路563号,0,,"[121.4729785,31.22102707]",1935年 ,3户
5011000003798,巡道街88弄,0,,"[121.5039351,31.22500514]",1983年 ,3户
5011000003877,吉大公寓,2,120046,"[121.4753896,31.21528843]",1999年 ,49户
5011000003874,西姚家弄50-52号(双),0,,"[121.5024804,31.22833241]",1987年 ,18户
5011000004020,丽园路879号,0,,"[121.482204,31.21258193]",1993-2001年 ,56户
5011000004063,香山丽舍(别墅),0,,"[121.4718556,31.22164509]",2003年 ,8户
5011000003808,上海科技京城,0,,"[121.4845713,31.24529775]",1999年 ,796户
5011000004084,"先棉祠街31,37号",0,,"[121.4981169,31.22314768]",1992年 ,42户
5011000003972,蒙自路430弄,1,80904,"[121.4854426,31.20838081]",1982年 ,72户
5011000003842,盛世滨江壹号公馆,10,,"[121.4892485,31.2025722]",2010-2016年 ,144户
5011000004083,文海大楼,4,95543,"[121.47546,31.232943]",1990年 ,112户
5011000004416,江西中路128-130号,0,,"[121.494333,31.23960482]",1936年 ,17户
5011000004471,金开利广场,0,,"[121.4910441,31.22093397]",暂无信息 ,14户
5011000004529,江西中路135弄,0,,"[121.494025,31.23991435]",1930-1983年 ,163户
5011000003566,天灯弄120弄,0,,"[121.5027955,31.22540087]",1980-1985年 ,26户
5011000003597,乔家栅小区,0,,"[121.5004169,31.22290534]",1975-1976年 ,150户
5011000003603,三在里,0,,"[121.4933636,31.22529556]",1932-1939年 ,17户
5011000003596,瞿溪路1032弄,2,99750,"[121.4826286,31.20506522]",1980-1985年 ,204户
5011000003574,中福浦江汇,68,124112,"[121.504622,31.214994]",2014年 ,2312户
5011000003617,聚奎新村,0,,"[121.502088,31.2295]",1949-1970年 ,140户
5011000007648,成都北路274弄,0,,"[121.474012,31.23458629]",1950年 ,5户
5011000007692,泰康路21号,2,115550,"[121.4772022,31.2139897]",1988年 ,42户
5011000007005,保屯路50弄,8,100065,"[121.4966454,31.21192324]",1978-1980年 ,306户
5011000006978,福州路420弄,0,,"[121.4890078,31.23975487]",1990年 ,13户
5011000006954,学院路68-76号(双),0,,"[121.5027319,31.22878448]",1987年 ,72户
5011000007049,南昌路151弄,0,,"[121.4692041,31.2230992]",1968-1998年 ,67户
5011000007084,淮海中路670弄,0,,"[121.4723143,31.2259303]",1935-1983年 ,17户
5011000007113,南塘浜路123弄,0,113022,"[121.479095,31.209647]",1981年 ,36户
5011000007209,协和里,0,,"[121.477229,31.241394]",1980-1998年 ,47户
5011000007129,丽园路660号,1,104641,"[121.4864513,31.21289208]",1983年 ,16户
5011000007193,蓬莱路285弄,0,,"[121.4959909,31.22315108]",1985年 ,54户
5011000007158,新闸路272-280号,0,112714,"[121.47457,31.245261]",1976年 ,186户
5011000007152,吾园街78-90号(双),0,,"[121.4980904,31.22244174]",暂无信息 ,10户
5011000007190,福建中路140弄,0,,"[121.4887216,31.23901726]",1956-1989年 ,49户
5011000007341,永嘉路39弄,2,126548,"[121.469405,31.216199]",1947-1976年 ,121户
5011000006633,美仁里,0,,"[121.4743166,31.22727495]",1940-1996年 ,44户
5011000006726,顺昌路424弄,0,,"[121.4855405,31.22003199]",1970-1998年 ,9户
5011000006984,广西北路200号,0,,"[121.484718,31.23859272]",1974年 ,45户
5011000006952,福瑞小区,0,,"[121.477045,31.243995]",1945-1960年 ,20户
5011000006959,山西南路31弄,1,121232,"[121.4897955,31.24063412]",1981年 ,140户
5011000006831,新闸路478弄,0,,"[121.4712541,31.244667]",1984-1999年 ,20户
5011000006618,延安公寓(黄浦),1,105034,"[121.4816247,31.23306095]",1936-1970年 ,30户
5011000006965,海潮路230弄,0,94234,"[121.5039666,31.21366079]",1980年 ,49户
5011000006875,局门路573弄,0,101902,"[121.4895139,31.2069545]",1986年 ,124户
5011000007007,黄陂北路249弄,0,,"[121.4763746,31.23577759]",1936-1973年 ,193户
5011000006887,长乐路51-59号,0,,"[121.4755067,31.22815555]",1940-1980年 ,7户
5011000006962,厦门路161弄,0,,"[121.4819503,31.24532245]",1975-1995年 ,8户
5011000006968,傅家街39弄,0,,"[121.5002992,31.23028781]",1970年 ,3户
5011000007405,县左街20弄,1,127608,"[121.5014728,31.23002426]",1987-1989年 ,304户
5011000007520,铁道路776弄,4,102554,"[121.481656,31.201891]",1985-1986年 ,240户
5011000007513,丽文小区 ,1,88801,"[121.4862541,31.21252225]",1985-1994年 ,242户
5011000007533,丽园路514弄,4,89774,"[121.4882181,31.21337789]",1994年 ,140户
5011000007455,大沽路250-260号,0,,"[121.476048,31.232089]",1976-1978年 ,141户
5011000007531,蒙自路395弄,12,89074,"[121.4867987,31.20864828]",1985-1987年 ,448户
5011000007614,柳江街19号,0,,"[121.4966925,31.22466495]",1987-1998年 ,48户
5011000000673,普育西路46-54号,0,,"[121.5004801,31.21750282]",1998-2000年 ,50户
5011000000156,永年路149弄,0,,"[121.4850495,31.21766287]",1980年 ,11户
5011000000284,斜土路520-540号,0,93287,"[121.4830133,31.20908538]",1979年 ,125户
5011000000062,汉口路455弄,0,,"[121.4884253,31.24045574]",1936-1985年 ,30户
5011000000067,百溪公寓,5,99729,"[121.487775,31.206441]",1993年 ,284户
5011000000418,梦花街3弄,0,,"[121.4961296,31.22544904]",暂无信息 ,2户
5011000000089,华府天地睿园,10,179351,"[121.496772,31.213796]",2013-2016年 ,196户
5011000005116,陕西南路271弄,5,118800,"[121.469122,31.214095]",1930-2003年 ,760户
5011000005093,南昌路67号,0,,"[121.4723846,31.2239867]",1983年 ,1户
5011000005070,重庆南路288弄,0,,"[121.4770235,31.22094438]",1980年 ,41户
5011000005166,百汇公寓,5,85582,"[121.5039392,31.21654259]",1996年 ,224户
5011000005167,南浦公寓,7,92691,"[121.504155,31.215477]",1995-1996年 ,350户
5011000004743,淮海中路496号,0,,"[121.4760802,31.22734659]",1935年 ,17户
5011000004817,新建小区,0,,"[121.4902165,31.23884212]",1985年 ,24户
5011000004916,五福里,0,,"[121.4813862,31.2438209]",1983年 ,96户
5011000004569,车站支路99弄,1,113647,"[121.499185,31.213904]",1978年 ,84户
5011000004637,瞿溪路907弄,3,92084,"[121.485195,31.20596529]",1984年 ,60户
5011000004606,蓬莱路212弄,0,,"[121.4973354,31.22355036]",暂无信息 ,3户
5011000004614,东江阴街194号,0,,"[121.5037165,31.21965886]",1985年 ,30户
5011000004668,建国新路91号,0,,"[121.488084,31.21972742]",暂无信息 ,60户
5011000004693,东元坊,10,117266,"[121.502167,31.213576]",2013-2014年 ,857户
5011000004705,瞿溪路1053弄,0,86428,"[121.482156,31.205812]",1955-1979年 ,193户
5011000004935,淡水路256弄,0,,"[121.4796701,31.22258503]",1940-1965年 ,6户
5011000004881,绍兴路19号,0,,"[121.4703033,31.21525994]",1936-1986年 ,80户
5011000004887,紫华大楼,0,86385,"[121.476055,31.232881]",1989年 ,147户
5011000003983,南昌路212弄,0,,"[121.4720621,31.22408969]",1930-1996年 ,30户
5011000004125,局门后路95弄,0,,"[121.4873361,31.21395797]",1990年 ,3户
5011000003493,瀛通绿地大厦,0,,"[121.4785117,31.19799148]",2012年 ,292户
5011000003506,蒙自路440弄,2,88671,"[121.485582,31.208329]",1986-1999年 ,351户
5011000003102,梦花街163弄,0,,"[121.4933902,31.22432616]",暂无信息 ,4户
5011000003204,北京里,0,,"[121.4910437,31.24650165]",1936-1993年 ,15户
5011000003277,安基大厦,1,,"[121.491311,31.220115]",2003年 ,150户
5011000003289,浙江中路430号,0,,"[121.484276,31.24251516]",暂无信息 ,96户
5011000003329,马当路336弄,0,,"[121.4812927,31.22250918]",1930年 ,9户
5011000003518,重建小区,2,128152,"[121.47837,31.217888]",1936-1988年 ,200户
5011000003516,曲圆,0,,"[121.4723811,31.21433969]",1936-2009年 ,98户
5011000009311,惠安坊,0,,"[121.4693144,31.21512652]",1930-1936年 ,18户
5011000009464,三德坊,0,,"[121.478994,31.227043]",1928-1990年 ,56户
5011000009399,瑞金二路198弄,1,199557,"[121.472487,31.215034]",1931-1949年 ,61户
5011000009325,淮海中路584弄,1,129452,"[121.4741093,31.22671079]",1930-2000年 ,20户
5011000008621,尚文路267弄,0,,"[121.4958226,31.22052424]",1988-1989年 ,48户
5011000008539,黄陂南路685弄,0,,"[121.4836412,31.22029503]",1930-1990年 ,15户
5011000008541,中山南一路1043弄,0,126483,"[121.4790734,31.20189499]",1984年 ,105户
5011000008612,汉口路407号,0,,"[121.4891972,31.24079892]",1985年 ,36户
5011000008547,斜土路262弄,1,96884,"[121.487265,31.21107538]",1985年 ,155户
5011000008618,四川南路44弄,0,,"[121.4973392,31.23640238]",1990-1991年 ,54户
5011000008818,福州路379弄,0,,"[121.4895198,31.23956522]",1935年 ,34户
5011000008899,庆阳里,0,,"[121.4799274,31.22259422]",1935-1975年 ,4户
5011000008972,香山路6号,0,,"[121.4728717,31.22208229]",2003年 ,1户
5011000008906,鸿福小区,0,,"[121.478558,31.244389]",1938-1988年 ,31户
5011000008923,文元坊（绍兴路）,0,,"[121.4690441,31.21503426]",1930-1996年 ,53户
5011000008922,长乐路43弄,0,,"[121.4762746,31.228304]",1930-1999年 ,26户
5011000008720,马当路328弄,0,,"[121.481291,31.22281695]",1930-2005年 ,67户
5011000006179,蓬莱路340-348号,0,,"[121.495312,31.222512]",暂无信息 ,7户
5011000006268,思南路115弄,4,106088,"[121.477629,31.21469277]",1988-1989年 ,272户
5011000006329,中山南一路204号,1,151375,"[121.4946436,31.20640241]",1976年 ,24户
5011000007167,恒丰大楼(黄浦),0,,"[121.491826,31.247472]",1936年 ,145户
5011000007324,丽园路640号,0,108653,"[121.4868109,31.21293717]",1985年 ,30户
5011000007138,建国西路44号,2,89228,"[121.472892,31.214617]",1981年 ,35户
5011000007175,陆家浜路1018弄,0,,"[121.4959056,31.21764982]",1987-1995年 ,10户
5011000007308,复兴中路480弄,1,132110,"[121.4791,31.22206862]",1940-1977年 ,85户
5011000007332,长乐路434弄,1,132415,"[121.4653787,31.22687005]",1987年 ,85户
5011000007339,合肥路127弄,0,,"[121.484901,31.221265]",1936-1996年 ,159户
5011000007365,云南南路346弄,0,,"[121.4891197,31.23033304]",1985年 ,6户
5011000007396,光启路103弄,1,142014,"[121.500853,31.22968]",1989-1992年 ,130户
5011000007380,原水公寓,3,90538,"[121.4902373,31.20762712]",1995年 ,71户
5011000007382,河南南路790弄,0,129351,"[121.4986654,31.22217215]",1982年 ,113户
5011000007381,牌楼路41弄,0,110287,"[121.4929799,31.21972935]",1990-1992年 ,186户
5011000007422,天柱山路17弄,0,,"[121.5004137,31.2168901]",1984年 ,91户
5011000007429,南车站路30弄,0,,"[121.496241,31.217467]",1985-1989年 ,21户
5011000007370,县左街24弄,0,,"[121.501372,31.230062]",1970-1992年 ,642户
5011000007447,光启路129号,0,,"[121.5007877,31.22932988]",1970年 ,12户
5011000007389,成都北路962弄,0,,"[121.4708127,31.24528501]",1963-1997年 ,9户
5011000007375,蓬莱路303弄,0,,"[121.495722,31.22291175]",1990年 ,252户
5011000001395,中山南一路302号,0,,"[121.4925093,31.2056897]",1975年 ,48户
5011000001446,云中小区,0,,"[121.4825332,31.24226824]",暂无信息 ,5户
5011000008142,合肥路267-271号(单),0,111713,"[121.4816118,31.22034652]",1987-1999年 ,52户
5011000008364,淮海中路611弄,0,,"[121.4736767,31.22620022]",1989年 ,40户
5011000008322,淡水路221号,0,,"[121.4798844,31.22296502]",1975年 ,4户
5011000008386,中华路1349弄,0,,"[121.491248,31.22567614]",1974-1979年 ,55户
5011000008389,北京东路335-355号,0,141866,"[121.489814,31.245979]",1983-1984年 ,115户
5011000008304,制造局路779-781号,0,,"[121.492487,31.205484]",1973-1974年 ,60户
5011000008409,西藏南路1421弄,2,101195,"[121.4949665,31.21042395]",1984-1988年 ,108户
5011000008418,长沙路149弄,0,,"[121.4779257,31.24349873]",1930-1963年 ,16户
5011000008333,黄陂南路783号,0,,"[121.4842705,31.21828345]",1981年 ,66户
5011000008459,陕西南路83弄,0,,"[121.4654649,31.22460241]",1986年 ,23户
5011000008447,斜土路556弄,0,69075,"[121.482479,31.208824]",1975年 ,302户
5011000008385,西凌新邨,54,96266,"[121.492813,31.210359]",1973-1999年 ,5182户
5011000008422,徽宁路4-10号,0,78572,"[121.50223800878,31.216953763603]",1980-1981年 ,107户
5011000008426,肇周路78弄,0,,"[121.489016,31.222879]",1940年 ,5户
5011000008711,瑞金二路200弄,2,108880,"[121.4729032,31.21498114]",1982年 ,48户
5011000008656,建国中路137弄,0,134067,"[121.4749724,31.21522025]",1976-1983年 ,53户
5011000008694,瑞金二路410弄,6,105196,"[121.47330404024,31.212692219167]",1988-1989年 ,416户
5011000008691,巨鹿路374弄,0,95301,"[121.46369,31.228404]",1973年 ,96户
5011000008650,瞿溪路1003弄,4,88191,"[121.4838886,31.20540084]",1985年 ,116户
5011000008748,五里桥路260弄,4,100052,"[121.486585,31.209213]",1988年 ,224户
5011000008766,局后小区,5,102034,"[121.487204,31.215027]",1947-2001年 ,638户
5011000008794,滇池路100-120号,0,,"[121.494162,31.245377]",1936年 ,23户
5011000006627,瞿溪路937弄,5,94824,"[121.483699,31.205797]",1978-1999年 ,650户
5011000006758,永宁街48-66号,0,,"[121.495154,31.221134]",1989年 ,106户
5011000006750,柳江街21,0,,"[121.4967657,31.22446975]",1987-1988年 ,48户
5011000006774,普育东路24-36号,5,102596,"[121.502521,31.216185]",1975-1978年 ,206户
5011000006584,北京东路316弄,0,,"[121.4904987,31.24654132]",1964-2015年 ,7户
5011000006612,正房小区,1,99724,"[121.4885269,31.20974509]",1995年 ,157户
5011000006793,新昌路539弄,0,,"[121.4729225,31.24566506]",1983年 ,5户
5011000006754,南车站路192弄,0,107309,"[121.4976436,31.21500801]",1981年 ,108户
5011000006814,中山南一路246弄,5,136276,"[121.4939223,31.20618759]",1979年 ,41户
5011000006827,黄河路125弄,0,,"[121.4769085,31.24102222]",1930-2011年 ,29户
5011000006497,打浦路470弄,0,,"[121.4793308,31.20304949]",1982-1983年 ,118户
5011000006847,蒙自路380弄,3,84562,"[121.4854079,31.20894153]",1985-1994年 ,143户
5011000006811,江阴路88弄,0,,"[121.475257,31.236006]",1922-1988年 ,48户
5011000006749,县左街46号,0,,"[121.5010673,31.23009034]",1990-1992年 ,36户
5011000007546,丽一小区,3,91082,"[121.487717,31.212884]",1982-1988年 ,264户
5011000007545,斜土路550弄,1,94568,"[121.4825491,31.20895072]",1979年 ,78户
5011000007518,普庆里,0,,"[121.4812099,31.22322048]",1930-2015年 ,115户
5011000007565,"四牌楼路147,149号",0,,"[121.5022072,31.22860361]",1987年 ,48户
5011000007458,中山南一路202号,3,131800,"[121.494764,31.20643908]",1976年 ,30户
5011000007570,中山南路1768弄,0,126956,"[121.4983091,31.2088339]",1990年 ,42户
5011000007627,威海路172-190弄,0,,"[121.4742803,31.23378418]",1936-1989年 ,41户
5011000011691,巨鹿路149号,0,,"[121.4723589,31.22894181]",1988年 ,90户
5011000011699,延安东路272弄,0,,"[121.4937927,31.23714217]",1936-2005年 ,9户
5011000011660,光明村,0,,"[121.469567,31.22350381]",1930-2000年 ,12户
5011000011719,茂名南路133弄,0,,"[121.468015,31.22336492]",1950-1996年 ,88户
5011000011684,南昌路24弄,0,,"[121.4776347,31.2251048]",1949-2005年 ,7户
5011000011728,瞿中小区,8,89221,"[121.479466,31.2046384]",1983年 ,297户
5011000014569,原水小区(卢湾),3,110045,"[121.476329,31.214584]",1995年 ,102户
5011000014270,太阳都市花园二期,8,119548,"[121.494548,31.229635]",1999-2003年 ,253户
5011000014576,同安大楼,0,,"[121.4885839,31.24061745]",1936年 ,60户
5011000014596,雅庐苑,1,107997,"[121.491587,31.217879]",2003-2009年 ,208户
5011000014553,申升公寓,5,95719,"[121.499364,31.221567]",1999年 ,96户
5011000014618,融创滨江壹号院,26,179192,"[121.491205,31.203926]",2001-2019年 ,1373户
5011000014783,明华大厦,5,86303,"[121.489913,31.218307]",2002年 ,225户
5011000014815,开源大厦,0,85504,"[121.47904045646,31.20406937702]",1996年 ,134户
5011000014482,花园公寓(卢湾),2,93302,"[121.479457,31.221409]",1930-2002年 ,232户
5011000014624,中复小区,1,131363,"[121.50524,31.227161]",1981-1989年 ,230户
5011000014656,蒙自新村,8,90701,"[121.4861354,31.20713796]",1986-1989年 ,471户
5011000014613,公馆77,9,162919,"[121.488634,31.219138]",2003-2012年 ,270户
5011000011802,龙华小区,6,84514,"[121.479488,31.201321]",1978-1995年 ,497户
5011000011816,南昌路224弄,1,126728,"[121.4716531,31.22402422]",1930-2001年 ,17户
5011000011822,南昌路272弄,0,,"[121.4699046,31.22354982]",1980-2000年 ,27户
5011000011847,复兴中路408弄,0,,"[121.4809206,31.2222677]",1930-1960年 ,15户
5011000011838,成都南路142弄,1,130413,"[121.474408,31.22712226]",1948年 ,7户
5011000011775,天歌大厦,3,70476,"[121.478793,31.202062]",1998年 ,196户
5011000011831,乐安坊,1,123917,"[121.47380447641,31.225846609911]",1930-1994年 ,146户
5011000011868,建国西路146号,0,,"[121.4705145,31.21349062]",1937年 ,5户
5011000011869,永嘉路21弄,0,,"[121.4708303,31.21727289]",1933-2000年 ,22户
5011000011892,永嘉路19弄,0,,"[121.4708303,31.21727289]",1936-2002年 ,30户
5011000011891,安宁邨,0,,"[121.4687685,31.21468497]",1935-1936年 ,10户
5011000011903,永嘉路25弄,0,,"[121.4702671,31.21702724]",暂无信息 ,2户
5011000013768,科普大楼,0,114359,"[121.4778624,31.21994989]",1988年 ,156户
5011000014013,金汇园,4,107811,"[121.499171,31.216637]",1998-1999年 ,108户
5011000014086,林荫大楼,5,98763,"[121.4930326,31.21791345]",1990年 ,166户
5011000013306,牌楼小区,0,,"[121.49298,31.219729]",1972-1977年 ,446户
5011000013648,协作大厦,0,,"[121.4935559,31.21303391]",1997年 ,78户
5011000013965,海外滩中心,0,,"[121.48016438804,31.199496077153]",2007-2013年 ,880户
5011000014027,海乾公寓,1,89934,"[121.4885229,31.21238732]",1995-1997年 ,56户
5011000007766,淮海中路668弄,0,,"[121.4723143,31.2259303]",暂无信息 ,41户
5011000007815,浙江中路419号,0,,"[121.4841606,31.24234018]",1940年 ,10户
5011000007739,瑞金南路63弄,1,145161,"[121.474778,31.209355]",1985-1994年 ,63户
5011000007784,中山南一路248-254号,0,,"[121.493704,31.206105]",1975-1984年 ,98户
5011000007722,建国中路18弄,2,128467,"[121.476309,31.216032]",1982年 ,60户
5011000007782,汉口路457-465号,0,,"[121.4882455,31.24052452]",1992年 ,10户
5011000007769,大林路43弄,0,,"[121.493357,31.219224]",1991-1992年 ,167户
5011000007808,大林路78-86号,0,111045,"[121.493591,31.218876]",1981-1995年 ,56户
5011000007783,南京东路387号,0,,"[121.4893011,31.24234427]",2002年 ,492户
5011000007772,斜桥新村,7,100375,"[121.4897821,31.21648006]",1993年 ,189户
5011000007851,中华路1141弄,0,,"[121.495262,31.220825]",1989年 ,70户
5011000007814,宁波路74弄,0,106509,"[121.4919352,31.24565078]",1936-1985年 ,78户
5011000008115,南塘浜路93弄,5,100456,"[121.480571,31.210266]",1980-1983年 ,368户
5011000008110,玉兰小区,1,95416,"[121.4780903,31.21163324]",1975-1988年 ,414户
5011000008065,广东路175号,0,,"[121.494644,31.23902035]",暂无信息 ,36户
5011000008078,局三小区,0,107676,"[121.4918731,31.20765553]",1984年 ,223户
5011000008049,淮海中路834号,0,,"[121.468799,31.2245277]",暂无信息 ,2户
5011000008103,淮海中路697弄,0,,"[121.4718729,31.2253574]",1930-1996年 ,51户
5011000008084,绍兴路76弄,0,,"[121.4696882,31.21521392]",1930-1950年 ,18户
5011000008073,宝兴里,0,,"[121.4901805,31.23438669]",1980-1990年 ,13户
5011000008112,合肥路349弄,0,,"[121.4798661,31.21987279]",1935-1988年 ,18户
5011000008161,瑞金一路148弄,0,,"[121.4699126,31.22729843]",暂无信息 ,14户
5011000008199,永平安,0,,"[121.4824046,31.24255846]",2015年 ,7户
5011000009181,香山路15号,0,,"[121.4724907,31.22180335]",暂无信息 ,8户
5011000009256,唐家宅小区,3,100330,"[121.495582,31.207878]",1960-1993年 ,311户
5011000009332,建国西路130弄,0,,"[121.4711698,31.21371784]",1983年 ,10户
5011000009043,华达大楼,0,,"[121.4929463,31.24805239]",1926-1930年 ,70户
5011000009053,和合坊,0,,"[121.4755506,31.22717961]",1930-1990年 ,124户
5011000009112,合肥路592弄,0,,"[121.4785005,31.21983442]",1930-1992年 ,30户
5011000009098,江阴路105弄,0,,"[121.475231,31.235142]",1930-1940年 ,3户
5011000009119,雁荡路55弄,0,,"[121.476569,31.22597917]",1950年 ,13户
5011000009100,福建中路370号,0,,"[121.4865758,31.24247575]",暂无信息 ,1户
5011000009105,大德邨,0,,"[121.468574,31.229472]",1936-1999年 ,41户
5011000009114,肇周路417号,0,,"[121.4885515,31.21760832]",1980年 ,49户
5011000009901,永嘉第一小区,0,150064,"[121.46538539029,31.224290757289]",1930-1937年 ,38户
5011000009922,长乐路386弄,0,,"[121.4680433,31.22723203]",1983年 ,4户
5011000009886,丽园路43弄,0,,"[121.4961014,31.21668164]",1934-1950年 ,25户
5011000009885,皋兰路25弄,0,,"[121.4718,31.22273928]",1939年 ,17户
5011000009900,天成里,0,,"[121.4753228,31.21379328]",1930-1992年 ,40户
5011000009931,重庆南路163弄,0,,"[121.4780104,31.22310483]",1930-1935年 ,6户
5011000012147,宁波小区,2,135746,"[121.4910984,31.24560522]",1983-1986年 ,426户
5011000012215,中福世福汇,12,,"[121.4912341,31.23797238]",2004年 ,937户
5011000012209,南国大厦,2,84490,"[121.500862,31.214569]",1997年 ,114户
5011000012194,市民新村,25,139908,"[121.499179,31.210089]",1958-1997年 ,1614户
5011000012228,康瞿小区,5,87539,"[121.477065,31.201776]",1990-1995年 ,414户
5011000012217,六合大厦,0,,"[121.4814076,31.24314378]",1998年 ,162户
5011000009620,河南中路166弄,0,,"[121.4927923,31.23945129]",1980-2000年 ,7户
5011000013902,万事利大厦,0,,"[121.4886764,31.21753489]",2006年 ,178户
5011000013764,田子坊,0,,"[121.4760811,31.21414101]",1930-2005年 ,180户
5011000014245,唐城公寓,0,95268,"[121.495834,31.2226]",1998-2001年 ,237户
5011000014207,绿叶公寓,0,,"[121.4988058,31.21253715]",1998年 ,27户
5011000014263,景云大楼,0,,"[121.489504,31.246352]",1932年 ,54户
5011000014239,春江小区(卢湾),5,99649,"[121.477588,31.200282]",1984-1987年 ,157户
5011000014352,凌北公寓,0,,"[121.4925178,31.21216354]",1998年 ,54户
5011000014291,惠祥公寓,8,112769,"[121.494018,31.205313]",1998年 ,126户
5011000014354,城申公寓,5,97343,"[121.48861,31.21339]",1996年 ,139户
5011000016929,欣安基公寓,4,125452,"[121.500681,31.205542]",2001年 ,166户
5011000016989,嘉华豪庭,0,112035,"[121.468928,31.216518]",1999年 ,151户
5011000016905,申龙大楼,0,89643,"[121.482861,31.20245245]",1989年 ,150户
5011000016816,港陆广场,0,,"[121.484836,31.235321]",1997-2018年 ,172户
5011000016976,明日星城（一期）,9,111448,"[121.500878,31.219447]",2000-2002年 ,1346户
5011000016892,鑫兴大厦,0,,"[121.472389,31.2290649]",1994年 ,130户
5011000017021,金陵东路8号,0,,"[121.4979956,31.23728374]",暂无信息 ,8户
5011000017056,卢湾都市花园,9,109267,"[121.483515,31.207163]",2004年 ,792户
5011000016358,南浦大厦,0,,"[121.5098892,31.21774612]",1998年 ,124户
5011000016404,人才大厦,0,79792,"[121.483648,31.209156]",1998年 ,102户
5011000016040,沧海苑,2,102372,"[121.49667,31.22211743]",2000年 ,340户
5011000015144,永泰公寓,3,70260,"[121.477867,31.214278]",1994-1995年 ,134户
5011000015160,上海小楼,0,,"[121.492469,31.245959]",1936-1937年 ,17户
5011000015162,弘辉名苑,12,133162,"[121.495704,31.208978]",2005年 ,720户
5011000015022,人民大楼,5,113764,"[121.490389,31.23238077]",1987年 ,192户
5011000015210,桥苑公寓,0,125733,"[121.490894,31.221405]",1998年 ,204户
5011000015134,亚洲大厦,0,,"[121.4840977,31.24046316]",2010年 ,209户
5011000015131,金天地国际大厦,0,,"[121.4893476,31.22923927]",2006年 ,336户
5011000014756,城市一品苑,2,,"[121.463753,31.229317]",1999年 ,96户
5011000015158,德福苑,1,111669,"[121.486765,31.207011]",2002年 ,290户
5011000016151,丽园公寓,6,95642,"[121.493867,31.216497]",1998-1999年 ,205户
5011000016314,帝庭,4,83621,"[121.478611,31.213185]",2004年 ,79户
5011000016263,佳成大厦(公寓),2,109125,"[121.493915,31.230517]",2005-2006年 ,102户
5011000016251,华府天地,2,263402,"[121.480159,31.224551]",2006年 ,122户
5011000016376,重新小区,1,97576,"[121.476358,31.233361]",1935-1936年 ,596户
5011000016367,宝鼎大厦,0,,"[121.4757012,31.21176064]",1998年 ,412户
5011000016011,振兴大楼,0,97448,"[121.475264,31.233417]",1984-1988年 ,208户
5011000016141,中怡公寓,0,,"[121.4877899,31.23979189]",1992年 ,57户
5011000016414,江南新苑,7,102689,"[121.485549,31.204953]",1996-2002年 ,738户
5011000016213,士林华苑,11,125014,"[121.497997,31.226867]",2001-2007年 ,737户
5011000015929,家化中房苑,0,107122,"[121.478611,31.245349]",2002-2003年 ,81户
5011000015888,永业大楼,3,146064,"[121.47648,31.226918]",1933-1996年 ,185户
5011000015918,金钟广场,0,,"[121.4852443,31.23229622]",1938年 ,422户
5011000016041,阳光公寓(黄浦),6,108276,"[121.507064,31.217349]",1998-2001年 ,296户
5011000015996,永新大厦,0,,"[121.4670426,31.22370242]",1989年 ,77户
5011000015876,中汇公寓,5,133850,"[121.486325,31.214874]",2001-2002年 ,331户
5011000015993,兴林公寓,6,98832,"[121.494566,31.219126]",1999-2005年 ,462户
5011000016402,百汇大厦,7,91949,"[121.486817,31.215803]",1994年 ,184户
5011000016862,瑞雪大楼,13,109778,"[121.470632,31.214641]",1991年 ,564户
5011000016766,运泰公寓,2,85553,"[121.488819,31.213753]",1999年 ,342户
5011000016846,东新大厦,3,110459,"[121.488632,31.234148]",2004-2005年 ,174户
5011000016784,泰山公寓,0,,"[121.473019,31.22653042]",1936年 ,17户
5011000016721,港陆黄浦中心,0,,"[121.4814661,31.24256776]",1996年 ,59户
5011000016864,淮海大厦,6,109338,"[121.483476,31.230831]",1992-1993年 ,515户
5011000016895,锦麟天地雅苑,12,171373,"[121.480319,31.226207]",2003-2005年 ,242户
5011000017083,杰仕豪庭,3,99597,"[121.474879,31.234127]",2002年 ,212户
5011000016178,共和园小区,1,96928,"[121.5054216,31.22863886]",1980-1991年 ,249户
5011000016276,连云大楼,9,112598,"[121.479387,31.230192]",1936-1992年 ,120户
5011000016079,新地苑,3,95864,"[121.497718,31.228005]",1999年 ,330户
5011000016284,锦城公寓(黄浦),6,85295,"[121.477018,31.208537]",1996年 ,199户
5011000015448,东淮海国际大厦,0,,"[121.4884823,31.23275213]",2008年 ,200户
5011000015832,申江新苑,6,101426,"[121.508479,31.225781]",2006年 ,120户
5011000015807,陆家浜大楼,0,,"[121.4921237,31.21809421]",1987年 ,120户
5011000015839,海上梦苑,4,128972,"[121.486602,31.205565]",2007年 ,130户
5011000016734,大同花园南区,10,103422,"[121.479789,31.210922]",1999-2007年 ,1238户
5011000015528,郁金香花苑,7,107506,"[121.476343,31.207131]",1999-2000年 ,302户
5011000015479,丽南公寓,1,95197,"[121.49667,31.216591]",1999-2002年 ,95户
5011000010320,顺天村(北区),0,,"[121.4748633,31.23685418]",1930-2000年 ,27户
5011000010318,重庆南路30弄,0,,"[121.478033,31.226177]",1930-1994年 ,47户
5011000010274,同春坊,0,,"[121.4780281,31.24015803]",1926-1986年 ,72户
5011000010397,思南公馆,3,217262,"[121.47626,31.2206]",2010年 ,174户
5011000010312,长乐路169弄,0,,"[121.4685735,31.2271018]",1930-2005年 ,120户
5011000010368,绍兴路54号,0,,"[121.470853,31.215791]",1949年 ,6户
5011000010504,瑞金二路225弄,1,137709,"[121.47341685013,31.214044457079]",1930-2003年 ,72户
5011000016669,致远大厦,0,,"[121.477971,31.207629]",2003年 ,314户
5011000016268,振颖苑,1,102594,"[121.47829,31.214609]",2000年 ,109户
5011000016298,申鑫大厦,0,,"[121.4877453,31.23557773]",1995年 ,175户
5011000016259,上海滩新昌城,13,131840,"[121.472725,31.244763]",2005-2006年 ,636户
5011000016022,同益里,0,,"[121.475257,31.236006]",1930-1953年 ,78户
5011000016331,南泰公寓,1,,"[121.50175,31.209684]",1989-1997年 ,117户
5011000016512,实华公寓,2,131567,"[121.49093,31.220356]",2003年 ,144户
5011000016524,淡水公寓,2,131908,"[121.480681,31.218642]",2000年 ,144户
5011000016363,海通证券大厦,0,,"[121.4849106,31.23727283]",2003年 ,271户
5011000016196,南园小区,18,87612,"[121.480363,31.202975]",1990-1994年 ,1202户
5011000016561,金玉兰广场,0,,"[121.477149,31.210693]",1998年 ,211户
5011000015873,卜邻公寓,5,96618,"[121.4702346,31.22602146]",1936年 ,474户
5011000015884,茂名坊,5,156165,"[121.46939573193,31.221105594692]",1936-2000年 ,376户
5011000015852,越纪公寓,20,108133,"[121.49756,31.207484]",1992-1994年 ,400户
5011000015926,金外滩花园,16,168406,"[121.508003,31.228354]",2006-2015年 ,611户
5011000015942,惠达大厦,1,107851,"[121.490607,31.222082]",2003年 ,84户
5011000015865,海洲国际华园,8,121942,"[121.499479,31.215396]",2006年 ,451户
5011000016024,松柏公寓,3,115832,"[121.4887598,31.24538027]",1992年 ,338户
5011000015869,福州大楼,0,,"[121.494143,31.240634]",1931-1934年 ,293户
5011000016209,衍庆里,0,,"[121.479069,31.24550448]",1930-2015年 ,60户
5011000017661,香港广场,4,92874,"[121.481682,31.228857]",1997年 ,721户
5011000017674,南陆大厦,4,86107,"[121.490937,31.217144]",1994-1995年 ,360户
5011000017862,新中苑,14,97961,"[121.495285,31.209898]",1999年 ,588户
5011000017870,长峰馨园,5,121821,"[121.506207,31.218731]",2006-2008年 ,619户
5011000017857,冠浦花园,6,86432,"[121.491463,31.211848]",1994年 ,190户
5011000017537,港泰广场,0,,"[121.4855241,31.23629037]",1999年 ,278户
5011000017925,马当小区,11,112121,"[121.482302,31.219313]",1992年 ,671户
5011000017583,物资大厦,0,,"[121.488104,31.245284]",1996年 ,280户
5011000017896,复兴苑,4,102425,"[121.480821,31.219466]",1998年 ,384户
5011000017783,东泰花苑,1,113969,"[121.478412,31.206568]",2002年 ,376户
5011000017914,巴黎公寓,3,134090,"[121.47778697944,31.222550658854]",1930-1984年 ,245户
5011000017918,翠湖天地雅苑,6,222560,"[121.485423,31.224298]",2002-2005年 ,367户
5011000017901,上海滩花园,13,171174,"[121.506671,31.22463]",2006-2008年 ,732户
5011000017799,淮海晶华苑,13,146570,"[121.485563,31.229501]",2006年 ,384户
5011000017909,复地雅园公馆,10,153299,"[121.49755464498,31.229268360675]",2003-2021年 ,679户
5011000017903,淡水湾花园,8,175188,"[121.48192,31.216363]",2001-2018年 ,797户
5011000017930,淞园大厦,4,119128,"[121.499908,31.203984]",1997年 ,115户
5011000017474,中信福申大楼,2,97727,"[121.488478,31.237224]",1993年 ,72户
5011000017591,尊德里,0,,"[121.482286,31.246257]",1930-2014年 ,60户
5011000017540,重庆公寓,4,113096,"[121.478519,31.22125]",1936-1940年 ,355户
5011000017534,复兴佳苑,4,111796,"[121.489493,31.212664]",2002年 ,350户
5011000017580,名盛苑,6,123340,"[121.47629,31.204359]",2003年 ,428户
5011000017566,富丽华大厦,1,108169,"[121.469737,31.224488]",1990年 ,216户
5011000017557,恒积大厦,0,,"[121.487755,31.231545]",1999年 ,371户
5011000017611,莱兴公寓,2,83562,"[121.478387,31.207902]",1995-1996年 ,160户
5011000017603,汇龙新城,22,129275,"[121.481756,31.213694]",2002年 ,1186户
5011000017599,老西门新苑,18,139255,"[121.489579,31.221871]",2005-2007年 ,1074户
5011000017494,上海别墅,0,,"[121.47427741521,31.22517560769]",1930-1996年 ,117户
5011000017588,卢湾城市花园,7,125622,"[121.483411,31.199848]",2002年 ,712户
5011000017683,幸运福邸,6,96579,"[121.492954,31.21919]",2000-2001年 ,311户
5011000017682,北方公寓,2,131397,"[121.487542,31.222118]",1985年 ,121户
5011000017694,南花苑,4,97575,"[121.502478,31.221842]",1995-2000年 ,399户
5011000017380,明德坊,3,102519,"[121.48007,31.207849]",1999年 ,306户
5011000017319,鲁班公寓,1,113849,"[121.484784,31.199311]",2001年 ,206户
5011000017350,鲁班大楼,3,76749,"[121.485248,31.202912]",1990年 ,408户
5011000017393,独立时代,20,,"[121.504372,31.216369]",2005年 ,360户
5011000017408,海兴广场,1,,"[121.474018,31.210605]",1996年 ,193户
5011000017401,祥安公寓,5,93647,"[121.487455,31.211675]",1998年 ,412户
5011000017419,上海广场,0,,"[121.4844961,31.231345]",2000年 ,182户
5011000017420,海洲丽园,10,126421,"[121.49576032663,31.21645722481]",2003-2005年 ,561户
5011000017372,蓬莱大厦,1,98307,"[121.496383,31.220574]",2002年 ,130户
5011000017357,六角大楼,2,101146,"[121.493685,31.217959]",1996年 ,195户
5011000017331,瞿溪坊,6,87875,"[121.485877,31.206289]",1995-1997年 ,322户
5011000017376,国际广场(卢湾),12,84694,"[121.489424,31.223685]",1997年 ,336户
5011000017497,中辉新苑,2,105788,"[121.48109,31.201766]",2001年 ,239户
5011000017489,中华坊小区,0,,"[121.493615,31.222632]",1980年 ,83户
5011000017473,黄家小区,1,95931,"[121.503448,31.221546]",1983-1990年 ,297户
5011000017960,裕兴大厦(公寓),2,94555,"[121.476198,31.203035]",1999年 ,132户
5011000017942,华浩苑,3,101714,"[121.491824,31.213343]",2000-2003年 ,348户
5011000018012,海琪园,10,143211,"[121.510218,31.226139]",2001-2003年 ,471户
5011000018004,水景苑,3,115294,"[121.476768,31.244609]",2002年 ,150户
5011000017989,中福大厦,3,,"[121.4845566,31.24064953]",1995-2002年 ,704户
5011000018044,海悦花园,12,127330,"[121.48093,31.207642]",2001-2005年 ,1231户
5011000018033,阳光翠竹苑,11,109445,"[121.504745,31.217768]",2004年 ,757户
5011000018043,海华花园,8,95946,"[121.475439,31.210429]",1994-1996年 ,948户
5011000017991,永业公寓,14,166656,"[121.484826,31.21442]",2000-2008年 ,1530户
5011000018025,耀江花园,55,161664,"[121.499241,31.20454]",2002-2006年 ,1019户
5011000017673,斜土新村,16,93939,"[121.477141,31.205348]",1987-1989年 ,873户
5011000017571,福鑫大楼,5,100989,"[121.50767,31.225465]",2002-2003年 ,264户
5011000017486,瑞安广场,0,,"[121.480571,31.22878601]",1996年 ,307户
5011000017676,东方苑,4,102784,"[121.495184,31.217034]",1998年 ,389户
5011000017701,嘉登公寓,4,99723,"[121.4932388,31.20486957]",1998年 ,170户
5011000017645,惠德公寓,9,107126,"[121.493847,31.221211]",1995-2001年 ,379户
5011000017737,佳日公寓,5,93151,"[121.493926,31.230637]",1999-2002年 ,368户
5011000018048,黄浦众鑫城,15,123780,"[121.490129,31.22577]",2002-2004年 ,611户
5011000018019,黄浦大楼,1,125091,"[121.47658,31.240052]",1996年 ,146户
5011000018118,思南新苑,8,145704,"[121.476932,31.214656]",1930-2003年 ,501户
5011000018124,中福花苑,55,104989,"[121.505573,31.216381]",2003年 ,1501户
5011000018111,金瓯万国大厦,2,97283,"[121.475322,31.24052]",1999年 ,266户
5011000018136,威海苑,6,94846,"[121.475369,31.234487]",1999年 ,254户
5011000018133,白玉兰家园,8,135736,"[121.498273,31.205536]",2001年 ,410户
5011000018145,香山丽舍(公寓),0,,"[121.471893,31.221659]",2003年 ,76户
5011000017767,东淮海公寓,14,139872,"[121.491527,31.23342]",2000-2006年 ,589户
5011000017698,正达公寓,1,103527,"[121.488994,31.21027]",1995年 ,156户
5011000017781,河畔明珠,4,138319,"[121.48178,31.246901]",2002年 ,154户
5011000017498,斜桥公寓,5,106146,"[121.48891,31.217563]",1991年 ,240户
5011000017653,振华大楼,1,98092,"[121.47524,31.233457]",1988年 ,180户
5011000017757,山北小区,1,127850,"[121.4895066,31.24560401]",1984-1988年 ,305户
5011000017520,联兴大厦,4,87054,"[121.4693296,31.21088832]",1998-1999年 ,100户
5011000017578,双钱公寓,1,84724,"[121.47608,31.212959]",1998年 ,240户
5011000017778,永惠大厦,0,84028,"[121.491535,31.221851]",2000-2002年 ,190户
5011000017755,巴士小区,10,109040,"[121.480376,31.21708]",1992-1996年 ,232户
5011000017797,扬子江家园,3,137542,"[121.476757,31.206254]",2005-2006年 ,207户
5011000017715,蓬莱花苑,1,73840,"[121.498459,31.223874]",1997年 ,100户
5011063968787,日月光中心伯爵居,13,,"[121.474135,31.213016]",2011年 ,642户
5011102206519,上海滩商厦,0,,"[121.49823,31.235525]",2005年 ,79户
5011102207548,海珀日辉(住宅),0,,"[121.4781816,31.19930316]",2010年 ,759户
5011102205940,绿地黄浦滨江,5,211984,"[121.48790315023,31.20255703923]",1989-2018年 ,188户
5011000015257,永业仁德坊,7,109587,"[121.486743,31.210152]",2001年 ,414户
5011000015467,济南路8号,10,138978,"[121.484904,31.227857]",1956-1998年 ,218户
5011000015272,丽园新村,18,101445,"[121.49003,31.211248]",1977-1986年 ,1278户
5011000015127,人民坊,0,,"[121.4691103,31.22394915]",1930-1985年 ,286户
5011000015508,培文公寓,1,92723,"[121.4773163,31.2272193]",1930-1998年 ,775户
5011000015486,荣业里,0,,"[121.4732499,31.22659781]",1936-2003年 ,15户
5011000015070,富南大厦,5,91147,"[121.496846,31.217638]",1998-1999年 ,216户
5011000015525,桃源兴城苑,2,106586,"[121.483865,31.210179]",2002-2004年 ,466户
5011000015522,谷泰滨江大厦,10,,"[121.5117926,31.21801657]",2003年 ,202户
5011000015520,思南公寓,0,,"[121.475662,31.215062]",1999年 ,36户
5011000015559,长江公寓,6,131202,"[121.477313,31.240124]",1936-1939年 ,186户
5011000015302,大众汽车公寓,12,90223,"[121.489183,31.211363]",1996年 ,776户
5011000015314,渔阳里,0,,"[121.4748326,31.22610926]",2000年 ,17户
5011000015310,蒙西小区,21,103816,"[121.482036,31.212938]",1980-1996年 ,1530户
5011000015379,海丽花园,6,99458,"[121.475996,31.209421]",1997年 ,660户
5011000015384,长新大楼,12,105434,"[121.476549,31.244691]",1985-1987年 ,378户
5011000015266,南开大厦,0,,"[121.4897685,31.21744264]",1997年 ,102户
5011000015453,祥康里,2,149838,"[121.47466023886,31.237658205651]",1928-1999年 ,398户
5011000015348,重庆大楼,2,77410,"[121.476416,31.23361]",1936-1986年 ,519户
5011000015354,花园坊,0,140139,"[121.4725708,31.21998664]",1930-1982年 ,253户
5011000015362,康绥公寓,1,168364,"[121.476073,31.227402]",1930-2001年 ,99户
5011000015334,阳光里(黄浦),5,118439,"[121.507466,31.21791]",2005年 ,424户
5011000015418,黄浦丽园,5,144656,"[121.491812,31.214569]",2008-2009年 ,589户
5011000015412,五金新邨,3,127068,"[121.470755,31.222851]",1976年 ,140户
5011000015577,紫荆新苑,5,99368,"[121.484345,31.198618]",1998年 ,694户
5011000014988,城信大厦,2,95333,"[121.494001,31.214522]",1998-1999年 ,131户
5011000015011,淮云大厦,0,,"[121.4874341,31.2329428]",2000年 ,162户
5011000015253,健乐小区,6,132347,"[121.481528,31.218333]",1984-1989年 ,307户
5011000016576,中南小区,15,125723,"[121.495053,31.206399]",1959-1999年 ,406户
5011000016472,金色黄浦,1,109570,"[121.488186,31.219569]",2004年 ,155户
5011000016662,瑞金新苑,5,99915,"[121.480531,31.214994]",1998年 ,252户
5011000016698,南吉公寓,2,106124,"[121.492604,31.22051]",1999年 ,200户
5011000016272,思家公寓,0,,"[121.4868421,31.21882362]",2000年 ,39户
5011000016667,建德坊,9,141328,"[121.483483,31.218991]",2002年 ,538户
5011000016659,桃源新村,18,123412,"[121.48836,31.231278]",1959-2001年 ,448户
5011000017058,绿洲仕格维花园,5,114070,"[121.477423,31.209398]",2005年 ,203户
5011000017081,瑞金花园,5,93076,"[121.471379,31.212129]",1997年 ,360户
5011000017265,安基商厦,0,,"[121.4827455,31.24401933]",1976-2004年 ,130户
5011000017235,峻岭广场,0,,"[121.473711,31.238269]",1996-2006年 ,229户
5011000017302,松韵小区,2,171349,"[121.4786347,31.22195052]",1940-2003年 ,60户
5011000017306,上海人家,2,89330,"[121.495342,31.208731]",1999年 ,247户
5011000017314,德昌公寓,4,97325,"[121.497462,31.214592]",2000年 ,156户
5011000017315,宁新小区,1,133364,"[121.4885305,31.24618368]",1989年 ,61户
5011000017337,新地大厦,2,72337,"[121.504386,31.213303]",2000年 ,103户
5011000017363,福申大厦,0,,"[121.4886035,31.2371893]",1997年 ,66户
5011000017123,复兴南苑,1,115940,"[121.477634,31.204439]",2000-2002年 ,184户
5011000017128,锦绣家园,5,100161,"[121.49295,31.21378]",2000年 ,411户
5011000017093,圣莲大厦,1,80961,"[121.503429,31.228677]",2007-2008年 ,76户
5011000017098,世界贸易大厦,0,,"[121.48804305268,31.239002942806]",1978-1997年 ,453户
5011000017169,北蒙三小区,19,101924,"[121.483499,31.21139]",1976-1989年 ,1195户
5011000017168,绿地名人坊,5,107151,"[121.504469,31.223803]",2003年 ,367户
5011000017127,蒙自路601弄,8,86666,"[121.487164,31.205739]",1986-1987年 ,480户
5011000017163,海丽大厦,0,,"[121.476816,31.209358]",1998年 ,132户
5011000017145,金南新苑,10,90346,"[121.50675,31.217936]",2001年 ,331户
5011000017138,桥一小区,13,99115,"[121.487565,31.208687]",1988-1989年 ,586户
5011000017190,雁荡大厦,3,126343,"[121.476518,31.224543]",1985年 ,202户
5011000017179,怡绿公寓,2,108188,"[121.4875698,31.20948222]",1995-1996年 ,140户
5011000016570,瑞德公寓,4,102744,"[121.474036,31.215938]",1998年 ,208户
5011000020141,徽宁路702号,0,,"[121.4918679,31.21359817]",暂无信息 ,3户
5011000020169,大林大楼,3,117047,"[121.4919693,31.21813996]",1986-1987年 ,252户
5011000020159,瑞金南路271弄,0,109359,"[121.475433,31.205832]",1992年 ,54户
5011000019275,复兴珑御,0,,"[121.490859,31.222934]",暂无信息 ,115户
5011000019367,福民商厦,0,,"[121.4989956,31.23365889]",暂无信息 ,35户
5011102207753,大同花园北区,8,123710,"[121.47919,31.21301088]",2003年 ,514户
5011102207890,永年路74号,0,,"[121.4869602,31.21820408]",1988年 ,29户
5011102207858,蓬莱路362弄,0,,"[121.4949857,31.2223674]",1990年 ,30户
5011102207953,延安中路517弄,0,,"[121.468305,31.229792]",1996年 ,3户
5011102208026,兰生大厦,0,,"[121.4862031,31.23143046]",1999年 ,433户
5011102207943,学宫街63弄,0,,"[121.4952262,31.22376004]",1980年 ,5户
5011102208119,大夫坊76号,0,,"[121.502883,31.226134]",暂无信息 ,2户
5011102208077,金陵东路12号,0,,"[121.497711,31.23721411]",1937年 ,7户
5011102207851,建国东路39弄,0,,"[121.4868054,31.21933684]",1975年 ,5户
5011102207742,陕西南路271弄23支弄,6,140629,"[121.4715745,31.21450464]",1979年 ,163户
5011102207868,合肥路395-397号(单),1,117718,"[121.4781084,31.21964381]",1975-1976年 ,30户
5011102207841,蓬莱路405弄,0,,"[121.4941491,31.22210375]",1959年 ,5户
5011102207849,柳市路84号,0,,"[121.5052917,31.21756813]",1984年 ,18户
5011102207983,长乐路87号,0,,"[121.4746445,31.22797339]",1935年 ,2户
5011102208064,中山小区,0,,"[121.4952868,31.23924236]",暂无信息 ,93户
5011102208216,北京东路838号,0,,"[121.4809789,31.24404977]",1954年 ,2户
5011102208283,江西中路473号,0,,"[121.49206,31.247743]",暂无信息 ,8户
5011102208265,江西中路451号,0,,"[121.4916714,31.24738801]",暂无信息 ,9户
509821540057618,四川中路579号,0,,"[121.49295672383,31.247388430622]",暂无信息 ,3户
509821540057267,梅家街203号,0,,"[121.500914,31.22333]",暂无信息 ,5户
509821540057287,建国中路149号,0,,"[121.46920181705,31.212776940935]",1990年 ,2户
509821540057120,淡水路274号,0,,"[121.47976928185,31.222101046832]",暂无信息 ,1户
509821540057529,建国西路66弄,0,,"[121.47223222913,31.214210363123]",1992年 ,1户
509568200699568,翠湖天地隽荟,5,253245,"[121.48589592284,31.222656684276]",2001-2018年 ,313户
509821540057800,四川中路126弄,0,,"[121.49623901898,31.240472544092]",暂无信息 ,5户
509821540057717,山西南路258-264号,1,157546,"[121.48849238979,31.243961421275]",1987年 ,57户
509821540057617,也是园弄28号,0,,"[121.4996838167,31.222924950795]",暂无信息 ,2户
509821540319334,柳市路80号,0,99800,"[121.505273,31.217823]",1984-1985年 ,18户
509977363955823,蓬莱路402弄,0,,"[121.49458100033,31.222073865366]",暂无信息 ,5户
509977363955742,重庆南路198弄,0,,"[121.47739937225,31.222990958529]",1958年 ,5户
5012970569249684,黄陂南路718号,0,,"[121.48358659698,31.219731855674]",暂无信息 ,1户
5012970569249782,鲁班路197-211号,0,,"[121.48140872354,31.210959058031]",1995年 ,5户
5012970538841065,江西中路381号,0,,"[121.49219500029,31.245937868489]",1934年 ,2户
5012970554044432,江阴街38-44号,0,,"[121.50072229829,31.219785875934]",暂无信息 ,1户
5012970584453832,北京东路157-159号,0,,"[121.49376578,31.246364881827]",1989年 ,29户
5012970584453868,北京东路851号,0,,"[121.48072700038,31.243675868176]",2001年 ,33户
5012970554044430,江阴街35号,0,,"[121.50152705409,31.220028875165]",2005年 ,1户
5012970584453126,鲁班路372号,0,,"[121.48182757824,31.207810522502]",2004年 ,1户
5012970599658093,方斜路6号,0,,"[121.4903830004,31.22633686587]",暂无信息 ,6户
5012970599658096,方斜支路9号,0,,"[121.49262459963,31.222452331896]",暂无信息 ,2户
5012970630066605,徐家汇路523号,0,,"[121.48065835457,31.21434379581]",2001年 ,5户
5012970645270539,合肥路297号,0,,"[121.48100484358,31.220138721881]",暂无信息 ,1户
5012970660737652,人民路747号,0,,"[121.491628,31.233464]",2003年 ,15户
5012970675941657,打浦路90弄2号,0,,"[121.47687251304,31.209181116394]",1997年 ,5户
5012970660737798,瑞金二路58-68号,0,,"[121.471206,31.221813]",暂无信息 ,10户
5012970706351008,龙华路249号,0,,"[121.4903864003,31.202344977331]",1999年 ,1户
5012970782110527,贵州路153号,0,,"[121.4825069649,31.242582658149]",暂无信息 ,3户
5013237619012218,金陵东路218号,0,,"[121.491655,31.23527]",暂无信息 ,1户
5013059644992763,西凌家宅路135号,0,,"[121.492071,31.209865]",1989年 ,2户
5012970736496776,斜土路31号,0,,"[121.49082513939,31.212677119484]",2001年 ,1户
5012970736496690,斜土东路197号,0,,"[121.49435292595,31.213679625205]",1989年 ,4户
5012970736496812,斜徐路595号,0,,"[121.47915900003,31.212143864036]",2001年 ,3户
5012970736496790,斜土路620号,0,,"[121.48086375842,31.208558448005]",2001年 ,1户
5011000016181,望江苑,4,116299,"[121.495757,31.204693]",2000年 ,226户
5012970459410544,中华路425号,0,,"[121.50491900646,31.223720835367]",2003年 ,1户
5012970459410506,中华路1001-1009号,0,,"[121.49749284956,31.220636499488]",暂无信息 ,3户
5012970443682596,建国西路166号,0,,"[121.46922213582,31.213016645334]",1940年 ,2户
5012970443682356,徽宁路363号,0,,"[121.4965109154,31.216077566196]",暂无信息 ,1户
5012970443682364,徽宁路405号,0,,"[121.49562836078,31.215746280944]",1985年 ,1户
5012970443682600,建国西路192号,0,,"[121.46875988128,31.212844712515]",1935年 ,2户
5012970475926484,复兴东路1117号,0,,"[121.49064799962,31.225289865765]",暂无信息 ,1户
5012970492703282,丽园路239号,0,,"[121.49259925214,31.215641232021]",暂无信息 ,1户
5012970475926399,福佑路331号,1,,"[121.49591868234,31.233735868142]",暂无信息 ,8户
5010636776977260,鄂尔多斯广场,0,,"[121.496191,31.233719]",2003年 ,49户
5011040531428306,新昌路362号,0,,"[121.474555,31.242353]",暂无信息 ,2户
5010843201745399,西唐家弄113号,0,,"[121.500166,31.225876]",1995年 ,52户
5011545291796741,泰康路282号,0,,"[121.474654,31.213612]",1940年 ,1户
5011494583447015,新泰大楼,0,,"[121.492935,31.239281]",暂无信息 ,8户
5011311912333648,合肥路578甲号,0,,"[121.479069,31.219827]",1965年 ,1户
5011246607806142,静安寺珠宝古玩城,0,,"[121.47989301369,31.212556720575]",2003-2008年 ,167户
5012970475926455,福州路555号,0,,"[121.48659612974,31.238682076265]",1950年 ,2户
5012970492703306,丽园路90号,0,,"[121.49463586614,31.216037009289]",1985年 ,1户
5012970492703292,丽园路68号,0,,"[121.49523772334,31.216233846064]",1970年 ,1户
5012970508170063,西藏中路725弄50号,0,,"[121.47755046724,31.244813496401]",暂无信息 ,1户
5012970523374522,盐码头街181-183号,0,,"[121.50586133882,31.227760209181]",2010年 ,1户
5012970523374526,盐码头街187-189号,0,,"[121.50578957728,31.227545353408]",暂无信息 ,3户
5012970538840481,山海关路174-180号,0,,"[121.47211676902,31.243117354553]",2008年 ,3户
5012970538840795,绍兴路2-16号,0,,"[121.472346,31.216436]",1930-1979年 ,21户
5012970538841066,江西中路383号,0,,"[121.49220502807,31.24599820911]",1936年 ,7户
5012970554044743,金陵东路220号,0,,"[121.49137988056,31.235056930575]",暂无信息 ,1户
5012970554044429,江阴街33号,0,,"[121.50156236953,31.220027205126]",暂无信息 ,2户
5016389543047505,光启南路286弄,0,,"[121.501501,31.222982]",1979年 ,14户
5018157343878456,九江路210号,0,,"[121.492692,31.242735]",暂无信息 ,9户
5018271585184828,原水小区(制造局路208弄),2,113608,"[121.490118,31.213688]",1998年 ,65户
5016389501103335,乔家栅路40弄,0,,"[121.500764,31.223821]",1978-1995年 ,20户
5016389495337975,昭通路17-73号,0,,"[121.492122,31.239595]",1975年 ,142户
5016706100277628,吉安路331号,0,,"[121.488367,31.222846]",1930年 ,3户
5017227020798434,宁波路266号,0,,"[121.489019,31.244682]",1995年 ,187户
5016958749945356,蒙自路570号,0,,"[121.486653,31.205987]",1986年 ,1户
5016389495337225,先棉祠街83-95号,0,,"[121.498466,31.223175]",暂无信息 ,24户
5016571863411860,浙江中路439号,0,,"[121.484239,31.242673]",1970年 ,1户
5016891624327580,昭通小区,0,,"[121.491971,31.239054]",暂无信息 ,6户
5017996413939196,复兴中路305号,0,,"[121.48263,31.222248]",暂无信息 ,2户
5016389388382833,西姚家弄59号,0,,"[121.50222,31.228198]",1982年 ,18户
5020021681626295,长乐路81甲号,0,,"[121.474694,31.227995]",暂无信息 ,1户
5020022057193723,浙江中路690号,0,,"[121.482919,31.246295]",1980年 ,1户
5020021886138335,徽宁路528号,0,,"[121.494471,31.214855]",1985年 ,2户
5020022362357384,满春坊,0,,"[121.487113,31.24363]",1989年 ,2户
5020022307829584,江西中路300-312号,0,,"[121.493608,31.244375]",暂无信息 ,5户
5020022437853528,梦花街73弄,0,,"[121.49495,31.224856]",暂无信息 ,2户
5020022844868150,天津路330-334号,0,,"[121.486543,31.242893]",暂无信息 ,1户
5020023047297343,宁波路359-361号,0,,"[121.487185,31.244031]",暂无信息 ,1户
5020023892867908,雁荡路69号,0,,"[121.476618,31.226098]",暂无信息 ,1户
5020022914113409,云南南路62-68号,0,,"[121.48657,31.233908]",暂无信息 ,1户
5020023814167071,徽宁路501弄,0,,"[121.494396,31.215575]",暂无信息 ,1户
5020023892868718,雁荡路71号,0,,"[121.476616,31.225868]",暂无信息 ,1户
5020024024040592,云南南路133号,0,,"[121.488216,31.232493]",1958年 ,1户
5020022113840927,复兴东路443弄,0,,"[121.502931,31.227686]",暂无信息 ,2户
5020022059292312,香山路8号,0,,"[121.472583,31.221989]",暂无信息 ,2户
5020021507542666,光启路33弄,0,,"[121.501078,31.230917]",暂无信息 ,1户
5020024783531649,河南中路541弄,0,,"[121.489783,31.24529]",暂无信息 ,10户
5020024873721813,蓬莱路101弄,0,,"[121.498997,31.224251]",暂无信息 ,2户
5020024905266248,进贤路238-240(双)号,0,,"[121.464164,31.227387]",1947年 ,2户
5020023222485672,绍兴路20-30号,0,,"[121.471799,31.216189]",1980年 ,20户
5020022861647207,北京西路201-259号,0,,"[121.476473,31.241836]",1976年 ,20户
5020023173202998,中山南路1832号,0,,"[121.496337,31.208078]",1985年 ,1户
5020023646302221,淮海中路464号,0,,"[121.476954,31.227747]",1947年 ,1户
5020024359722886,浙江中路118弄,0,,"[121.487308,31.238131]",暂无信息 ,3户
5020024093252318,四川中路613-641号,0,,"[121.492684,31.248128]",暂无信息 ,16户
5020024282089181,黄河路94号,0,,"[121.477319,31.240656]",暂无信息 ,1户
5020024345035201,四牌楼路110号,0,,"[121.501874,31.229378]",暂无信息 ,1户
5020022383323401,梅家街124弄,0,,"[121.501271,31.226297]",暂无信息 ,1户
5020023087146401,曹家街25号,0,,"[121.49296,31.225072]",暂无信息 ,1户
5020025253496526,均乐小区,0,,"[121.477651,31.231814]",1936-1995年 ,556户
5020025034246304,华盛商业街,0,,"[121.479304,31.238792]",1956年 ,1户
5020025184191652,瑞金二路111号,0,,"[121.471752,31.220576]",暂无信息 ,1户
5020026210333412,金陵东路424号,0,,"[121.487687,31.233303]",暂无信息 ,1户
5020026649864655,淮海中路603号,0,,"[121.473856,31.228063]",暂无信息 ,1户
5020026392787042,温州路8号,0,,"[121.4769,31.242925]",1990年 ,1户
5020026688685454,虹桥弄28弄18号,0,,"[121.499822,31.227056]",暂无信息 ,1户
5020026743217175,尚文路149弄5号,0,,"[121.49818,31.22557]",暂无信息 ,1户
5020026691828615,西仓桥街124号,0,,"[121.496637,31.226048]",暂无信息 ,1户
5020027088264592,光启南路188-194号,0,,"[121.501299,31.224631]",暂无信息 ,1户
5020026969787624,望云路145号,0,,"[121.499633,31.225554]",暂无信息 ,1户
5020027141752956,盛家街87弄3号,0,,"[121.498146,31.230062]",暂无信息 ,1户
5020027018010502,西藏中路725弄80号,0,,"[121.477943,31.244991]",暂无信息 ,1户
5020027517335716,浙江中路687号,0,,"[121.482946,31.246573]",暂无信息 ,1户
5020027460713006,金陵东路196弄1号,0,,"[121.491904,31.235492]",暂无信息 ,2户
5020027960074822,山西南路316-318号,0,,"[121.488082,31.244974]",暂无信息 ,1户
5020028055496450,浙江中路682号,0,,"[121.483141,31.246568]",暂无信息 ,1户
5020025411840545,仪凤弄61弄,0,,"[121.492608,31.223961]",暂无信息 ,2户
5020028748936960,蓬莱路131弄,0,,"[121.498479,31.224396]",暂无信息 ,1户
5020028296767496,广西南路69号,0,,"[121.488839,31.232846]",1975年 ,1户
5020028563220661,紫霞路175号,0,,"[121.507504,31.224522]",2008年 ,1户
5020028775152449,复兴东路310-354号,0,,"[121.504843,31.226519]",1983-1988年 ,109户
5020026926783662,学西街1号,0,,"[121.493104,31.223254]",暂无信息 ,2户
5020029493653836,顺昌路474-476号,0,,"[121.485655,31.219224]",暂无信息 ,1户
5020029627864624,陕西南路33甲号,0,,"[121.463955,31.227556]",1940年 ,1户
5020029704526727,久安里,0,,"[121.493932,31.21991]",暂无信息 ,2户
5020029624717430,乔家路13号,0,,"[121.50438,31.222443]",暂无信息 ,1户
5020030000247878,桑园街10号,0,,"[121.504176,31.219352]",暂无信息 ,1户
5020029516715206,雁荡路51弄,0,,"[121.477296,31.2261]",1940年 ,2户
5020029689731541,黄河路153号,0,,"[121.4767,31.241458]",暂无信息 ,2户
5020029532451802,长乐路47弄,0,,"[121.476182,31.228232]",1936年 ,5户
5020030496524848,永安路4号,0,,"[121.498376,31.236578]",暂无信息 ,1户
5020030234093534,西唐家弄107弄,0,,"[121.501874,31.225827]",暂无信息 ,1户
5020030756594666,曹家街小区,0,,"[121.49295,31.224639]",暂无信息 ,1户
5020030274067226,成都北路762弄,0,,"[121.472557,31.242179]",暂无信息 ,2户
