,SYMBOL,OPEN DATE,BASE,ADJBASE,PNL,PNL RATIO,IND,NAME,AVG TRANS,AVG DAYS,WIN RATE,TOTAL PNL RATIO,STRATEGY,pnl_growth
0,SZ300670,2024-09-11,5.260000228881836,5.579999923706055,607.9994201660156,0.0608364412357152,输配电气 <span style='color:red;'>↑1</span>(0),大烨智能,3,20.333333333333332,0.3333333333333333,-0.0789500746012439,收盘价走高,11009.998178482056
1,SZ002451,2024-09-10,5.070000171661377,5.260000228881836,361.00010871887207,0.0374753551848891,输配电气 <span style='color:red;'>↑1</span>(0),摩恩电气,4,8.5,0.25,-0.00899292308206178,收盘价走高,11009.998178482056
2,SH600268,2024-09-09,5.440000057220459,5.71999979019165,503.9995193481445,0.0514705386077249,输配电气 <span style='color:red;'>↑1</span>(0),国电南自,7,16.857142857142858,0.2857142857142857,-0.001764371866078109,均线密集突破,11009.998178482056
3,SZ002112,2024-09-03,8.789999961853027,9.34000015258789,605.0002098083496,0.0625711254973563,输配电气 <span style='color:red;'>↑1</span>(0),三变科技,8,9.125,0.5,0.011401636921002678,收盘价走高,11009.998178482056
4,SZ000400,2024-09-03,30.1200008392334,31.170000076293945,314.99977111816406,0.0348605314676103,输配电气 <span style='color:red;'>↑1</span>(0),许继电气,2,102.5,1.0,0.18621276135135648,收盘价走高,11009.998178482056
5,SH600550,2024-09-02,4.880000114440918,9.1899995803833,8619.998931884766,0.883196591161589,输配电气 <span style='color:red;'>↑1</span>(0),保变电气,8,15.375,0.625,0.09894870619581021,上穿年线,11009.998178482056
6,SH601877,2024-09-02,18.649999618530277,18.63999938964844,-5.000114440917969,-0.0005362053129427,输配电气 <span style='color:red;'>↑1</span>(0),正泰电器,4,17.75,0.25,-0.009798595876661617,收盘价走高,11009.998178482056
7,SH600406,2024-08-30,24.6200008392334,26.06999969482422,579.9995422363281,0.0588951586581655,输配电气 <span style='color:red;'>↑1</span>(0),国电南瑞,6,31.666666666666668,0.6666666666666666,0.0245603635576667,收盘价走高,11009.998178482056
8,SZ002606,2024-08-23,8.069999694824219,8.800000190734863,876.0005950927734,0.0904585530999261,输配电气 <span style='color:red;'>↑1</span>(0),大连电瓷,9,12.0,0.2222222222222222,-0.001739088729038912,收盘价走高,11009.998178482056
9,SH600312,2023-11-20,11.40999984741211,19.049999237060547,6111.99951171875,0.669588036092854,输配电气 <span style='color:red;'>↑1</span>(0),平高电气,1,303.0,1.0,0.669588036092854,均线破线,11009.998178482056
10,SH600690,2024-09-13,25.280000686645508,26.11000061035156,248.9999771118164,0.0328322745712785,家电行业 <span style='color:red;'>↑6</span>(1),海尔智家,5,35.4,0.4,0.02452389908621861,上穿年线,4542.997646331787
11,SZ300272,2024-09-11,5.050000190734863,4.949999809265137,-190.00072479248047,-0.0198020549886701,家电行业 <span style='color:red;'>↑6</span>(1),开能健康,6,13.0,0.3333333333333333,-0.010534058348303224,均线多头,4542.997646331787
12,SZ002032,2024-09-10,50.97999954223633,52.65999984741211,168.00003051757812,0.0329541059290108,家电行业 <span style='color:red;'>↑6</span>(1),苏 泊 尔,8,18.75,0.25,0.008284813409493151,收盘价走高,4542.997646331787
13,SH600336,2024-09-03,4.730000019073486,5.690000057220459,2016.0000801086424,0.2029598381132814,家电行业 <span style='color:red;'>↑6</span>(1),澳柯玛,7,11.857142857142858,0.2857142857142857,0.02407260524636902,收盘价走高,4542.997646331787
14,SZ002668,2024-08-30,8.949999809265137,9.649999618530272,769.9997901916504,0.0782122708584294,家电行业 <span style='color:red;'>↑6</span>(1),TCL智家,3,53.666666666666664,0.6666666666666666,0.1257017795136731,收盘价走高,4542.997646331787
15,SZ000521,2024-08-22,7.440000057220459,9.279999732971191,2391.999578475952,0.2473117824730428,家电行业 <span style='color:red;'>↑6</span>(1),长虹美菱,3,69.33333333333333,0.6666666666666666,0.25338752219394717,上穿年线,4542.997646331787
16,SZ000651,2024-07-26,39.83000183105469,40.52000045776367,137.99972534179688,0.0173235901327778,家电行业 <span style='color:red;'>↑6</span>(1),格力电器,3,71.0,0.6666666666666666,0.029671732706892728,收盘价走高,4542.997646331787
17,SZ000014,2024-09-13,8.5,9.25,825.0,0.088235294117647,房地产 <span style='color:red;'>↑15</span>(2),沙河股份,6,5.5,0.16666666666666666,-0.02188612517527254,成交量放大,4384.999704360962
18,SZ000029,2024-09-11,11.140000343322754,11.699999809265137,447.9995727539063,0.0502692503306827,房地产 <span style='color:red;'>↑15</span>(2),深深房Ａ,7,8.714285714285714,0.42857142857142855,0.002862353487412045,均线多头,4384.999704360962
19,SH600463,2024-09-09,8.390000343322754,10.300000190734863,2100.9998321533203,0.227651939124436,房地产 <span style='color:red;'>↑15</span>(2),空港股份,8,7.0,0.375,0.011034856249705977,收盘价走高,4384.999704360962
20,SH600383,2024-09-03,3.7699999809265137,3.740000009536743,-77.99992561340332,-0.0079575521330368,房地产 <span style='color:red;'>↑15</span>(2),金地集团,2,37.0,0.0,-0.07501775348331213,收盘价走高,4384.999704360962
21,SH600266,2024-08-30,4.210000038146973,4.349999904632568,321.9996929168701,0.033254124754644,房地产 <span style='color:red;'>↑15</span>(2),城建发展,5,13.6,0.2,-0.054293301606126526,均线多头,4384.999704360962
22,SZ000987,2024-09-13,4.909999847412109,5.010000228881836,200.00076293945312,0.0203666771033472,多元金融 <span style='color:red;'>↑24</span>(3),越秀资本,4,10.25,0.25,-0.02336014726621464,均线密集突破,3853.999376296997
23,SH600927,2024-09-13,12.130000114440918,12.34000015258789,168.00003051757812,0.017312451456366,多元金融 <span style='color:red;'>↑24</span>(3),永安期货,2,7.0,0.5,-0.01751459831560757,均线破线,3853.999376296997
24,SZ001236,2024-08-30,7.340000152587891,9.869999885559082,3288.999652862549,0.3446866049558841,多元金融 <span style='color:red;'>↑24</span>(3),弘业期货,2,15.0,0.5,0.13568517567971372,收盘价走高,3853.999376296997
25,SH600517,2024-08-29,4.269999980926514,4.400000095367432,299.0002632141113,0.0304449918083396,多元金融 <span style='color:red;'>↑24</span>(3),国网英大,5,24.6,0.4,-0.00782547370233711,收盘价走高,3853.999376296997
26,SZ002647,2024-08-21,4.289999961853027,4.21999979019165,-161.000394821167,-0.0163170564764156,多元金融 <span style='color:red;'>↑24</span>(3),仁东控股,1,28.0,0.0,-0.016317056476415678,均线多头,3853.999376296997
27,SH600120,2024-08-07,3.5299999713897705,3.559999942779541,83.99991989135742,0.0084985755334041,多元金融 <span style='color:red;'>↑24</span>(3),浙江东方,8,11.5,0.375,-0.011140958703585254,均线多头,3853.999376296997
28,SH600830,2024-07-30,8.119999885559082,8.569999694824219,539.9997711181641,0.0554186965033624,多元金融 <span style='color:red;'>↑24</span>(3),香溢融通,7,18.285714285714285,0.14285714285714285,-0.013598286982293846,均线多头,3853.999376296997
29,SZ301091,2024-09-02,28.489999771118164,26.75,-521.9999313354492,-0.0610740535309549,工程咨询服务 <span style='color:green;'>↓4</span>(4),深城交,3,56.333333333333336,0.3333333333333333,0.23079605794811134,收盘价走高,3817.0004844665527
30,SZ300635,2024-08-30,7.679999828338623,8.720000267028809,1352.0005702972412,0.1354167268145842,工程咨询服务 <span style='color:green;'>↓4</span>(4),中达安,1,19.0,1.0,0.13541672681458428,收盘价走高,3817.0004844665527
31,SZ300746,2024-08-27,6.71999979019165,9.510000228881836,3906.00061416626,0.4151786496723412,工程咨询服务 <span style='color:green;'>↓4</span>(4),汉嘉设计,2,14.0,0.5,0.1880843325256451,收盘价走高,3817.0004844665527
32,SZ000779,2024-08-26,6.929999828338623,6.96999979019165,55.99994659423828,0.0057720004103689,工程咨询服务 <span style='color:green;'>↓4</span>(4),甘咨询,2,19.0,0.5,-0.06772270570917106,收盘价走高,3817.0004844665527
33,SH600992,2024-09-13,14.279999732971191,14.06999969482422,-147.00002670288086,-0.0147058852992904,通用设备 <span style='color:red;'>↑9</span>(5),贵绳股份,7,16.142857142857142,0.2857142857142857,-0.005077685600670943,收盘价走高,2565.9988403320312
34,SZ002150,2024-09-12,13.510000228881836,13.619999885559082,76.99975967407227,0.0081420913999755,通用设备 <span style='color:red;'>↑9</span>(5),通润装备,6,14.166666666666666,0.5,-0.027223204576654673,收盘价走高,2565.9988403320312
35,SZ301137,2024-09-09,15.760000228881836,16.719999313354492,575.9994506835938,0.0609136466072734,通用设备 <span style='color:red;'>↑9</span>(5),哈焊华通,5,10.2,0.2,-0.024998954546467195,收盘价走高,2565.9988403320312
36,SZ301311,2024-09-04,18.979999542236328,18.479999542236328,-250.0,-0.026343520129563,通用设备 <span style='color:red;'>↑9</span>(5),昆船智能,3,8.333333333333334,0.0,-0.029186048989754344,收盘价走高,2565.9988403320312
37,SZ003043,2024-08-30,39.56999969482422,39.36000061035156,-41.99981689453125,-0.0053070277000816,通用设备 <span style='color:red;'>↑9</span>(5),华亚智能,5,10.0,0.0,-0.03256597964924919,收盘价走高,2565.9988403320312
38,SZ002444,2024-08-29,25.21999931335449,28.0,834.0002059936523,0.1102300064367346,通用设备 <span style='color:red;'>↑9</span>(5),巨星科技,3,55.333333333333336,0.6666666666666666,0.07492506862875141,收盘价走高,2565.9988403320312
39,SZ000850,2024-08-30,3.0999999046325684,3.4800000190734863,1216.0003662109375,0.1225806858487494,纺织服装 <span style='color:red;'>↑2</span>(6),华茂股份,5,14.6,0.2,-0.002349844349336709,均线密集突破,2246.9993591308594
40,SZ300979,2024-08-30,64.69999694824219,67.19999694824219,250.0,0.0386398781749544,纺织服装 <span style='color:red;'>↑2</span>(6),华利集团,3,63.0,0.6666666666666666,0.048106112301140626,均线多头,2246.9993591308594
41,SZ002003,2024-08-19,12.210000038146973,12.649999618530272,351.9996643066406,0.0360360015568088,纺织服装 <span style='color:red;'>↑2</span>(6),伟星股份,3,53.333333333333336,0.6666666666666666,0.0644226474446982,收盘价走高,2246.9993591308594
42,SZ301378,2024-09-12,22.09000015258789,19.040000915527344,-1219.9996948242188,-0.1380714900856726,软件开发 <span style='color:green;'>↓2</span>(7),通达海,2,12.0,0.0,-0.10328945274278195,收盘价走高,2031.001901626587
43,SH600536,2024-09-10,31.1299991607666,33.84000015258789,813.0002975463867,0.0870543226752388,软件开发 <span style='color:green;'>↓2</span>(7),中国软件,6,21.166666666666668,0.5,-0.008478693601432984,均线破线,2031.001901626587
44,SZ300333,2024-09-03,5.639999866485596,5.400000095367432,-407.9996109008789,-0.0425531519148267,软件开发 <span style='color:green;'>↓2</span>(7),兆日科技,4,12.75,0.25,-0.023155597450838346,均线多头,2031.001901626587
45,SZ300380,2024-08-30,17.030000686645508,17.700000762939453,335.00003814697266,0.0393423399459603,软件开发 <span style='color:green;'>↓2</span>(7),安硕信息,4,12.75,0.25,-0.03550934119972343,收盘价走高,2031.001901626587
46,SZ002908,2024-08-27,7.329999923706055,7.369999885559082,51.99995040893555,0.0054570207734467,软件开发 <span style='color:green;'>↓2</span>(7),德生科技,3,15.666666666666666,0.3333333333333333,-0.09645780365176676,成交量放大,2031.001901626587
47,SZ002261,2024-08-26,11.31999969482422,13.020000457763672,1360.0006103515625,0.1501767498913215,软件开发 <span style='color:green;'>↓2</span>(7),拓维信息,3,15.333333333333334,0.3333333333333333,0.017994413656191307,收盘价走高,2031.001901626587
48,SZ002736,2024-09-13,8.649999618530273,8.6899995803833,43.99995803833008,0.0046242732505257,券商信托 <span style='color:red;'>↑60</span>(8),国信证券,6,16.166666666666668,0.5,-0.010840759678907902,上穿年线,1828.9986848831177
49,SZ000783,2024-09-13,5.019999980926514,4.96999979019165,-95.00036239624023,-0.0099601973953862,券商信托 <span style='color:red;'>↑60</span>(8),长江证券,8,11.875,0.125,-0.0166349452703541,收盘价走高,1828.9986848831177
50,SH600061,2024-09-12,5.739999771118164,5.809999942779541,119.00029182434082,0.012195152343663,券商信托 <span style='color:red;'>↑60</span>(8),国投资本,5,10.2,0.2,-0.036962713508473875,均线密集突破,1828.9986848831177
51,SH601236,2024-09-12,6.639999866485596,6.690000057220459,75.00028610229492,0.0075301493584708,券商信托 <span style='color:red;'>↑60</span>(8),红塔证券,6,9.166666666666666,0.16666666666666666,-0.022590185941771146,均线密集突破,1828.9986848831177
52,SZ002926,2024-09-12,6.449999809265137,6.46999979019165,29.999971389770508,0.0031007723283626,券商信托 <span style='color:red;'>↑60</span>(8),华西证券,5,9.4,0.2,-0.02048947916506287,均线密集突破,1828.9986848831177
53,SH601881,2024-09-11,11.300000190734863,11.229999542236328,-56.000518798828125,-0.0061947475501752,券商信托 <span style='color:red;'>↑60</span>(8),中国银河,6,13.5,0.16666666666666666,-0.013175504682463634,均线多头,1828.9986848831177
54,SZ002500,2024-09-06,4.840000152587891,4.920000076293945,159.99984741210938,0.0165289093355254,券商信托 <span style='color:red;'>↑60</span>(8),山西证券,6,15.166666666666666,0.16666666666666666,-0.022353619594859875,均线密集突破,1828.9986848831177
55,SH601099,2024-09-06,3.1600000858306885,3.190000057220459,92.99991130828856,0.0094936615743427,券商信托 <span style='color:red;'>↑60</span>(8),太平洋,5,12.2,0.4,-0.02046195969071231,均线密集突破,1828.9986848831177
56,SH601995,2024-09-06,28.5,28.5,0.0,0.0,券商信托 <span style='color:red;'>↑60</span>(8),中金公司,5,10.0,0.2,-0.020298763756247045,成交量放大,1828.9986848831177
57,SZ000750,2024-09-06,3.190000057220459,3.0199999809265137,-527.0002365112305,-0.0532915590108394,券商信托 <span style='color:red;'>↑60</span>(8),国海证券,5,13.8,0.0,-0.04550188321669804,成交量放大,1828.9986848831177
58,SH601688,2024-09-05,12.600000381469728,12.800000190734863,139.9998664855957,0.0158730002547672,券商信托 <span style='color:red;'>↑60</span>(8),华泰证券,6,7.5,0.16666666666666666,-0.014565371328640985,均线密集突破,1828.9986848831177
59,SZ000728,2024-09-03,6.329999923706055,6.420000076293945,135.00022888183594,0.0142180337555514,券商信托 <span style='color:red;'>↑60</span>(8),国元证券,8,9.375,0.25,-0.0018815971187705817,收盘价走高,1828.9986848831177
60,SZ000776,2024-09-02,12.09000015258789,12.289999961853027,159.99984741210938,0.0165425812027244,券商信托 <span style='color:red;'>↑60</span>(8),广发证券,3,11.666666666666666,0.3333333333333333,-0.018155729238868438,均线密集突破,1828.9986848831177
61,SH601878,2024-08-30,11.1899995803833,10.829999923706056,-287.9997253417969,-0.032171552294635,券商信托 <span style='color:red;'>↑60</span>(8),浙商证券,6,26.5,0.0,-0.02070833399282905,收盘价走高,1828.9986848831177
62,SH601555,2024-08-29,6.079999923706055,6.099999904632568,31.999969482421875,0.0032894705884013,券商信托 <span style='color:red;'>↑60</span>(8),东吴证券,2,13.5,0.5,-0.00842234203860561,均线密集突破,1828.9986848831177
63,SH600958,2024-08-21,8.449999809265137,8.5,55.00020980834961,0.0059171824690504,券商信托 <span style='color:red;'>↑60</span>(8),东方证券,7,14.142857142857142,0.2857142857142857,0.0019660431598757288,均线多头,1828.9986848831177
64,SZ002670,2024-08-20,9.40999984741211,8.979999542236328,-430.0003051757813,-0.0456961011847452,券商信托 <span style='color:red;'>↑60</span>(8),国盛金控,7,18.285714285714285,0.42857142857142855,-0.005201337424982365,均线多头,1828.9986848831177
65,SZ000712,2024-08-07,10.369999885559082,9.34000015258789,-926.9997596740724,-0.0993249512379971,券商信托 <span style='color:red;'>↑60</span>(8),锦龙股份,3,18.0,0.3333333333333333,0.06114165261351843,均线多头,1828.9986848831177
66,SZ002797,2024-07-31,5.289999961853027,5.289999961853027,0.0,0.0,券商信托 <span style='color:red;'>↑60</span>(8),第一创业,5,17.4,0.4,-0.01822006466270932,收盘价走高,1828.9986848831177
67,SH600999,2024-07-30,14.609999656677246,15.029999732971191,252.0000457763672,0.0287474391624637,券商信托 <span style='color:red;'>↑60</span>(8),招商证券,4,32.25,0.25,-0.0038779225119576787,均线破线,1828.9986848831177
68,SZ300631,2024-09-11,16.68000030517578,17.65999984741211,489.99977111816406,0.0587529690831142,环保行业 <span style='color:green;'>↓5</span>(9),久吾高科,3,8.0,0.3333333333333333,-0.018308574231921785,成交量放大,1743.9985752105713
69,SZ300210,2024-09-03,7.889999866485596,7.659999847412109,-276.0000228881836,-0.0291508267383449,环保行业 <span style='color:green;'>↓5</span>(9),森远股份,6,14.166666666666666,0.0,-0.09101267771704605,收盘价走高,1743.9985752105713
70,SZ000546,2024-08-22,4.630000114440918,5.159999847412109,1112.999439239502,0.1144707818296004,环保行业 <span style='color:green;'>↓5</span>(9),金圆股份,1,27.0,1.0,0.11447078182960044,成交量放大,1743.9985752105713
71,SZ000566,2024-09-06,3.369999885559082,4.889999866485596,4407.99994468689,0.4510385853245648,医药制造 <span style='color:green;'>↓7</span>(10),海南海药,2,12.5,0.5,0.17598543819429988,成交量放大,1680.9975624084473
72,SH603707,2024-09-02,11.789999961853027,12.979999542236328,951.9996643066406,0.1009329587984383,医药制造 <span style='color:green;'>↓7</span>(10),健友股份,2,22.5,0.5,0.019575755228077057,均线密集突破,1680.9975624084473
73,SZ300558,2024-08-30,35.5,37.36000061035156,372.0001220703125,0.0523943833901848,医药制造 <span style='color:green;'>↓7</span>(10),贝达药业,2,14.0,0.5,-0.013159523179728573,收盘价走高,1680.9975624084473
74,SZ300086,2024-08-30,3.759999990463257,3.819999933242798,155.99985122680664,0.0159574316307773,医药制造 <span style='color:green;'>↓7</span>(10),康芝药业,2,11.5,0.5,-0.03506963703838923,均线密集突破,1680.9975624084473
75,SH605507,2024-08-29,17.139999389648438,18.299999237060547,579.9999237060547,0.0676779398319396,医药制造 <span style='color:green;'>↓7</span>(10),国邦医药,4,25.75,0.5,0.007053658412439019,均线多头,1680.9975624084473
76,SZ300255,2024-08-29,10.09000015258789,10.3100004196167,198.0002403259277,0.0218037922400212,医药制造 <span style='color:green;'>↓7</span>(10),常山药业,9,9.88888888888889,0.2222222222222222,-0.047282443198841596,收盘价走高,1680.9975624084473
77,SZ002294,2024-08-28,29.920000076293945,32.560001373291016,792.0003890991211,0.0882353372414855,医药制造 <span style='color:green;'>↓7</span>(10),信立泰,6,9.333333333333334,0.3333333333333333,0.0015363848458665532,收盘价走高,1680.9975624084473
78,SH600062,2024-08-23,19.559999465942383,20.8799991607666,659.9998474121094,0.0674846488172244,医药制造 <span style='color:green;'>↓7</span>(10),华润双鹤,5,37.8,0.6,0.016335689945504935,收盘价走高,1680.9975624084473
79,SH600276,2024-08-20,42.25,45.119998931884766,573.9997863769531,0.0679289688020062,医药制造 <span style='color:green;'>↓7</span>(10),恒瑞医药,7,15.142857142857142,0.2857142857142857,-0.0021576940492787464,均线多头,1680.9975624084473
80,SZ002653,2024-08-16,30.239999771118164,34.470001220703125,1269.0004348754885,0.1398810013757004,医药制造 <span style='color:green;'>↓7</span>(10),海思科,3,69.33333333333333,0.6666666666666666,0.10224404072074507,收盘价走高,1680.9975624084473
81,SH688117,2024-08-15,25.020000457763672,27.729999542236328,812.9997253417969,0.1083133107470326,医药制造 <span style='color:green;'>↓7</span>(10),圣诺生物,6,18.333333333333332,0.16666666666666666,-0.00456916858852424,收盘价走高,1680.9975624084473
82,SZ000908,2024-08-13,2.319999933242798,4.550000190734863,9589.00110721588,0.9612070351980851,医药制造 <span style='color:green;'>↓7</span>(10),*ST景峰,3,14.0,0.6666666666666666,0.3155635706568163,均线多头,1680.9975624084473
83,SH688266,2024-07-31,54.15999984741211,61.84999847412109,768.9998626708984,0.141986681099971,医药制造 <span style='color:green;'>↓7</span>(10),泽璟制药-U,3,58.0,0.6666666666666666,0.035798329498588584,收盘价走高,1680.9975624084473
84,SH600079,2024-07-18,18.350000381469727,16.15999984741211,-1095.0002670288086,-0.119346075669248,医药制造 <span style='color:green;'>↓7</span>(10),人福医药,2,33.5,0.0,-0.06837832342506446,收盘价走高,1680.9975624084473
85,SZ002399,2024-07-12,8.800000190734863,9.260000228881836,506.0000419616699,0.0522727304746296,医药制造 <span style='color:green;'>↓7</span>(10),海普瑞,2,48.5,0.5,-0.016338665824912304,均线密集突破,1680.9975624084473
86,SH600216,2024-06-18,9.880000114440918,15.15999984741211,5279.999732971191,0.5344129222482273,医药制造 <span style='color:green;'>↓7</span>(10),浙江医药,3,33.666666666666664,0.3333333333333333,0.1652088677057357,收盘价走高,1680.9975624084473
87,SZ000158,2024-09-03,7.710000038146973,9.130000114440918,1704.0000915527344,0.1841764032773246,综合行业 (11),常山北明,4,10.0,0.5,0.029480471547767,均线多头,1595.9999084472656
88,SZ000599,2024-09-13,3.690000057220459,3.7699999809265137,215.99979400634768,0.0216801957901094,橡胶制品 <span style='color:red;'>↑6</span>(12),青岛双星,4,17.5,0.25,-0.004794474047395417,收盘价走高,1557.0003032684326
89,SH601058,2024-09-10,13.06999969482422,13.899999618530272,580.9999465942383,0.0635042037556235,橡胶制品 <span style='color:red;'>↑6</span>(12),赛轮轮胎,5,28.0,0.4,0.024785785140096685,上穿年线,1557.0003032684326
90,SZ002984,2024-08-28,22.5,23.489999771118164,395.9999084472656,0.0439999898274739,橡胶制品 <span style='color:red;'>↑6</span>(12),森麒麟,4,30.75,0.75,0.008501120983335064,上穿年线,1557.0003032684326
91,SH601118,2024-08-23,4.590000152587891,5.03000020980835,924.000120162964,0.0958605757283869,橡胶制品 <span style='color:red;'>↑6</span>(12),海南橡胶,7,22.714285714285715,0.42857142857142855,0.010102356964022062,上穿年线,1557.0003032684326
92,SZ002205,2024-08-26,6.849999904632568,6.760000228881836,-125.9995460510254,-0.0131386389786468,水泥建材 <span style='color:red;'>↑54</span>(13),国统股份,2,13.0,0.0,-0.03869975218918172,收盘价走高,1384.0004920959473
93,SH600326,2024-08-07,4.519999980926514,5.119999885559082,1319.9997901916504,0.1327433422930191,水泥建材 <span style='color:red;'>↑54</span>(13),西藏天路,8,14.0,0.625,0.015010365891683985,收盘价走高,1384.0004920959473
94,SH688506,2024-09-13,166.55999755859375,164.52999877929688,-202.9998779296875,-0.0121877930418601,生物制品 <span style='color:green;'>↓2</span>(14),百利天恒-U,4,38.0,0.25,0.025953579564373944,均线密集突破,1268.0007934570312
95,SH600645,2024-09-11,18.18000030517578,18.31999969482422,69.99969482421875,0.0077007363750472,生物制品 <span style='color:green;'>↓2</span>(14),中源协和,9,7.111111111111111,0.3333333333333333,-0.012687170016603163,均线多头,1268.0007934570312
96,SH688278,2024-09-10,55.38999938964844,60.5,511.00006103515625,0.0922549316963261,生物制品 <span style='color:green;'>↓2</span>(14),特宝生物,6,44.666666666666664,0.5,0.09518606320749004,均线多头,1268.0007934570312
97,SH688428,2024-08-20,9.59000015258789,11.779999732971191,2189.999580383301,0.2283628306087485,生物制品 <span style='color:green;'>↓2</span>(14),诺诚健华-U,3,26.0,0.6666666666666666,0.07490042088144075,均线多头,1268.0007934570312
98,SH688235,2024-07-31,129.6999969482422,154.35000610351562,2465.000915527344,0.1900540457615447,生物制品 <span style='color:green;'>↓2</span>(14),百济神州-U,11,10.090909090909092,0.2727272727272727,-0.000821437950398254,收盘价走高,1268.0007934570312
99,SZ300149,2024-09-09,4.800000190734863,4.789999961853027,-20.000457763671875,-0.002083380934263,医疗行业 <span style='color:red;'>↑42</span>(15),睿智医药,4,7.25,0.0,-0.08080761281746233,收盘价走高,1207.9991817474365
100,SH600543,2024-09-11,5.119999885559082,5.980000019073486,1634.0002536773682,0.1679687798314268,酿酒行业 <span style='color:red;'>↑10</span>(16),莫高股份,7,11.142857142857142,0.5714285714285714,0.02709863387673725,均线多头,1059.000015258789
101,SZ002461,2024-07-31,8.239999771118164,8.210000038146973,-35.99967956542969,-0.0036407443937489,酿酒行业 <span style='color:red;'>↑10</span>(16),珠江啤酒,5,25.6,0.4,0.0015105845904741309,上穿年线,1059.000015258789
102,SH601336,2024-09-12,31.950000762939453,32.5099983215332,167.999267578125,0.0175273097095923,保险 <span style='color:red;'>↑29</span>(17),新华保险,7,9.428571428571429,0.2857142857142857,-0.0009271835266920468,均线多头,1051.9993305206299
103,SH601318,2024-08-23,43.34999847412109,43.70000076293945,70.00045776367188,0.0080738708451697,保险 <span style='color:red;'>↑29</span>(17),中国平安,7,18.142857142857142,0.2857142857142857,-0.01361951487955432,上穿年线,1051.9993305206299
104,SH601628,2024-08-22,31.38999938964844,35.119998931884766,1118.9998626708984,0.1188276398459051,保险 <span style='color:red;'>↑29</span>(17),中国人寿,6,22.166666666666668,0.3333333333333333,0.015270501896488702,收盘价走高,1051.9993305206299
105,SH601601,2024-08-19,28.600000381469727,30.450000762939453,555.000114440918,0.0646853271606375,保险 <span style='color:red;'>↑29</span>(17),中国太保,4,35.25,0.75,0.039631342471181316,收盘价走高,1051.9993305206299
106,SH601319,2024-07-09,5.239999771118164,6.050000190734863,1539.0007972717283,0.1545802395033031,保险 <span style='color:red;'>↑29</span>(17),中国人保,5,25.8,0.4,0.02533833269978539,均线密集突破,1051.9993305206299
107,SZ002207,2024-08-27,4.599999904632568,4.829999923706055,483.0000400543213,0.0500000051830126,采掘行业 <span style='color:green;'>↓8</span>(18),准油股份,4,18.0,0.25,-0.054702204159709715,均线多头,857.9996109008789
108,SZ002243,2024-08-30,5.599999904632568,5.829999923706055,391.0000324249268,0.0410714326768506,美容护理 <span style='color:red;'>↑11</span>(19),力合科创,2,11.5,0.5,-0.049179462846940684,收盘价走高,732.9996109008789
109,SZ003006,2024-08-29,21.920000076293945,23.799999237060547,751.9996643066406,0.0857663847729537,美容护理 <span style='color:red;'>↑11</span>(19),百亚股份,4,42.75,0.5,0.09450548004796458,收盘价走高,732.9996109008789
110,SZ002183,2024-09-13,3.109999895095825,3.039999961853028,-223.99978637695312,-0.0225080178790941,贸易行业 <span style='color:red;'>↑45</span>(20),怡 亚 通,1,5.0,0.0,-0.022508017879094035,收盘价走高,721.0001945495605
111,SH600143,2024-08-21,6.769999980926514,7.110000133514404,476.0002136230469,0.0502215884114906,塑胶制品 <span style='color:red;'>↑48</span>(21),金发科技,3,28.666666666666668,0.3333333333333333,-0.00013939914388199964,均线破线,709.9999189376831
112,SH600660,2024-08-20,45.619998931884766,51.75,1226.0002136230469,0.1343709165199223,玻璃玻纤 <span style='color:red;'>↑12</span>(22),福耀玻璃,3,75.66666666666667,0.6666666666666666,0.09773504861756577,均线密集突破,701.9996643066406
113,SZ300393,2024-09-12,6.059999942779541,6.059999942779541,0.0,0.0,光伏设备 <span style='color:green;'>↓17</span>(23),中来股份,3,6.333333333333333,0.3333333333333333,-0.046534291664317634,收盘价走高,632.9996109008789
114,SH600151,2024-09-06,5.039999961853027,5.230000019073486,361.00010871887207,0.0376984243370118,光伏设备 <span style='color:green;'>↓17</span>(23),航天机电,3,11.666666666666666,0.6666666666666666,0.0001369392704095204,均线多头,632.9996109008789
115,SH603398,2024-09-04,14.630000114440918,15.81999969482422,713.9997482299805,0.0813396836004588,光伏设备 <span style='color:green;'>↓17</span>(23),沐邦高科,3,24.666666666666668,0.6666666666666666,0.026809819572332465,收盘价走高,632.9996109008789
116,SH688472,2024-09-04,10.949999809265137,10.979999542236328,26.999759674072266,0.0027397016889267,光伏设备 <span style='color:green;'>↓17</span>(23),阿特斯,6,9.666666666666666,0.16666666666666666,-0.027733346965473114,均线多头,632.9996109008789
117,SZ300274,2024-09-02,75.9800033569336,78.7699966430664,278.99932861328125,0.0367200995375872,光伏设备 <span style='color:green;'>↓17</span>(23),阳光电源,6,30.666666666666668,0.3333333333333333,-0.013592521714027717,均线多头,632.9996109008789
118,SH688408,2024-08-28,59.22999954223633,66.63999938964844,740.9999847412109,0.1251055192416152,光伏设备 <span style='color:green;'>↓17</span>(23),中信博,4,45.0,0.5,0.11098339887363808,均线密集突破,632.9996109008789
119,SZ300125,2024-08-15,3.319999933242798,3.880000114440918,1680.0005435943604,0.1686747567645707,光伏设备 <span style='color:green;'>↓17</span>(23),ST聆达,1,34.0,1.0,0.16867475676457078,均线多头,632.9996109008789
120,SZ300763,2024-08-09,62.47999954223633,63.20000076293945,72.0001220703125,0.0115237072019567,光伏设备 <span style='color:green;'>↓17</span>(23),锦浪科技,3,18.666666666666668,0.3333333333333333,-0.02234637736354561,均线多头,632.9996109008789
121,SZ300827,2024-07-15,25.799999237060547,35.630001068115234,2949.0005493164062,0.3810078341759921,光伏设备 <span style='color:green;'>↓17</span>(23),上能电气,3,39.333333333333336,0.3333333333333333,0.08764992104628248,收盘价走高,632.9996109008789
122,SH605117,2024-06-25,73.68000030517578,93.63999938964844,1995.9999084472656,0.2709011808061913,光伏设备 <span style='color:green;'>↓17</span>(23),德业股份,3,58.0,0.3333333333333333,0.07313096479773269,均线多头,632.9996109008789
123,SH603389,2024-08-26,5.630000114440918,6.21999979019165,1002.9994487762452,0.1047956773992573,木业家具 <span style='color:red;'>↑4</span>(24),亚振家居,11,8.090909090909092,0.36363636363636365,-0.011227280094408985,均线多头,577.9994487762451
124,SH603607,2024-08-27,12.670000076293944,14.010000228881836,938.0001068115234,0.1057616530796303,造纸印刷 <span style='color:red;'>↑30</span>(25),京华激光,7,7.714285714285714,0.14285714285714285,-0.04504816019346017,成交量放大,539.0003204345703
125,SZ000012,2024-08-29,5.070000171661377,4.96999979019165,-190.00072479248047,-0.0197239404504709,玻璃陶瓷 <span style='color:red;'>↑7</span>(26),南  玻Ａ,4,22.25,0.0,-0.036015698927942784,收盘价走高,512.999963760376
126,SH603638,2024-09-12,14.800000190734863,14.81999969482422,11.99970245361328,0.0013513178264602,工程机械 <span style='color:red;'>↑8</span>(27),艾迪精密,5,16.2,0.2,-0.031723301821329326,均线多头,467.99964904785156
127,SH601100,2024-09-02,50.810001373291016,52.56999969482422,175.9998321533203,0.0346388166495577,工程机械 <span style='color:red;'>↑8</span>(27),恒立液压,6,13.166666666666666,0.16666666666666666,-0.025432096088164397,均线多头,467.99964904785156
128,SH600031,2024-08-26,16.010000228881836,15.84000015258789,-102.0000457763672,-0.0106183681363893,工程机械 <span style='color:red;'>↑8</span>(27),三一重工,3,58.666666666666664,0.6666666666666666,0.02656016147283438,收盘价走高,467.99964904785156
129,SH603129,2024-09-10,138.64999389648438,149.10000610351562,1045.001220703125,0.0753697271334407,交运设备 <span style='color:green;'>↓3</span>(28),春风动力,2,77.5,1.0,0.11117352283441176,收盘价走高,458.0007076263428
130,SZ000913,2024-09-09,15.609999656677246,16.709999084472656,659.9996566772461,0.07046761383655,交运设备 <span style='color:green;'>↓3</span>(28),钱江摩托,3,44.0,1.0,0.06241736571663182,收盘价走高,458.0007076263428
131,SH603766,2024-08-28,6.480000019073486,7.010000228881836,795.0003147125244,0.0817901555938775,交运设备 <span style='color:green;'>↓3</span>(28),隆鑫通用,3,55.0,0.6666666666666666,0.11435815027001388,收盘价走高,458.0007076263428
132,SH603529,2024-08-23,28.3700008392334,31.93000030517578,1067.9998397827148,0.1254846443648741,交运设备 <span style='color:green;'>↓3</span>(28),爱玛科技,4,36.5,0.5,0.01945137265442694,收盘价走高,458.0007076263428
133,SZ300011,2024-08-21,5.900000095367432,6.5,959.9998474121094,0.1016948974464724,交运设备 <span style='color:green;'>↓3</span>(28),鼎汉技术,4,14.75,0.5,0.005492523381092,均线多头,458.0007076263428
134,SZ001696,2024-07-25,10.739999771118164,11.729999542236328,890.9997940063477,0.0921787516029987,交运设备 <span style='color:green;'>↓3</span>(28),宗申动力,2,88.0,1.0,0.30067778304446663,收盘价走高,458.0007076263428
135,SH603288,2024-09-10,35.470001220703125,36.13999938964844,133.9996337890625,0.0188891498699539,食品饮料 <span style='color:green;'>↓13</span>(29),海天味业,6,16.833333333333332,0.5,0.000506734204984117,均线破线,446.00067138671875
136,SH600298,2024-09-05,31.6299991607666,32.310001373291016,204.00066375732425,0.0214986478206385,食品饮料 <span style='color:green;'>↓13</span>(29),安琪酵母,6,11.333333333333334,0.3333333333333333,-0.019293288659007365,均线多头,446.00067138671875
137,SH603235,2024-09-03,26.309999465942383,26.3799991607666,20.999908447265625,0.0026605737835468,食品饮料 <span style='color:green;'>↓13</span>(29),天新药业,3,31.0,0.6666666666666666,-0.012312761213311986,均线多头,446.00067138671875
138,SZ002597,2024-08-27,20.8799991607666,21.899999618530277,408.0001831054688,0.0488505985996516,食品饮料 <span style='color:green;'>↓13</span>(29),金禾实业,4,23.25,0.5,0.013744513665525263,收盘价走高,446.00067138671875
139,SZ301498,2024-08-21,47.59999847412109,51.79999923706055,840.0001525878906,0.0882353129742826,食品饮料 <span style='color:green;'>↓13</span>(29),乖宝宠物,3,55.0,1.0,0.11765601372070136,收盘价走高,446.00067138671875
140,SH605499,2024-03-25,182.77999877929688,226.32000732421875,4354.000854492188,0.2382099181294751,食品饮料 <span style='color:green;'>↓13</span>(29),东鹏饮料,2,94.0,0.5,0.10663056377900655,收盘价走高,446.00067138671875
141,SH600482,2024-07-04,19.68000030517578,23.350000381469727,1835.0000381469729,0.1864837408223386,船舶制造 <span style='color:green;'>↓8</span>(30),中国动力,4,51.75,0.5,0.05676433085059742,上穿年线,445.00064849853516
142,SH600272,2024-09-04,10.130000114440918,10.829999923706056,629.999828338623,0.0691016585742427,医药商业 <span style='color:red;'>↑11</span>(31),开开实业,8,8.625,0.25,-0.03297356891279227,收盘价走高,428.9987564086914
143,SH601607,2024-09-04,19.11000061035156,18.71999931335449,-195.0006484985352,-0.0204082304835622,医药商业 <span style='color:red;'>↑11</span>(31),上海医药,5,28.8,0.4,-0.007746778061513598,均线多头,428.9987564086914
144,SH603191,2024-09-12,11.489999771118164,11.210000038146973,-223.99978637695312,-0.0243689937814457,电网设备 <span style='color:red;'>↑27</span>(32),望变电气,4,20.25,0.25,0.027212544857759938,成交量放大,358.00037384033203
145,SH601567,2024-08-23,31.1299991607666,33.790000915527344,798.0005264282227,0.0854481794562065,电网设备 <span style='color:red;'>↑27</span>(32),三星医疗,3,135.66666666666666,0.6666666666666666,0.5134894999857726,收盘价走高,358.00037384033203
146,SZ002625,2024-08-28,16.079999923706055,19.940000534057617,2316.000366210937,0.2400497903399196,航天航空 <span style='color:green;'>↓14</span>(33),光启技术,3,46.0,0.6666666666666666,0.1223827711994751,上穿年线,328.00025939941406
147,SH600760,2024-08-28,40.560001373291016,40.150001525878906,-81.99996948242188,-0.0101084771580431,航天航空 <span style='color:green;'>↓14</span>(33),中航沈飞,5,24.8,0.6,0.0183652713426002,收盘价走高,328.00025939941406
148,SH600316,2024-07-24,17.219999313354492,20.739999771118164,1760.000228881836,0.2044135074403768,航天航空 <span style='color:green;'>↓14</span>(33),洪都航空,2,58.5,0.5,0.08776898098116348,收盘价走高,328.00025939941406
149,SZ300759,2024-09-09,20.15999984741211,20.690000534057617,212.00027465820312,0.0262897167984623,医疗服务 <span style='color:green;'>↓2</span>(34),康龙化成,3,17.0,0.3333333333333333,-0.018509404415794746,收盘价走高,280.00030517578125
150,SH601898,2024-08-07,12.300000190734863,13.06999969482422,615.9996032714844,0.0626015847275651,煤炭采选 <span style='color:red;'>↑9</span>(35),中煤能源,2,177.5,1.0,0.263998370637704,收盘价走高,272.0001220703125
151,SZ300328,2024-09-11,5.829999923706055,5.449999809265137,-646.0001945495605,-0.0651801233985877,小金属 <span style='color:green;'>↓23</span>(36),宜安科技,6,9.166666666666666,0.16666666666666666,-0.05233430925859761,均线多头,248.00024032592773
152,SH600456,2024-08-21,25.209999084472656,25.8700008392334,198.00052642822263,0.0261801578234586,小金属 <span style='color:green;'>↓23</span>(36),宝钛股份,4,19.25,0.5,-0.017132770951040825,收盘价走高,248.00024032592773
153,SH600072,2024-09-04,13.079999923706056,12.989999771118164,-63.00010681152344,-0.0068807456508294,风电设备 <span style='color:green;'>↓17</span>(37),中船科技,3,16.333333333333332,0.0,-0.03238909241055129,成交量放大,211.99874877929688
154,SH603218,2024-08-29,10.359999656677246,10.81999969482422,414.0000343322754,0.0444015495551192,风电设备 <span style='color:green;'>↓17</span>(37),日月股份,4,19.25,0.25,-0.03859042041634851,收盘价走高,211.99874877929688
155,SZ002202,2024-08-26,7.960000038146973,8.239999771118164,335.9996795654297,0.0351758456820778,风电设备 <span style='color:green;'>↓17</span>(37),金风科技,5,18.4,0.4,-0.01355307499969143,收盘价走高,211.99874877929688
156,SZ300663,2024-09-11,10.59000015258789,10.859999656677246,242.99955368041992,0.0254957035126553,软件服务 <span style='color:green;'>↓36</span>(38),科蓝软件,4,4.25,0.25,-0.04532488521010287,均线破线,194.99878883361816
157,SZ002279,2024-09-10,4.539999961853027,4.940000057220459,880.0002098083496,0.0881057486185901,软件服务 <span style='color:green;'>↓36</span>(38),久其软件,7,7.571428571428571,0.14285714285714285,-0.028846161976436743,均线密集突破,194.99878883361816
158,SZ300469,2024-09-10,13.960000038146973,14.779999732971191,573.9997863769531,0.058739232993087,软件服务 <span style='color:green;'>↓36</span>(38),信息发展,8,10.375,0.25,-0.07126674819318683,上穿年线,194.99878883361816
159,SZ300344,2024-09-10,3.3299999237060547,3.309999942779541,-59.999942779541016,-0.0060060004158363,软件服务 <span style='color:green;'>↓36</span>(38),立方数科,2,5.5,0.0,-0.054413248105107344,收盘价走高,194.99878883361816
160,SH603189,2024-09-09,12.510000228881836,13.380000114440918,608.9999198913574,0.0695443540880609,软件服务 <span style='color:green;'>↓36</span>(38),网达软件,5,4.2,0.2,-0.049096261398585604,均线多头,194.99878883361816
161,SZ300730,2024-09-09,9.470000267028809,9.93000030517578,460.0000381469727,0.0485744482762614,软件服务 <span style='color:green;'>↓36</span>(38),科创信息,4,13.5,0.25,-0.07661277608461263,收盘价走高,194.99878883361816
162,SZ300598,2024-09-09,30.989999771118164,29.11000061035156,-563.9997482299805,-0.060664703925513,软件服务 <span style='color:green;'>↓36</span>(38),诚迈科技,8,10.875,0.125,-0.04520544006335715,均线破线,194.99878883361816
163,SZ000948,2024-09-06,13.06999969482422,15.31999969482422,1575.0,0.1721499657640398,软件服务 <span style='color:green;'>↓36</span>(38),南天信息,4,10.5,0.25,0.01833145420009425,均线破线,194.99878883361816
164,SZ300378,2024-09-04,16.3799991607666,16.1299991607666,-150.0,-0.015262516044494,软件服务 <span style='color:green;'>↓36</span>(38),鼎捷软件,3,17.333333333333332,0.0,-0.024688752126393015,均线多头,194.99878883361816
165,SH688318,2024-09-03,87.33999633789062,90.11000061035156,277.0004272460937,0.0317151864965127,软件服务 <span style='color:green;'>↓36</span>(38),财富趋势,10,9.6,0.3,-0.03136658757622455,收盘价走高,194.99878883361816
166,SZ300996,2024-09-03,16.8799991607666,14.369999885559082,-1254.9996376037598,-0.1486966469193549,软件服务 <span style='color:green;'>↓36</span>(38),普联软件,2,18.0,0.0,-0.11017796061969908,均线多头,194.99878883361816
167,SZ300379,2024-09-02,9.829999923706056,9.350000381469728,-479.9995422363281,-0.0488300657133028,软件服务 <span style='color:green;'>↓36</span>(38),东方通,2,9.0,0.0,-0.0532955999042841,均线破线,194.99878883361816
168,SZ300302,2024-08-30,11.350000381469728,10.25,-880.0003051757812,-0.0969163299118132,软件服务 <span style='color:green;'>↓36</span>(38),同有科技,4,28.75,0.25,-0.07623234161334742,收盘价走高,194.99878883361816
169,SZ300468,2024-08-29,8.529999732971191,8.630000114440918,110.00041961669922,0.0117233745135058,软件服务 <span style='color:green;'>↓36</span>(38),四方精创,6,18.833333333333332,0.16666666666666666,-0.04639129064376455,收盘价走高,194.99878883361816
170,SZ300047,2024-08-16,6.75,8.199999809265137,2029.9997329711916,0.214814786557798,软件服务 <span style='color:green;'>↓36</span>(38),天源迪科,4,14.0,0.25,0.025382593951902933,收盘价走高,194.99878883361816
171,SZ300377,2024-08-16,5.630000114440918,5.789999961853027,271.99974060058594,0.0284191552681696,软件服务 <span style='color:green;'>↓36</span>(38),赢时胜,2,19.0,0.5,-0.010029156824300951,均线多头,194.99878883361816
172,SH600331,2024-09-11,5.650000095367432,6.019999980926514,628.9998054504395,0.0654867043033244,有色金属 <span style='color:green;'>↓18</span>(39),宏达股份,7,19.571428571428573,0.5714285714285714,0.019697023462987184,上穿年线,186.99960708618164
173,SZ300337,2024-08-21,7.46999979019165,7.460000038146973,-12.999677658081056,-0.0013386549297909,有色金属 <span style='color:green;'>↓18</span>(39),银邦股份,13,8.0,0.07692307692307693,-0.02844561530548005,收盘价走高,186.99960708618164
174,SZ001301,2024-09-03,40.869998931884766,40.38999938964844,-95.99990844726562,-0.0117445450154356,非金属材料 <span style='color:green;'>↓17</span>(40),尚太科技,6,17.666666666666668,0.16666666666666666,-0.0065147996447803705,收盘价走高,185.99929809570312
175,SH603260,2024-08-29,47.79999923706055,50.0099983215332,441.9998168945313,0.0462342912080883,非金属材料 <span style='color:green;'>↓17</span>(40),合盛硅业,6,15.833333333333334,0.3333333333333333,-0.01949907626039261,收盘价走高,185.99929809570312
176,SZ000598,2024-09-13,6.360000133514404,6.400000095367432,59.999942779541016,0.0062893020461186,公用事业 <span style='color:green;'>↓4</span>(41),兴蓉环境,2,156.5,1.0,0.10520217486149766,上穿年线,163.9998435974121
177,SZ002227,2024-09-10,8.220000267028809,8.350000381469727,156.00013732910156,0.0158150985666461,电源设备 <span style='color:green;'>↓11</span>(42),奥 特 迅,2,5.0,0.5,-0.022436216581811132,收盘价走高,156.00013732910156
178,SH600739,2024-09-02,7.78000020980835,8.0600004196167,336.0002517700196,0.0359897432207456,国际贸易 <span style='color:red;'>↑6</span>(43),辽宁成大,1,16.0,1.0,0.03598974322074563,成交量放大,143.99986267089844
179,SH600710,2024-08-19,8.1899995803833,8.300000190734863,132.000732421875,0.0134310886431589,国际贸易 <span style='color:red;'>↑6</span>(43),苏美达,4,42.75,0.75,0.01048204848694148,收盘价走高,143.99986267089844
180,SH600576,2024-09-06,5.28000020980835,4.880000114440918,-720.000171661377,-0.0757575908092531,旅游酒店 <span style='color:red;'>↑33</span>(44),祥源文旅,2,14.0,0.0,-0.06880736583336708,均线破线,88.00106048583984
181,SZ000888,2024-08-23,12.020000457763672,11.470000267028809,-440.0001525878906,-0.045757085672956,旅游酒店 <span style='color:red;'>↑33</span>(44),峨眉山Ａ,4,34.75,0.5,0.02285373073528962,均线多头,88.00106048583984
182,SH603099,2024-08-15,23.32999992370605,24.420000076293945,436.00006103515625,0.046720966830365,旅游酒店 <span style='color:red;'>↑33</span>(44),长白山,6,31.0,0.5,0.03335262438359487,收盘价走高,88.00106048583984
183,SZ300779,2024-09-12,52.459999084472656,52.79999923706055,34.00001525878906,0.0064811315006012,环保工程 <span style='color:green;'>↓2</span>(45),惠城环保,5,24.6,0.8,0.04197157903321154,均线破线,34.00001525878906
184,SZ002989,2024-09-04,16.489999771118164,17.6299991607666,683.9996337890625,0.0691327717084095,装修装饰 <span style='color:green;'>↓10</span>(46),中天精装,9,12.88888888888889,0.2222222222222222,-0.035280214836196436,收盘价走高,23.999404907226562
185,SH601952,2024-09-09,9.859999656677246,9.289999961853027,-569.9996948242188,-0.0578093016908181,农牧饲渔 <span style='color:green;'>↓18</span>(47),苏垦农发,5,19.6,0.4,0.0003760918370002927,均线多头,-26.000452041625977
186,SH600598,2024-09-03,13.229999542236328,12.859999656677246,-258.9999198913574,-0.0279667345700103,农牧饲渔 <span style='color:green;'>↓18</span>(47),北大荒,6,33.333333333333336,0.3333333333333333,-0.005531728453505319,收盘价走高,-26.000452041625977
187,SZ000702,2024-09-02,4.579999923706055,4.739999771118164,335.9996795654297,0.0349344650824012,农牧饲渔 <span style='color:green;'>↓18</span>(47),正虹科技,4,9.75,0.5,-0.0019162435601399195,收盘价走高,-26.000452041625977
188,SH603337,2024-09-11,26.65999984741211,26.709999084472656,14.999771118164062,0.001875440260567,专用设备 <span style='color:green;'>↓9</span>(48),杰克股份,4,48.25,0.75,0.08967624388418387,收盘价走高,-33.999013900756836
189,SZ300382,2024-09-03,6.070000171661377,7.25,1887.9997253417969,0.1943986482648901,专用设备 <span style='color:green;'>↓9</span>(48),斯莱克,1,15.0,1.0,0.19439864826489017,收盘价走高,-33.999013900756836
190,SH688789,2024-09-02,62.77999877929688,61.77999877929688,-100.0,-0.0159286400038888,专用设备 <span style='color:green;'>↓9</span>(48),宏华数科,6,19.833333333333332,0.16666666666666666,-0.021340448243631432,收盘价走高,-33.999013900756836
191,SH601038,2024-08-29,15.09000015258789,16.540000915527344,870.0004577636719,0.0960901754988241,专用设备 <span style='color:green;'>↓9</span>(48),一拖股份,3,82.0,0.6666666666666666,0.15180128802138176,上穿年线,-33.999013900756836
192,SZ002595,2024-08-19,36.7400016784668,43.20000076293945,1291.9998168945312,0.1758301249141978,专用设备 <span style='color:green;'>↓9</span>(48),豪迈科技,2,91.5,1.0,0.1883706220169808,收盘价走高,-33.999013900756836
193,SH600843,2024-07-31,7.559999942779541,7.03000020980835,-688.9996528625488,-0.0701057853151688,专用设备 <span style='color:green;'>↓9</span>(48),上工申贝,5,29.4,0.2,0.0034036947832702417,收盘价走高,-33.999013900756836
194,SH600501,2024-07-25,13.029999732971191,14.520000457763672,1043.0005073547363,0.1143515545147843,专用设备 <span style='color:green;'>↓9</span>(48),航天晨光,4,34.25,0.5,0.008249537709964888,收盘价走高,-33.999013900756836
195,SH601899,2024-09-13,14.68000030517578,15.039999961853027,215.99979400634768,0.0245231368660339,贵金属 <span style='color:green;'>↓8</span>(49),紫金矿业,5,37.8,0.4,0.07811643671634505,上穿年线,-44.00043487548828
196,SZ000975,2024-09-13,16.700000762939453,16.18000030517578,-260.00022888183594,-0.0311377505393684,贵金属 <span style='color:green;'>↓8</span>(49),山金国际,5,30.8,0.4,0.025815905886169895,均线密集突破,-44.00043487548828
197,SZ300147,2024-07-31,4.059999942779541,6.199999809265137,5135.99967956543,0.5270935706024955,中药 <span style='color:red;'>↑24</span>(50),香雪制药,3,24.333333333333332,0.3333333333333333,0.11369930601796302,收盘价走高,-56.000328063964844
198,SZ002584,2024-08-30,6.190000057220459,6.139999866485596,-80.00030517578125,-0.0080775751652117,电子化学品 <span style='color:red;'>↑1</span>(51),西陇科学,4,16.5,0.0,-0.059277502505717915,收盘价走高,-95.99990844726562
199,SZ002738,2024-09-11,30.270000457763672,28.299999237060547,-591.0003662109375,-0.0650809775656233,能源金属 <span style='color:red;'>↑10</span>(52),中矿资源,2,28.5,0.5,0.027822159230853592,均线破线,-105.00040054321289
200,SZ002667,2024-08-07,5.360000133514404,6.619999885559082,2267.99955368042,0.2350745747497828,能源金属 <span style='color:red;'>↑10</span>(52),威领股份,1,42.0,1.0,0.23507457474978283,成交量放大,-105.00040054321289
201,SZ002332,2024-07-31,12.039999961853027,11.300000190734863,-591.9998168945312,-0.0614617752045469,化学制药 (53),仙琚制药,3,39.666666666666664,0.3333333333333333,-0.037535828026891864,收盘价走高,-200.0
202,SZ001323,2024-09-11,29.149999618530277,28.350000381469727,-239.9997711181641,-0.0274442280456154,家用轻工 <span style='color:green;'>↓6</span>(54),慕思股份,3,27.333333333333332,0.3333333333333333,-0.013760436928134024,收盘价走高,-239.99977111816406
203,SZ300399,2024-09-11,11.470000267028809,12.529999732971191,847.9995727539062,0.0924149469280671,电子信息 <span style='color:green;'>↓31</span>(55),天利科技,5,12.8,0.6,-0.004258105623085548,均线多头,-243.00050735473633
204,SZ300766,2024-08-27,9.8100004196167,9.5,-310.0004196166992,-0.0316004491698902,电子信息 <span style='color:green;'>↓31</span>(55),每日互动,3,14.333333333333334,0.0,-0.08709391844083947,收盘价走高,-243.00050735473633
205,SH603358,2024-09-13,28.920000076293945,28.700000762939453,-65.99979400634766,-0.0076071684914976,汽车行业 <span style='color:red;'>↑26</span>(56),华达科技,4,38.25,0.25,0.014664316339463393,收盘价走高,-346.0005283355713
206,SH600148,2024-09-12,13.56999969482422,14.470000267028809,630.0004005432129,0.0663228144763969,汽车行业 <span style='color:red;'>↑26</span>(56),长春一东,6,7.833333333333333,0.3333333333333333,0.006073644937502917,均线多头,-346.0005283355713
207,SH600178,2024-09-12,8.680000305175781,8.960000038146973,307.99970626831055,0.0322580326182973,汽车行业 <span style='color:red;'>↑26</span>(56),东安动力,3,15.666666666666666,0.3333333333333333,-0.09762248485307812,收盘价走高,-346.0005283355713
208,SZ000678,2024-09-10,4.519999980926514,4.639999866485596,263.99974822998047,0.0265486473596144,汽车行业 <span style='color:red;'>↑26</span>(56),襄阳轴承,2,11.5,0.5,-0.0060362116572727584,均线多头,-346.0005283355713
209,SH603306,2024-09-10,20.459999084472656,17.299999237060547,-1263.9999389648438,-0.1544477022880354,汽车行业 <span style='color:red;'>↑26</span>(56),华懋科技,3,9.666666666666666,0.0,-0.09713097343444553,均线多头,-346.0005283355713
210,SH605333,2024-09-06,24.8799991607666,25.059999465942383,72.0001220703125,0.0072347391980472,汽车行业 <span style='color:red;'>↑26</span>(56),沪光股份,2,90.0,1.0,0.15582022778630256,收盘价走高,-346.0005283355713
211,SZ300100,2024-09-05,11.890000343322754,12.710000038146973,655.999755859375,0.0689654895834143,汽车行业 <span style='color:red;'>↑26</span>(56),双林股份,3,55.666666666666664,0.6666666666666666,0.06528144247716448,收盘价走高,-346.0005283355713
212,SH603596,2024-09-05,38.72999954223633,39.77000045776367,208.00018310546875,0.0268525930239991,汽车行业 <span style='color:red;'>↑26</span>(56),伯特利,4,14.5,0.25,-0.05167959565992877,收盘价走高,-346.0005283355713
213,SZ000559,2024-09-03,4.570000171661377,4.929999828338623,755.9992790222168,0.078774538983523,汽车行业 <span style='color:red;'>↑26</span>(56),万向钱潮,11,4.818181818181818,0.7272727272727273,-0.0044586046719840185,收盘价走高,-346.0005283355713
214,SH603997,2024-08-30,11.279999732971191,11.739999771118164,368.0000305175781,0.0407801461911743,汽车行业 <span style='color:red;'>↑26</span>(56),继峰股份,6,17.5,0.5,-0.009547783978221739,收盘价走高,-346.0005283355713
215,SH603730,2024-08-30,9.1899995803833,9.460000038146973,270.0004577636719,0.0293798117619076,汽车行业 <span style='color:red;'>↑26</span>(56),岱美股份,2,51.5,0.5,-0.026189191347895546,收盘价走高,-346.0005283355713
216,SH600741,2024-08-29,14.609999656677246,15.970000267028809,816.0003662109375,0.0930869707262448,汽车行业 <span style='color:red;'>↑26</span>(56),华域汽车,4,12.25,0.25,-0.004186344081524042,均线密集突破,-346.0005283355713
217,SZ002488,2024-08-19,6.0,7.630000114440918,2608.0001831054688,0.271666685740153,汽车行业 <span style='color:red;'>↑26</span>(56),金固股份,2,23.0,1.0,0.24419084732260096,均线多头,-346.0005283355713
218,SH603662,2024-09-03,24.770000457763672,24.190000534057617,-231.99996948242188,-0.0234154183684831,仪器仪表 <span style='color:green;'>↓7</span>(57),柯力传感,6,15.333333333333334,0.16666666666666666,-0.010931517862922773,收盘价走高,-359.0003967285156
219,SZ002819,2024-08-15,21.5,22.96999931335449,587.9997253417969,0.0683720610862554,仪器仪表 <span style='color:green;'>↓7</span>(57),东方中科,3,18.666666666666668,0.3333333333333333,-0.009272773722836532,收盘价走高,-359.0003967285156
220,SH601222,2024-08-06,6.190000057220459,7.059999942779541,1391.9998168945312,0.14054925323373,仪器仪表 <span style='color:green;'>↓7</span>(57),林洋能源,6,19.666666666666668,0.5,0.02533943319522936,收盘价走高,-359.0003967285156
221,SZ300797,2024-09-10,9.699999809265137,10.350000381469728,650.0005722045898,0.0670103695861653,专业服务 <span style='color:green;'>↓7</span>(58),钢研纳克,3,15.0,0.3333333333333333,-0.009826807313796072,收盘价走高,-449.99942779541016
222,SH600662,2024-09-10,4.380000114440918,3.880000114440918,-1100.0,-0.1141552481588969,专业服务 <span style='color:green;'>↓7</span>(58),外服控股,4,16.75,0.0,-0.05453292582235119,收盘价走高,-449.99942779541016
223,SZ300192,2024-07-31,11.420000076293944,10.15999984741211,-1008.0001831054688,-0.1103327688672604,教育 <span style='color:red;'>↑5</span>(59),科德教育,10,13.9,0.2,-0.020916716527993515,上穿年线,-520.0004577636719
224,SH600418,2024-09-06,22.46999931335449,21.63999938964844,-331.9999694824219,-0.0369381374752764,汽车整车 <span style='color:red;'>↑11</span>(60),江淮汽车,6,29.333333333333332,0.5,-0.0019553273554280674,均线多头,-539.9996995925903
225,SZ002594,2024-08-30,249.4199981689453,258.42999267578125,900.9994506835938,0.0361237854742224,汽车整车 <span style='color:red;'>↑11</span>(60),比亚迪,5,36.2,0.6,0.02569989237672697,收盘价走高,-539.9996995925903
226,SH600686,2024-07-10,8.010000228881836,10.880000114440918,3443.9998626708984,0.3583020978215031,汽车整车 <span style='color:red;'>↑11</span>(60),金龙汽车,7,19.857142857142858,0.14285714285714285,0.006976741413326802,收盘价走高,-539.9996995925903
227,SH601777,2024-07-08,3.3399999141693115,3.880000114440918,1566.0005807876587,0.1616767108228831,汽车整车 <span style='color:red;'>↑11</span>(60),力帆科技,4,27.0,0.75,0.055525791730957466,均线多头,-539.9996995925903
228,SZ000792,2024-09-09,15.130000114440918,14.68000030517578,-269.99988555908203,-0.029742221140873,化肥行业 <span style='color:green;'>↓14</span>(61),盐湖股份,8,9.125,0.0,-0.027748309879947527,成交量放大,-638.9997959136963
229,SZ002312,2024-08-28,7.150000095367432,7.630000114440918,624.0000247955322,0.0671328689050625,化肥行业 <span style='color:green;'>↓14</span>(61),川发龙蟒,3,44.0,0.6666666666666666,0.023242191504182858,收盘价走高,-638.9997959136963
230,SZ000902,2024-08-06,11.1899995803833,11.789999961853027,480.0003051757813,0.0536193390499818,化肥行业 <span style='color:green;'>↓14</span>(61),新洋丰,3,52.333333333333336,0.6666666666666666,0.017698163983346685,上穿年线,-638.9997959136963
231,SZ002512,2024-09-11,3.5799999237060547,3.3399999141693115,-648.0000257492065,-0.0670391102378272,计算机设备 <span style='color:green;'>↓22</span>(62),达华智能,4,9.5,0.0,-0.044446737266897775,成交量放大,-642.0005559921265
232,SH600764,2024-09-02,20.059999465942383,21.68000030517578,648.0003356933594,0.0807577708057179,计算机设备 <span style='color:green;'>↓22</span>(62),中国海防,8,10.0,0.25,-0.02030359527573076,均线多头,-642.0005559921265
233,SH603106,2024-08-30,4.460000038146973,4.5,87.99991607666016,0.0089686012356283,计算机设备 <span style='color:green;'>↓22</span>(62),恒银科技,3,8.0,0.3333333333333333,-0.034505299254936915,收盘价走高,-642.0005559921265
234,SZ002075,2024-07-29,4.300000190734863,4.5,459.99956130981445,0.0465115814869201,钢铁行业 <span style='color:green;'>↓9</span>(63),沙钢股份,5,31.6,0.6,0.0004881931016597377,收盘价走高,-744.0011978149414
235,SZ001267,2024-09-13,5.050000190734863,4.949999809265137,-190.00072479248047,-0.0198020549886701,工程建设 <span style='color:red;'>↑11</span>(64),汇绿生态,6,19.5,0.16666666666666666,-0.0018790944831003605,上穿年线,-771.0000514984131
236,SH600133,2024-09-12,7.789999961853027,8.050000190734863,312.0002746582031,0.0333761527798504,工程建设 <span style='color:red;'>↑11</span>(64),东湖高新,4,18.0,0.25,-0.06047448089551083,成交量放大,-771.0000514984131
237,SZ300270,2024-09-13,5.71999979019165,5.420000076293945,-509.9995136260986,-0.0524475043534317,安防设备 <span style='color:green;'>↓7</span>(65),中威电子,7,5.714285714285714,0.14285714285714285,-0.05216785455821471,成交量放大,-884.99915599823
238,SZ300155,2024-09-05,3.9600000381469727,3.450000047683716,-1274.999976158142,-0.1287878751389872,安防设备 <span style='color:green;'>↓7</span>(65),安居宝,3,7.666666666666667,0.0,-0.08763275381821599,收盘价走高,-884.99915599823
239,SZ002249,2024-09-12,4.75,4.71999979019165,-63.00044059753418,-0.006315833643863,电机 <span style='color:green;'>↓10</span>(66),大洋电机,6,12.166666666666666,0.16666666666666666,-0.009306809664421265,均线多头,-1167.0007228851318
240,SZ300626,2024-08-29,8.0,8.119999885559082,143.99986267089844,0.0149999856948852,电机 <span style='color:green;'>↓10</span>(66),华瑞股份,5,16.2,0.2,-0.04857585245473148,收盘价走高,-1167.0007228851318
241,SZ002823,2024-08-28,13.1899995803833,12.140000343322754,-734.9994659423828,-0.0796057066311168,电机 <span style='color:green;'>↓10</span>(66),凯中精密,7,18.0,0.14285714285714285,-0.021760821759475104,收盘价走高,-1167.0007228851318
242,SZ002246,2024-09-13,8.380000114440918,8.430000305175781,55.00020980834961,0.0059666097914127,化工行业 <span style='color:red;'>↑11</span>(67),北化股份,6,20.0,0.3333333333333333,-0.01996096413598942,上穿年线,-1189.9993419647217
243,SZ300067,2024-09-13,4.079999923706055,3.7699999809265137,-743.9998626708984,-0.0759803795530352,化工行业 <span style='color:red;'>↑11</span>(67),安诺其,4,26.5,0.25,0.029741579803486847,上穿年线,-1189.9993419647217
244,SH600500,2024-09-03,3.829999923706055,3.640000104904175,-493.9995288848877,-0.0496083087693716,化工行业 <span style='color:red;'>↑11</span>(67),中化国际,4,12.5,0.0,-0.047675756338289466,收盘价走高,-1189.9993419647217
245,SZ301036,2024-08-30,32.029998779296875,28.59000015258789,-1031.9995880126953,-0.1073992743618986,化工行业 <span style='color:red;'>↑11</span>(67),双乐股份,4,33.0,0.5,0.02211079168898194,收盘价走高,-1189.9993419647217
246,SH600352,2024-08-26,8.989999771118164,8.960000038146973,-32.99970626831055,-0.0033370115389291,化工行业 <span style='color:red;'>↑11</span>(67),浙江龙盛,10,17.6,0.1,-0.015154947224472646,收盘价走高,-1189.9993419647217
247,SZ002827,2024-04-23,13.760000228881836,24.239999771118164,7335.99967956543,0.7616278610402286,化工行业 <span style='color:red;'>↑11</span>(67),高争民爆,3,65.0,0.3333333333333333,0.2300667966052211,上穿年线,-1189.9993419647217
248,SH601156,2024-09-12,15.850000381469728,15.149999618530272,-420.0004577636719,-0.0441640849269521,交运物流 <span style='color:red;'>↑5</span>(68),东航物流,7,24.428571428571427,0.2857142857142857,-0.008745840820090799,上穿年线,-1223.9992141723633
249,SZ002352,2024-09-11,36.470001220703125,36.59000015258789,23.999786376953125,0.0032903462535845,交运物流 <span style='color:red;'>↑5</span>(68),顺丰控股,5,20.0,0.2,-0.02395277834762787,均线多头,-1223.9992141723633
250,SZ002120,2024-09-03,7.510000228881836,7.53000020980835,25.999975204467773,0.0026631132246305,交运物流 <span style='color:red;'>↑5</span>(68),韵达股份,3,25.666666666666668,0.6666666666666666,0.03133394276280728,收盘价走高,-1223.9992141723633
251,SH600233,2024-09-03,15.970000267028809,15.43000030517578,-323.9999771118164,-0.0338133971711882,交运物流 <span style='color:red;'>↑5</span>(68),圆通速递,5,28.4,0.4,0.03878781937940597,均线破线,-1223.9992141723633
252,SZ002468,2024-08-29,8.760000228881836,10.130000114440918,1506.9998741149902,0.1563926769136574,交运物流 <span style='color:red;'>↑5</span>(68),申通快递,5,25.0,0.4,0.024993795543324857,收盘价走高,-1223.9992141723633
253,SZ301090,2024-09-10,6.199999809265137,5.869999885559082,-527.9998779296875,-0.0532257957835596,化学原料 <span style='color:red;'>↑3</span>(69),华润材料,1,8.0,0.0,-0.053225795783559605,成交量放大,-1475.9997844696045
254,SH600328,2024-09-03,7.440000057220459,6.900000095367432,-701.9999504089355,-0.072580639475797,化学原料 <span style='color:red;'>↑3</span>(69),中盐化工,5,23.8,0.2,-0.029619387182922043,收盘价走高,-1475.9997844696045
255,SZ301286,2024-08-29,27.76000022888184,28.600000381469727,252.0000457763672,0.030259371241429,化学原料 <span style='color:red;'>↑3</span>(69),侨源股份,3,45.0,0.6666666666666666,0.0024616222381424638,均线密集突破,-1475.9997844696045
256,SH603663,2024-08-22,14.449999809265137,13.289999961853027,-695.9999084472656,-0.0802768071089062,化学原料 <span style='color:red;'>↑3</span>(69),三祥新材,3,47.0,0.3333333333333333,0.07816684398444175,收盘价走高,-1475.9997844696045
257,SH600698,2024-09-03,3.7100000381469727,4.150000095367432,1144.0001487731934,0.1185983969531776,汽车零部件 <span style='color:green;'>↓10</span>(70),湖南天雁,6,6.333333333333333,0.16666666666666666,-0.012810559890434347,收盘价走高,-1609.9989414215088
258,SH603085,2024-09-02,8.90999984741211,7.820000171661377,-1198.9996433258057,-0.1223344213712103,汽车零部件 <span style='color:green;'>↓10</span>(70),天成自控,11,7.0,0.09090909090909091,-0.054715203154561846,收盘价走高,-1609.9989414215088
259,SZ001319,2024-08-19,16.520000457763672,17.190000534057617,402.0000457763672,0.0405569042208515,汽车零部件 <span style='color:green;'>↓10</span>(70),铭科精技,1,30.0,1.0,0.04055690422085157,收盘价走高,-1609.9989414215088
260,SZ002649,2024-09-13,8.779999732971191,8.380000114440918,-439.9995803833008,-0.045558044498358,互联网服务 <span style='color:green;'>↓10</span>(71),博彦科技,3,3.0,0.0,-0.03543332652815498,均线多头,-1922.9992866516113
261,SH600756,2024-09-12,10.449999809265137,10.359999656677246,-81.00013732910156,-0.0086124549502953,互联网服务 <span style='color:green;'>↓10</span>(71),浪潮软件,4,9.25,0.0,-0.04080983302663098,收盘价走高,-1922.9992866516113
262,SZ300295,2024-09-11,10.210000038146973,10.34000015258789,117.00010299682616,0.0127326262443885,互联网服务 <span style='color:green;'>↓10</span>(71),三六五网,4,10.25,0.5,-0.008994322828412213,均线多头,-1922.9992866516113
263,SZ300277,2024-09-10,6.5,7.5,1500.0,0.1538461538461538,互联网服务 <span style='color:green;'>↓10</span>(71),海联讯,4,9.5,0.25,0.023926382829222013,收盘价走高,-1922.9992866516113
264,SZ300231,2024-09-10,7.690000057220459,7.96999979019165,363.9996528625488,0.0364108882818912,互联网服务 <span style='color:green;'>↓10</span>(71),银信科技,3,11.333333333333334,0.3333333333333333,-0.008234820999173994,均线破线,-1922.9992866516113
265,SH603918,2024-09-10,9.869999885559082,9.359999656677246,-510.000228881836,-0.0516717563115703,互联网服务 <span style='color:green;'>↓10</span>(71),金桥信息,2,4.5,0.0,-0.05146067878034979,收盘价走高,-1922.9992866516113
266,SZ002771,2024-09-09,16.969999313354492,16.719999313354492,-125.0,-0.0147318803839469,互联网服务 <span style='color:green;'>↓10</span>(71),真视通,6,9.166666666666666,0.16666666666666666,-0.06512191997109523,均线破线,-1922.9992866516113
267,SZ300518,2024-09-05,8.350000381469727,8.899999618530273,604.9991607666016,0.0658681690938723,互联网服务 <span style='color:green;'>↓10</span>(71),新迅达,2,13.0,0.5,0.0029325065396607415,收盘价走高,-1922.9992866516113
268,SZ300170,2024-09-03,6.510000228881836,6.300000190734863,-315.000057220459,-0.0322580692417337,互联网服务 <span style='color:green;'>↓10</span>(71),汉得信息,5,6.0,0.0,-0.05342832036522062,均线破线,-1922.9992866516113
269,SZ300290,2024-09-03,9.170000076293944,8.829999923706055,-340.0001525878906,-0.0370774427218218,互联网服务 <span style='color:green;'>↓10</span>(71),荣科科技,4,40.5,0.5,0.05573711074608622,均线密集突破,-1922.9992866516113
270,SH600718,2024-08-30,8.119999885559082,8.59000015258789,564.0003204345703,0.0578818071001053,互联网服务 <span style='color:green;'>↓10</span>(71),东软集团,5,10.2,0.4,-0.0070822551076170194,收盘价走高,-1922.9992866516113
271,SZ300166,2024-08-30,6.289999961853027,6.050000190734863,-359.9996566772461,-0.0381557667048793,互联网服务 <span style='color:green;'>↓10</span>(71),东方国信,2,27.5,0.0,-0.11599477254509827,收盘价走高,-1922.9992866516113
272,SZ301382,2024-08-21,17.90999984741211,20.75,1420.0000762939453,0.1585706408031184,互联网服务 <span style='color:green;'>↓10</span>(71),蜂助手,1,28.0,1.0,0.1585706408031184,收盘价走高,-1922.9992866516113
273,SZ002642,2024-08-16,5.75,5.619999885559082,-221.00019454956052,-0.0226087155549422,互联网服务 <span style='color:green;'>↓10</span>(71),荣联科技,1,33.0,0.0,-0.022608715554942257,收盘价走高,-1922.9992866516113
274,SH600941,2024-09-13,100.25,100.70999908447266,45.999908447265625,0.0045885195458619,通信服务 <span style='color:red;'>↑4</span>(72),中国移动,7,31.285714285714285,0.42857142857142855,0.00018672132282550753,上穿年线,-2810.9995126724243
275,SH603421,2024-09-10,4.539999961853027,5.539999961853027,2200.0,0.2202643190313693,通信服务 <span style='color:red;'>↑4</span>(72),鼎信通讯,1,8.0,1.0,0.22026431903136937,收盘价走高,-2810.9995126724243
276,SZ300560,2024-09-09,11.770000457763672,10.859999656677246,-728.0006408691406,-0.0773152732110707,通信服务 <span style='color:red;'>↑4</span>(72),中富通,3,8.333333333333334,0.0,-0.055421781709493106,均线破线,-2810.9995126724243
277,SH603322,2024-09-04,26.170000076293945,24.13999938964844,-609.0002059936523,-0.0775697623510662,通信服务 <span style='color:red;'>↑4</span>(72),超讯通信,3,24.0,0.3333333333333333,-0.029106731438952736,收盘价走高,-2810.9995126724243
278,SZ300310,2024-08-28,4.639999866485596,4.329999923706055,-650.9998798370361,-0.0668103344180351,通信服务 <span style='color:red;'>↑4</span>(72),宜通世纪,7,10.285714285714286,0.0,-0.07400095308864608,均线多头,-2810.9995126724243
279,SZ002919,2024-09-10,12.520000457763672,12.380000114440918,-98.00024032592772,-0.0111821356392954,游戏 <span style='color:green;'>↓10</span>(73),名臣健康,2,10.5,0.0,-0.053749715829636086,收盘价走高,-3064.9998664855957
280,SZ002517,2024-09-06,9.579999923706056,9.350000381469728,-229.99954223632807,-0.0240083031386238,游戏 <span style='color:green;'>↓10</span>(73),恺英网络,3,18.0,0.0,-0.05515809877377733,收盘价走高,-3064.9998664855957
281,SZ002605,2024-09-06,20.57999992370605,19.51000022888184,-427.9998779296875,-0.0519922108256029,游戏 <span style='color:green;'>↓10</span>(73),姚记科技,4,18.75,0.25,-0.027771606168486562,均线多头,-3064.9998664855957
282,SZ002558,2024-09-05,9.399999618530272,9.1899995803833,-210.00003814697263,-0.0223404304967202,游戏 <span style='color:green;'>↓10</span>(73),巨人网络,4,8.75,0.25,-0.01729619414688606,收盘价走高,-3064.9998664855957
283,SH603444,2024-08-29,186.0500030517578,190.9900054931641,494.000244140625,0.0265520148367424,游戏 <span style='color:green;'>↓10</span>(73),吉比特,3,12.666666666666666,0.6666666666666666,0.0046810361331458255,均线多头,-3064.9998664855957
284,SZ002555,2024-08-27,13.670000076293944,13.380000114440918,-202.99997329711917,-0.0212143350573885,游戏 <span style='color:green;'>↓10</span>(73),三七互娱,2,13.5,0.0,-0.039324650182627506,收盘价走高,-3064.9998664855957
285,SZ300299,2024-08-21,4.539999961853027,3.7300000190734863,-1781.9998741149902,-0.1784140858117837,游戏 <span style='color:green;'>↓10</span>(73),富春股份,3,12.333333333333334,0.3333333333333333,-0.022537901283979967,均线多头,-3064.9998664855957
286,SZ301297,2024-09-12,19.850000381469727,21.290000915527344,720.0002670288086,0.0725441061150749,半导体 <span style='color:green;'>↓36</span>(74),富乐德,8,6.625,0.375,-0.011600253859800074,收盘价走高,-3127.0010948181152
287,SZ002079,2024-09-11,7.800000190734863,8.09000015258789,347.9999542236328,0.0371794813796928,半导体 <span style='color:green;'>↓36</span>(74),苏州固锝,2,9.5,0.5,0.008490079091730636,成交量放大,-3127.0010948181152
288,SZ300077,2024-08-06,10.359999656677246,9.3100004196167,-944.9993133544922,-0.1013512810672536,半导体 <span style='color:green;'>↓36</span>(74),国民技术,5,14.6,0.0,-0.05868724365540698,均线多头,-3127.0010948181152
289,SZ003026,2024-07-30,26.1299991607666,28.540000915527344,723.0005264282227,0.0922312220499144,半导体 <span style='color:green;'>↓36</span>(74),中晶科技,6,15.666666666666666,0.5,-0.00897001889582783,均线多头,-3127.0010948181152
290,SH688041,2024-07-24,75.44000244140625,74.7300033569336,-70.99990844726562,-0.0094114403697707,半导体 <span style='color:green;'>↓36</span>(74),海光信息,7,19.285714285714285,0.14285714285714285,-0.0020204373907826935,均线多头,-3127.0010948181152
291,SH600171,2024-06-17,18.450000762939453,19.559999465942383,554.9993515014648,0.0601625288402473,半导体 <span style='color:green;'>↓36</span>(74),上海贝岭,1,93.0,1.0,0.06016252884024731,均线多头,-3127.0010948181152
292,SH688256,2024-05-09,178.11000061035156,210.00999450683597,3189.999389648437,0.179102766757446,半导体 <span style='color:green;'>↓36</span>(74),寒武纪-U,3,62.333333333333336,0.6666666666666666,0.12313076376267908,上穿年线,-3127.0010948181152
293,SH688018,2024-05-08,75.70999908447266,90.4000015258789,1469.000244140625,0.1940298853393992,半导体 <span style='color:green;'>↓36</span>(74),乐鑫科技,3,55.0,0.6666666666666666,0.06579849954891226,均线多头,-3127.0010948181152
294,SH603825,2024-09-13,8.979999542236328,8.880000114440918,-109.99937057495116,-0.0111357943087942,文化传媒 <span style='color:green;'>↓60</span>(75),华扬联众,5,6.6,0.2,-0.04430091326001916,成交量放大,-3456.9997787475586
295,SH603721,2024-09-13,21.5,20.82999992370605,-268.0000305175781,-0.03116279424623,文化传媒 <span style='color:green;'>↓60</span>(75),中广天择,4,12.75,0.0,-0.04848176588040875,收盘价走高,-3456.9997787475586
296,SZ300781,2024-09-11,41.08000183105469,40.7599983215332,-64.00070190429688,-0.0077897637599318,文化传媒 <span style='color:green;'>↓60</span>(75),因赛集团,6,23.0,0.16666666666666666,0.05333772601978641,上穿年线,-3456.9997787475586
297,SZ000156,2024-09-05,6.289999961853027,6.050000190734863,-359.9996566772461,-0.0381557667048793,文化传媒 <span style='color:green;'>↓60</span>(75),华数传媒,6,6.833333333333333,0.16666666666666666,-0.014599175888248253,均线密集突破,-3456.9997787475586
298,SH601900,2024-09-03,11.989999771118164,12.550000190734863,448.0003356933594,0.0467056238787963,文化传媒 <span style='color:green;'>↓60</span>(75),南方传媒,5,14.6,0.2,-0.043162085457696384,收盘价走高,-3456.9997787475586
299,SH600637,2024-09-03,6.199999809265137,6.179999828338623,-31.999969482421875,-0.0032258034744817,文化传媒 <span style='color:green;'>↓60</span>(75),东方明珠,3,9.0,0.0,-0.029402730910261795,收盘价走高,-3456.9997787475586
300,SZ000719,2024-08-28,10.5,10.770000457763672,243.0004119873047,0.0257143293108258,文化传媒 <span style='color:green;'>↓60</span>(75),中原传媒,7,12.714285714285714,0.2857142857142857,-0.014564433495898683,收盘价走高,-3456.9997787475586
301,SH601098,2024-08-26,12.979999542236328,13.199999809265137,154.00018692016602,0.0169491737124441,文化传媒 <span style='color:green;'>↓60</span>(75),中南传媒,5,35.6,0.6,0.0023095943425662253,均线多头,-3456.9997787475586
302,SZ300063,2024-08-16,4.28000020980835,4.019999980926514,-598.0005264282227,-0.0607477140505743,文化传媒 <span style='color:green;'>↓60</span>(75),天龙集团,4,13.25,0.25,-0.0394933488754905,收盘价走高,-3456.9997787475586
303,SH601928,2024-08-14,10.649999618530272,11.4399995803833,710.9999656677246,0.0741784028309711,文化传媒 <span style='color:green;'>↓60</span>(75),凤凰传媒,5,34.4,0.4,0.012537869608487727,收盘价走高,-3456.9997787475586
304,SH600757,2024-08-14,8.329999923706055,8.5,204.0000915527344,0.0204081726111603,文化传媒 <span style='color:green;'>↓60</span>(75),长江传媒,5,25.8,0.4,0.002554696096454258,均线破线,-3456.9997787475586
305,SH601019,2024-08-12,11.75,12.140000343322754,312.0002746582031,0.0331915185806599,文化传媒 <span style='color:green;'>↓60</span>(75),山东出版,4,52.0,0.5,0.05429505291693517,收盘价走高,-3456.9997787475586
306,SH601811,2024-08-12,14.170000076293944,14.380000114440918,147.00002670288086,0.0148200449552782,文化传媒 <span style='color:green;'>↓60</span>(75),新华文轩,4,42.0,0.5,-0.009630742931869808,收盘价走高,-3456.9997787475586
307,SZ300061,2024-07-18,4.090000152587891,5.889999866485596,4319.999313354492,0.4400977131403724,文化传媒 <span style='color:green;'>↓60</span>(75),旗天科技,2,39.0,0.5,0.20032406430530042,收盘价走高,-3456.9997787475586
308,SZ300750,2024-09-11,186.55999755859372,186.3999938964844,-16.0003662109375,-0.0008576525739882,电池 <span style='color:red;'>↑5</span>(76),宁德时代,7,19.714285714285715,0.14285714285714285,0.017023698103958602,均线破线,-3530.0007820129395
309,SZ002805,2024-09-10,10.899999618530272,9.6899995803833,-1089.0000343322754,-0.1110091816966619,电池 <span style='color:red;'>↑5</span>(76),丰元股份,4,14.25,0.25,-0.06041679497418284,均线多头,-3530.0007820129395
310,SZ300438,2024-09-06,24.850000381469727,22.450000762939453,-959.9998474121094,-0.0965794600276914,电池 <span style='color:red;'>↑5</span>(76),鹏辉能源,5,9.8,0.4,0.015083088640902687,均线多头,-3530.0007820129395
311,SH603032,2024-09-04,13.550000190734863,13.81999969482422,188.99965286254883,0.0199261623829329,电池 <span style='color:red;'>↑5</span>(76),德新科技,2,24.5,0.5,-0.061658010517904246,收盘价走高,-3530.0007820129395
312,SZ002850,2024-09-03,79.88999938964844,76.58999633789062,-330.00030517578125,-0.0413068353607398,电池 <span style='color:red;'>↑5</span>(76),科达利,8,11.125,0.25,-0.013666397817464959,收盘价走高,-3530.0007820129395
313,SH688819,2024-08-29,24.06999969482422,27.030000686645508,1184.0003967285156,0.1229747000145487,电池 <span style='color:red;'>↑5</span>(76),天能股份,2,44.0,0.5,0.04601044745896761,收盘价走高,-3530.0007820129395
314,SZ300619,2024-08-20,18.36000061035156,24.030000686645508,2835.0000381469727,0.3088235233008183,电池 <span style='color:red;'>↑5</span>(76),金银河,2,15.0,0.5,0.1218234612676059,成交量放大,-3530.0007820129395
315,SZ300628,2024-09-10,34.099998474121094,34.97999954223633,176.00021362304688,0.025806484090698,通讯行业 <span style='color:green;'>↓68</span>(77),亿联网络,6,21.5,0.8333333333333334,0.05513007835597215,收盘价走高,-3628.9989471435547
316,SZ002194,2024-09-10,8.619999885559082,8.1899995803833,-473.0003356933594,-0.0498840267847511,通讯行业 <span style='color:green;'>↓68</span>(77),武汉凡谷,4,10.25,0.25,-0.03661081679275627,均线多头,-3628.9989471435547
317,SH603083,2024-09-10,28.729999542236328,26.5,-668.9998626708984,-0.0776191986692508,通讯行业 <span style='color:green;'>↓68</span>(77),剑桥科技,2,7.0,0.0,-0.10110255043875674,成交量放大,-3628.9989471435547
318,SZ300134,2024-09-03,8.15999984741211,8.600000381469727,528.0006408691406,0.0539216350839958,通讯行业 <span style='color:green;'>↓68</span>(77),大富科技,3,18.666666666666668,0.3333333333333333,0.005204283695217146,均线多头,-3628.9989471435547
319,SZ002792,2024-09-03,10.68000030517578,10.630000114440918,-45.00017166137695,-0.0046816656653681,通讯行业 <span style='color:green;'>↓68</span>(77),通宇通讯,7,11.571428571428571,0.14285714285714285,-0.038469024961056725,收盘价走高,-3628.9989471435547
320,SH600487,2024-08-29,14.18000030517578,14.899999618530272,503.9995193481445,0.0507756909632567,通讯行业 <span style='color:green;'>↓68</span>(77),亨通光电,2,86.5,1.0,0.13064203455885884,上穿年线,-3628.9989471435547
321,SZ300343,2024-09-04,4.829999923706055,4.03000020980835,-1599.9994277954102,-0.165631413361155,化学制品 <span style='color:green;'>↓8</span>(78),联创股份,3,23.0,0.3333333333333333,-0.0722538369520852,收盘价走高,-3636.9979858398438
322,SZ300169,2024-08-28,5.230000019073486,5.800000190734863,1083.0003261566162,0.1089866481037517,化学制品 <span style='color:green;'>↓8</span>(78),天晟新材,6,12.0,0.3333333333333333,-0.021931230133315688,均线多头,-3636.9979858398438
323,SH601326,2024-07-18,3.2699999809265137,3.1700000762939453,-299.9997138977051,-0.0305810107693745,港口水运 <span style='color:red;'>↑5</span>(79),秦港股份,7,20.571428571428573,0.14285714285714285,-0.017672431118109646,均线破线,-3894.999313354492
324,SZ001872,2024-01-25,16.1299991607666,19.57999992370605,2070.000457763672,0.213887225197815,港口水运 <span style='color:red;'>↑5</span>(79),招商港口,1,237.0,1.0,0.21388722519781478,收盘价走高,-3894.999313354492
325,SZ201872,2024-01-24,7.170000076293945,10.68000030517578,4563.000297546387,0.4895397756670732,港口水运 <span style='color:red;'>↑5</span>(79),招港B,1,238.0,1.0,0.48953977566707296,均线多头,-3894.999313354492
326,SH601000,2024-01-24,3.630000114440918,4.929999828338623,3509.999227523804,0.3581266316565742,港口水运 <span style='color:red;'>↑5</span>(79),唐山港,1,238.0,1.0,0.35812663165657427,均线多头,-3894.999313354492
327,SH600018,2024-01-23,5.039999961853027,5.75,1349.000072479248,0.1408730245081055,港口水运 <span style='color:red;'>↑5</span>(79),上港集团,1,239.0,1.0,0.14087302450810557,均线多头,-3894.999313354492
328,SH600548,2024-09-12,9.649999618530272,9.90999984741211,260.00022888183594,0.0269430299647446,高速公路 <span style='color:red;'>↑6</span>(80),深高速,5,32.8,0.4,-0.004418871186728207,上穿年线,-4328.000926971436
329,SH600611,2024-08-09,9.5,6.760000228881836,-2739.999771118164,-0.2884210285387541,高速公路 <span style='color:red;'>↑6</span>(80),大众交通,7,11.571428571428571,0.14285714285714285,-0.06446740340427773,均线多头,-4328.000926971436
330,SH600350,2024-08-02,8.8100004196167,9.699999809265137,978.9993286132812,0.1010214923107982,高速公路 <span style='color:red;'>↑6</span>(80),山东高速,3,95.0,0.6666666666666666,0.12205809364890793,收盘价走高,-4328.000926971436
331,SH600012,2024-07-24,13.539999961853027,14.550000190734863,707.0001602172852,0.0745938132738082,高速公路 <span style='color:red;'>↑6</span>(80),皖通高速,5,47.6,0.4,0.053969258327833856,均线多头,-4328.000926971436
332,SH600650,2024-07-09,7.789999961853027,10.020000457763672,2676.000595092773,0.2862645066535005,高速公路 <span style='color:red;'>↑6</span>(80),锦江在线,3,26.0,0.3333333333333333,0.05447068503732673,成交量放大,-4328.000926971436
333,SH600377,2024-05-09,11.68000030517578,13.81999969482422,1711.99951171875,0.183219121038904,高速公路 <span style='color:red;'>↑6</span>(80),宁沪高速,2,144.5,1.0,0.1764767062609049,收盘价走高,-4328.000926971436
334,SZ001965,2024-01-29,10.4399995803833,11.859999656677246,1278.0000686645508,0.1360153384452349,高速公路 <span style='color:red;'>↑6</span>(80),招商公路,1,233.0,1.0,0.13601533844523492,均线多头,-4328.000926971436
335,SZ200429,2023-10-26,5.380000114440918,6.809999942779541,2573.999691009521,0.2657992189442967,高速公路 <span style='color:red;'>↑6</span>(80),粤高速Ｂ,1,328.0,1.0,0.26579921894429676,均线多头,-4328.000926971436
336,SZ000429,2023-08-17,6.980000019073486,11.119999885559082,5795.999813079834,0.5931231884201531,高速公路 <span style='color:red;'>↑6</span>(80),粤高速Ａ,1,398.0,1.0,0.5931231884201531,收盘价走高,-4328.000926971436
337,SH600838,2024-09-13,6.639999866485596,6.679999828338623,59.999942779541016,0.0060240907616461,商业百货 <span style='color:green;'>↓1</span>(81),上海九百,3,4.333333333333333,0.6666666666666666,0.010662039560046896,均线多头,-4801.0008335113525
338,SZ002416,2024-08-28,9.630000114440918,9.130000114440918,-500.0,-0.0519210793414438,商业百货 <span style='color:green;'>↓1</span>(81),爱施德,4,36.75,0.25,0.018968635638980665,收盘价走高,-4801.0008335113525
339,SH600415,2024-08-23,7.929999828338623,8.600000381469727,804.0006637573242,0.0844893527912562,商业百货 <span style='color:green;'>↓1</span>(81),小商品城,6,19.166666666666668,0.3333333333333333,0.009064680100625016,上穿年线,-4801.0008335113525
340,SZ300622,2024-08-06,14.949999809265137,22.479999542236328,4517.999839782715,0.5036789183304563,商业百货 <span style='color:green;'>↓1</span>(81),博士眼镜,1,43.0,1.0,0.5036789183304563,均线破线,-4801.0008335113525
341,SZ002871,2024-09-13,8.510000228881836,8.010000228881836,-550.0,-0.0587544050002566,机械行业 <span style='color:red;'>↑1</span>(82),伟隆股份,5,7.6,0.2,-0.0460676605856806,收盘价走高,-5453.999614715576
342,SZ002685,2024-09-12,3.3299999237060547,3.2699999809265137,-179.99982833862305,-0.0180180012475091,机械行业 <span style='color:red;'>↑1</span>(82),华东重机,7,13.285714285714286,0.42857142857142855,-0.00893510784157686,均线多头,-5453.999614715576
343,SZ002520,2024-09-12,5.019999980926514,4.440000057220459,-1101.999855041504,-0.1155378338465665,机械行业 <span style='color:red;'>↑1</span>(82),日发精机,5,15.0,0.4,0.028582035629449106,均线多头,-5453.999614715576
344,SH603699,2024-09-02,19.030000686645508,18.59000015258789,-220.0002670288086,-0.023121414512948,机械行业 <span style='color:red;'>↑1</span>(82),纽威股份,3,54.666666666666664,0.3333333333333333,0.06614857061352966,均线多头,-5453.999614715576
345,SZ300238,2024-09-11,10.039999961853027,9.890000343322754,-134.9996566772461,-0.0149402011055972,医疗器械 <span style='color:green;'>↓4</span>(83),冠昊生物,6,4.333333333333333,0.3333333333333333,0.027044502709610767,均线多头,-6489.999103546143
346,SH688050,2024-08-30,78.91999816894531,78.08000183105469,-83.9996337890625,-0.0106436436566107,医疗器械 <span style='color:green;'>↓4</span>(83),爱博医疗,4,12.0,0.0,-0.054659570775727424,均线多头,-6489.999103546143
347,SZ300832,2024-08-27,65.69999694824219,69.86000061035156,416.0003662109375,0.0633181713141719,医疗器械 <span style='color:green;'>↓4</span>(83),新产业,4,73.25,0.75,0.09107597570399117,收盘价走高,-6489.999103546143
348,SZ002432,2024-08-08,41.16999816894531,40.0099983215332,-231.99996948242188,-0.0281758537528209,医疗器械 <span style='color:green;'>↓4</span>(83),九安医疗,5,32.2,0.2,-0.0073816891843708704,收盘价走高,-6489.999103546143
349,SZ300562,2024-08-06,8.699999809265137,10.380000114440918,1848.0003356933596,0.1931034875870515,医疗器械 <span style='color:green;'>↓4</span>(83),乐心医疗,8,12.125,0.25,0.004680837350291434,收盘价走高,-6489.999103546143
350,SZ300677,2024-07-31,27.450000762939453,21.700000762939453,-1725.0,-0.2094717610268025,医疗器械 <span style='color:green;'>↓4</span>(83),英科医疗,3,51.0,0.3333333333333333,-0.041093804048452774,收盘价走高,-6489.999103546143
351,SH601658,2024-09-13,4.570000171661377,4.650000095367432,167.99983978271484,0.0175054531074495,银行 <span style='color:green;'>↓18</span>(84),邮储银行,5,29.0,0.6,0.0031031465980351875,上穿年线,-6508.00039768219
352,SH600036,2024-09-13,30.600000381469727,31.11000061035156,153.00006866455078,0.0166666739386929,银行 <span style='color:green;'>↓18</span>(84),招商银行,2,79.0,1.0,0.030402102011663507,上穿年线,-6508.00039768219
353,SH600015,2024-09-09,6.519999980926514,6.170000076293945,-524.9998569488525,-0.0536809671252226,银行 <span style='color:green;'>↓18</span>(84),华夏银行,3,73.33333333333333,0.3333333333333333,0.018423194077337127,均线多头,-6508.00039768219
354,SH601988,2024-07-04,4.5,4.650000095367432,330.0002098083496,0.0333333545260959,银行 <span style='color:green;'>↓18</span>(84),中国银行,3,113.0,0.6666666666666666,0.07163412822486492,均线破线,-6508.00039768219
355,SH601818,2024-06-27,3.0,3.049999952316284,164.9998426437378,0.0166666507720947,银行 <span style='color:green;'>↓18</span>(84),光大银行,5,43.8,0.6,0.005619225775426813,收盘价走高,-6508.00039768219
356,SH601009,2024-02-19,7.860000133514404,10.020000457763672,2592.000389099121,0.2748091968903666,银行 <span style='color:green;'>↓18</span>(84),南京银行,1,212.0,1.0,0.2748091968903666,均线多头,-6508.00039768219
357,SH600900,2023-10-30,21.6299991607666,28.31999969482422,2676.000213623047,0.3092926857894761,电力行业 <span style='color:red;'>↑2</span>(85),长江电力,1,324.0,1.0,0.30929268578947616,均线多头,-8832.999682426453
358,SZ002947,2024-09-13,30.020000457763672,28.950000762939453,-320.9999084472656,-0.0356428940209259,消费电子 <span style='color:red;'>↑2</span>(86),恒铭达,4,50.0,0.5,0.04407039288284725,上穿年线,-9659.995341300964
359,SZ300847,2024-09-10,14.859999656677246,15.170000076293944,186.00025177001956,0.0208614015328999,消费电子 <span style='color:red;'>↑2</span>(86),中船汉光,4,15.25,0.25,-0.024291482906750587,收盘价走高,-9659.995341300964
360,SZ002369,2024-09-06,4.260000228881836,3.930000066757202,-759.0003728866577,-0.07746482262778,消费电子 <span style='color:red;'>↑2</span>(86),卓翼科技,2,13.5,0.5,0.0777009489531778,均线多头,-9659.995341300964
361,SZ300866,2024-09-03,66.62999725341797,68.95999908447266,233.00018310546875,0.0349692620006098,消费电子 <span style='color:red;'>↑2</span>(86),安克创新,4,34.25,0.5,0.009253437980244613,上穿年线,-9659.995341300964
362,SH603626,2024-08-28,6.78000020980835,8.180000305175781,1960.0001335144043,0.2064896831923557,消费电子 <span style='color:red;'>↑2</span>(86),科森科技,2,18.0,0.5,0.0667741514672973,上穿年线,-9659.995341300964
363,SZ002841,2024-08-27,30.38999938964844,32.04999923706055,497.9999542236328,0.0546232274021547,消费电子 <span style='color:red;'>↑2</span>(86),视源股份,1,22.0,1.0,0.05462322740215458,收盘价走高,-9659.995341300964
364,SZ002866,2024-08-26,12.6899995803833,12.75,42.00029373168945,0.0047281656107735,消费电子 <span style='color:red;'>↑2</span>(86),传艺科技,2,16.0,0.5,-0.06990756365228819,收盘价走高,-9659.995341300964
365,SZ300709,2024-08-20,27.420000076293945,29.049999237060547,488.99974822998047,0.059445629330097,消费电子 <span style='color:red;'>↑2</span>(86),精研科技,7,17.142857142857142,0.42857142857142855,-0.0075504613679360675,均线多头,-9659.995341300964
366,SH600435,2024-09-13,8.539999961853027,8.899999618530273,395.9996223449707,0.0421545267313013,通信设备 <span style='color:green;'>↓42</span>(87),北方导航,7,6.571428571428571,0.14285714285714285,-0.038859738202661503,均线密集突破,-10429.001140594482
367,SZ002935,2024-09-12,12.850000381469728,12.949999809265137,69.99959945678711,0.0077820564067541,通信设备 <span style='color:green;'>↓42</span>(87),天奥电子,6,11.0,0.16666666666666666,-0.03095617499273576,收盘价走高,-10429.001140594482
368,SZ301191,2024-09-10,65.47000122070312,63.0099983215332,-246.0002899169922,-0.0375745051672919,通信设备 <span style='color:green;'>↓42</span>(87),菲菱科思,3,11.666666666666666,0.0,-0.042471995091016804,收盘价走高,-10429.001140594482
369,SZ002104,2024-09-09,6.110000133514404,5.260000228881836,-1359.9998474121094,-0.1391161842976356,通信设备 <span style='color:green;'>↓42</span>(87),恒宝股份,2,9.0,0.0,-0.0874922453791028,均线多头,-10429.001140594482
370,SZ300627,2024-09-03,28.489999771118164,28.649999618530277,47.99995422363281,0.0056160003052829,通信设备 <span style='color:green;'>↓42</span>(87),华测导航,9,11.0,0.1111111111111111,-0.016682727073638288,上穿年线,-10429.001140594482
371,SZ301165,2024-09-03,32.02000045776367,30.790000915527344,-368.9998626708984,-0.0384134767224245,通信设备 <span style='color:green;'>↓42</span>(87),锐捷网络,6,19.166666666666668,0.0,-0.028900423380145132,收盘价走高,-10429.001140594482
372,SH603118,2024-08-22,6.400000095367432,6.489999771118164,134.99951362609863,0.0140624491265051,通信设备 <span style='color:green;'>↓42</span>(87),共进股份,3,17.0,0.3333333333333333,-0.06347180045137475,收盘价走高,-10429.001140594482
373,SZ002036,2024-09-12,7.409999847412109,6.489999771118164,-1196.000099182129,-0.1241565580619072,光学光电子 <span style='color:green;'>↓3</span>(88),联创电子,4,6.0,0.25,-0.013261233310595763,均线多头,-11701.997661590576
374,SZ300088,2024-09-05,5.010000228881836,4.559999942779541,-855.0005435943604,-0.0898204122842383,光学光电子 <span style='color:green;'>↓3</span>(88),长信科技,3,5.333333333333333,0.0,-0.07774226841526638,均线多头,-11701.997661590576
375,SZ000536,2024-09-03,2.240000009536743,3.2699999809265137,4531.99987411499,0.4598214138413267,光学光电子 <span style='color:green;'>↓3</span>(88),华映科技,4,17.25,0.5,0.09184034831460845,均线多头,-11701.997661590576
376,SZ003015,2024-09-03,12.510000228881836,11.460000038146973,-735.0001335144043,-0.0839328674279899,光学光电子 <span style='color:green;'>↓3</span>(88),日久光电,7,15.0,0.2857142857142857,-0.0132129727932361,均线多头,-11701.997661590576
377,SZ002983,2024-08-23,16.5,17.010000228881836,306.0001373291016,0.0309091047807173,光学光电子 <span style='color:green;'>↓3</span>(88),芯瑞达,3,17.666666666666668,0.3333333333333333,-0.0019053190012602405,收盘价走高,-11701.997661590576
378,SZ002952,2024-08-21,21.020000457763672,19.46999931335449,-620.0004577636719,-0.0737393487466215,光学光电子 <span style='color:green;'>↓3</span>(88),亚世光电,3,57.666666666666664,0.6666666666666666,0.1660292554725439,均线破线,-11701.997661590576
379,SZ300691,2024-08-20,15.5,16.040000915527344,324.00054931640625,0.0348387687436995,光学光电子 <span style='color:green;'>↓3</span>(88),联合光电,3,11.333333333333334,0.6666666666666666,0.015611829762614365,均线多头,-11701.997661590576
380,SZ000062,2024-09-13,29.479999542236328,30.8799991607666,419.999885559082,0.0474898114066955,电子元件 (89),深圳华强,5,9.0,0.2,-0.05758951091078437,均线多头,-14130.999326705933
381,SZ002388,2024-09-12,4.659999847412109,3.809999942779541,-1784.9997997283936,-0.1824034189839316,电子元件 (89),新亚制程,3,13.0,0.3333333333333333,-0.005639162739581031,均线多头,-14130.999326705933
382,SH688582,2024-09-06,32.70000076293945,34.0,389.99977111816406,0.0397553274229247,电子元件 (89),芯动联科,7,16.857142857142858,0.42857142857142855,-0.008251514476688662,收盘价走高,-14130.999326705933
383,SZ002484,2024-09-03,12.829999923706056,12.31999969482422,-357.0001602172852,-0.03975060264338,电子元件 (89),江海股份,4,14.5,0.25,-0.04698100422101668,收盘价走高,-14130.999326705933
384,SZ002179,2024-09-02,37.02000045776367,37.060001373291016,8.00018310546875,0.0010805217458865,电子元件 (89),中航光电,7,17.0,0.2857142857142857,-0.0014522593885553986,上穿年线,-14130.999326705933
385,SH603920,2024-08-30,20.209999084472656,19.32999992370605,-351.9996643066406,-0.0435427610406328,电子元件 (89),世运电路,4,42.5,0.75,0.02881290857205897,收盘价走高,-14130.999326705933
386,SZ002922,2024-08-29,17.809999465942383,19.26000022888184,725.0003814697266,0.0814149807085762,电子元件 (89),伊戈尔,4,29.0,0.5,0.1153171295180914,收盘价走高,-14130.999326705933
387,SH600563,2024-08-29,83.76000213623047,84.37000274658203,61.00006103515625,0.0072827196131088,电子元件 (89),法拉电子,5,20.0,0.2,-0.04854266125081297,收盘价走高,-14130.999326705933
388,SH603328,2024-08-29,7.510000228881836,7.420000076293945,-117.0001983642578,-0.0119840412576513,电子元件 (89),依顿电子,5,22.4,0.2,-0.017904839579324202,收盘价走高,-14130.999326705933
389,SZ300408,2024-07-09,28.899999618530277,29.770000457763672,261.0002517700196,0.0301038356649515,电子元件 (89),三环集团,5,26.2,0.4,-0.0007011890307966108,均线多头,-14130.999326705933
390,SZ001298,2024-06-14,20.209999084472656,23.75,1416.0003662109375,0.1751608647150868,电子元件 (89),好上好,6,19.666666666666668,0.16666666666666666,-0.006769228345767418,均线多头,-14130.999326705933
391,SZ002384,2024-04-29,15.050000190734863,19.15999984741211,2465.999794006348,0.2730896747235564,电子元件 (89),东山精密,1,142.0,1.0,0.27308967472355644,收盘价走高,-14130.999326705933
