date,strategy,pnl,success_rate_daily,success_rate,ema_success_rate
2025-09-08,均线金叉,2303.5209197998047,0.6666666666666666,1.0,0.8639778649910967
2025-09-08,红三兵,2483.198272705078,0.8333333333333334,0.8333333333333334,0.8610593381665479
2025-09-08,突破半年线,4653.110376358032,0.25,0.75,0.8504822583411623
2025-09-08,突破年线,9363.909042358398,1.0,0.6666666666666666,0.8329760115150199
2025-09-08,成交量放大,31872.619603157043,0.5,0.9285714285714286,0.8420803369489636
2025-09-08,均线收敛,41137.41076850891,0.5757575757575758,0.8484848484848485,0.8426902904285716
2025-09-08,多头排列,48134.948054909706,0.5777777777777777,0.8444444444444444,0.8428573527157975
2025-09-08,连续上涨,371888.7345328331,0.5642458100558659,0.8268156424581006,0.8413295707864931
2025-09-09,均线金叉,2221.879898071289,0.3333333333333333,1.0,0.8564410402353985
2025-09-09,红三兵,3036.0186309814453,0.3333333333333333,0.6666666666666666,0.8383672903717098
2025-09-09,突破半年线,4419.838703155518,0.5,0.75,0.8299513579553565
2025-09-09,突破年线,8561.949768066406,0.3333333333333333,1.0,0.846146466721513
2025-09-09,成交量放大,33025.449707984924,0.6428571428571429,0.9285714285714286,0.8539964630881716
2025-09-09,均线收敛,41960.57138442993,0.5483870967741935,0.8709677419354839,0.8556127753593441
2025-09-09,多头排列,47717.748400211334,0.37777777777777777,0.8222222222222222,0.8524327226796182
2025-09-09,连续上涨,389009.04917907715,0.48066298342541436,0.8287292817679558,0.8501752521166027
2025-09-10,均线金叉,2127.0394439697266,0.5,0.75,0.8406347519150215
2025-09-10,突破半年线,2292.580089569092,0.4,0.6,0.8177171564945432
2025-09-10,红三兵,2376.5284547805786,0.3333333333333333,0.5,0.7874583796855392
2025-09-10,突破年线,10169.200508117676,0.6666666666666666,0.6666666666666666,0.7759544070170752
2025-09-10,成交量放大,35508.28822517395,0.42857142857142855,0.9285714285714286,0.7904893614508232
2025-09-10,均线收敛,40203.74166870117,0.20689655172413793,0.9310344827586207,0.8038746110991848
2025-09-10,多头排列,52234.061821103096,0.5555555555555556,0.7555555555555555,0.7992727962855058
2025-09-10,连续上涨,387256.34614276886,0.3567567567567568,0.7351351351351352,0.7931644476045182
2025-09-11,均线金叉,2586.5294494628906,0.75,0.75,0.7890535478326594
2025-09-11,红三兵,2913.2682218551636,0.6666666666666666,0.6666666666666666,0.7773976543882791
2025-09-11,突破半年线,4004.131336212158,0.75,1.0,0.7985978777798716
2025-09-11,突破年线,10223.220092773438,0.6666666666666666,0.6666666666666666,0.7860330005309949
2025-09-11,成交量放大,37469.718249320984,0.7857142857142857,0.9285714285714286,0.799608088915798
2025-09-11,均线收敛,46009.48363304138,0.9310344827586207,0.9655172413793104,0.8154089605789897
2025-09-11,多头排列,60361.670082092285,0.7272727272727273,0.8863636363636364,0.822166548748956
2025-09-11,连续上涨,387993.4557132721,0.8092485549132948,0.8092485549132948,0.8209362636217502
2025-09-12,红三兵,1684.0791492462158,0.0,0.8333333333333334,0.8221169369276153
2025-09-12,均线金叉,2334.3902587890625,0.25,0.75,0.8152486572202233
2025-09-12,突破半年线,4009.6100902557373,0.25,1.0,0.8328440231992497
2025-09-12,突破年线,10295.069282531738,0.6666666666666666,0.6666666666666666,0.8170176082913846
2025-09-12,成交量放大,36382.79924583435,0.42857142857142855,0.9285714285714286,0.8276417816513888
2025-09-12,均线收敛,43307.78977775574,0.3125,0.84375,0.8291758976845898
2025-09-12,多头排列,58202.81132495403,0.2978723404255319,0.8085106382978723,0.8272077777429976
2025-09-12,连续上涨,376958.93123579025,0.27624309392265195,0.7458563535911602,0.8194600230618703
2025-09-15,均线金叉,2213.7502937316895,0.5,0.75,0.8128447827702635
2025-09-15,红三兵,3778.3284702301025,0.6666666666666666,0.5,0.783050041554048
2025-09-15,突破半年线,3944.5407180786133,0.75,1.0,0.8037119423584244
2025-09-15,突破年线,10878.029708862305,0.6666666666666666,0.6666666666666666,0.7906600113401617
2025-09-15,成交量放大,41112.771094322205,0.9285714285714286,0.9285714285714286,0.8037944320288538
2025-09-15,均线收敛,44806.02054786682,0.40625,0.875,0.8105759146927726
2025-09-15,多头排列,63621.0008289814,0.717391304347826,0.8260869565217391,0.8120531567717217
2025-09-15,连续上涨,396929.17959308624,0.5771428571428572,0.7771428571428571,0.8087283663308774
2025-09-16,均线金叉,1517.1594886779785,0.5,0.75,0.8031351885850795
2025-09-16,红三兵,3175.4274501800537,0.16666666666666666,0.5,0.7742651706245958
2025-09-16,突破半年线,3501.459867477417,0.4,1.0,0.7957637258032056
2025-09-16,突破年线,10458.849411010742,0.0,0.6666666666666666,0.7834687677902019
2025-09-16,成交量放大,41801.67959499359,0.5714285714285714,0.9285714285714286,0.7972880688169854
2025-09-16,均线收敛,45052.29963684082,0.4,0.9,0.8070701575010821
2025-09-16,多头排列,61950.21410691738,0.37777777777777777,0.8666666666666667,0.8127460155168521
2025-09-16,连续上涨,410963.3938651085,0.5,0.8117647058823529,0.8126525574564236
2025-09-17,均线金叉,2226.269058227539,0.75,0.75,0.8066856472224785
2025-09-17,突破半年线,3366.901159286499,0.2,1.0,0.8250965379631948
2025-09-17,红三兵,4042.428497314453,0.8333333333333334,0.5,0.794134962919081
2025-09-17,突破年线,9461.768905639648,0.0,0.6666666666666666,0.7819951251807559
2025-09-17,成交量放大,43554.348529815674,0.7142857142857143,0.9285714285714286,0.7959547731227247
2025-09-17,均线收敛,47926.870206832886,0.8235294117647058,0.8823529411764706,0.8041831700802243
2025-09-17,多头排列,62917.89894914627,0.5,0.8409090909090909,0.8076808768258307
2025-09-17,连续上涨,428518.282597065,0.5644171779141104,0.8404907975460123,0.8108056311801336
2025-09-18,均线金叉,3210.219039916992,0.75,0.75,0.8050146186867875
2025-09-18,突破半年线,4701.950370788574,0.6,1.0,0.8235846550023316
2025-09-18,红三兵,5077.25931930542,0.8,0.8,0.821338497383062
2025-09-18,突破年线,9446.28020477295,0.3333333333333333,0.6666666666666666,0.8066078468386434
2025-09-18,成交量放大,44861.890016555786,0.7142857142857143,1.0,0.825026147139725
2025-09-18,均线收敛,48789.4319229126,0.4166666666666667,0.8333333333333334,0.8258173077295925
2025-09-18,多头排列,71533.74004673958,0.6590909090909091,0.8409090909090909,0.8272546204133543
2025-09-18,连续上涨,457615.53523921967,0.6867469879518072,0.8795180722891566,0.8322320920205735
2025-09-19,均线金叉,3793.3003005981445,0.5,0.75,0.8244004642090903
2025-09-19,突破半年线,4306.17978477478,0.2,1.0,0.8411242295225103
2025-09-19,红三兵,5508.53913974762,0.4,0.6,0.8181600171870331
2025-09-19,突破年线,9904.970054626465,0.3333333333333333,0.6666666666666666,0.8037320790422363
2025-09-19,均线收敛,45376.97234916687,0.5151515151515151,0.8484848484848485,0.8079942475605802
2025-09-19,成交量放大,47292.25027179718,0.6,0.9333333333333333,0.8199313033484615
2025-09-19,多头排列,81821.05057668686,0.627906976744186,0.9069767441860465,0.8282213453329934
2025-09-19,连续上涨,471131.6263628006,0.49382716049382713,0.8641975308641975,0.8316476487169175
2025-09-22,突破半年线,4701.600772857666,0.6,1.0,0.847681205981973
2025-09-22,均线金叉,5330.1689529418945,1.0,1.0,0.8621877577932137
2025-09-22,红三兵,6124.827753067017,0.4,0.6,0.837217495146241
2025-09-22,突破年线,9507.12045288086,0.3333333333333333,0.6666666666666666,0.8209745591005673
2025-09-22,均线收敛,46570.3708190918,0.5757575757575758,0.8787878787878788,0.8264805895469779
2025-09-22,成交量放大,47195.738602638245,0.5789473684210527,1.0,0.8430062476853609
2025-09-22,多头排列,90581.61039841175,0.6888888888888889,0.9111111111111111,0.84949242515448
2025-09-22,连续上涨,498778.78312015533,0.6583850931677019,0.906832298136646,0.8549533654384958
2025-09-23,突破半年线,4337.3005084991455,0.6,1.0,0.8687673306348295
2025-09-23,均线金叉,5456.389942169189,0.6666666666666666,1.0,0.8812656800981791
2025-09-23,红三兵,6875.969867706299,0.4,0.8,0.8735260915174001
2025-09-23,突破年线,9165.480262756348,0.3333333333333333,0.6666666666666666,0.8538251939125684
2025-09-23,均线收敛,43842.799924850464,0.41379310344827586,0.896551724137931,0.8578943872673649
2025-09-23,成交量放大,46179.218770980835,0.55,0.85,0.8571425408609492
2025-09-23,多头排列,89153.67794501781,0.4090909090909091,0.8636363636363636,0.8577610001728935
2025-09-23,连续上涨,488233.6146235466,0.4276729559748428,0.8805031446540881,0.859926918694912
2025-09-24,均线金叉,4786.949321746826,0.3333333333333333,1.0,0.8732672121525394
2025-09-24,突破半年线,5294.991075515747,0.6666666666666666,1.0,0.8853370014713452
2025-09-24,红三兵,7315.469398498535,0.75,1.0,0.8962572870455028
2025-09-24,突破年线,10012.019744873047,0.6666666666666666,0.6666666666666666,0.8743915136760898
2025-09-24,均线收敛,40239.71174430847,0.3793103448275862,0.7931034482758621,0.8666497931617825
2025-09-24,成交量放大,44676.20988750458,0.2,0.8,0.8603021938130413
2025-09-24,多头排列,83887.84901928902,0.29545454545454547,0.8181818181818182,0.8562907294672105
2025-09-24,连续上涨,481735.8389773369,0.3333333333333333,0.8518518518518519,0.8558679792181287
2025-09-25,突破半年线,4629.80099105835,0.3333333333333333,0.8333333333333334,0.8537218224671959
2025-09-25,均线金叉,5091.430587768555,0.6666666666666666,1.0,0.86765307747032
2025-09-25,红三兵,7509.329429626465,0.5,1.0,0.8802575462826705
2025-09-25,突破年线,9046.980522155762,0.0,0.6666666666666666,0.859915557747813
2025-09-25,均线收敛,37494.85383224487,0.28,0.88,0.8618283617718309
2025-09-25,成交量放大,44484.03875541687,0.3888888888888889,0.8888888888888888,0.8644055548305983
2025-09-25,多头排列,79038.71960484982,0.3488372093023256,0.813953488372093,0.8596005961202645
2025-09-25,连续上涨,445612.15039014816,0.32903225806451614,0.8129032258064516,0.855153227518949
2025-09-26,突破半年线,4854.110902786255,0.4,1.0,0.86894815823143
2025-09-26,均线金叉,6095.879192352295,1.0,1.0,0.8814292860189129
2025-09-26,红三兵,7438.797723770142,0.75,1.0,0.8927217349694926
2025-09-26,突破年线,10219.07974243164,0.0,1.0,0.9029387125914456
2025-09-26,均线收敛,40887.529569625854,0.84,0.88,0.9007540732970222
2025-09-26,成交量放大,46371.6483001709,0.6875,1.0,0.9102060663163534
2025-09-26,多头排列,83615.44004714489,0.6904761904761905,0.8333333333333334,0.9028848536513039
2025-09-26,连续上涨,444642.31188583374,0.6129032258064516,0.8580645161290322,0.8986162500777541
2025-09-29,突破半年线,5643.820707321167,0.7142857142857143,0.8571428571428571,0.8946664031315734
2025-09-29,均线金叉,6776.5394287109375,0.6666666666666666,1.0,0.9046981742618998
2025-09-29,红三兵,7408.859510421753,0.5,1.0,0.9137745386179094
2025-09-29,突破年线,10282.3291015625,0.5,1.0,0.9219864873209657
2025-09-29,均线收敛,42166.75941467285,0.6,0.96,0.9256068218618261
2025-09-29,成交量放大,48710.93173313141,0.4375,1.0,0.9326918864464141
2025-09-29,多头排列,88102.11931812763,0.6341463414634146,0.8780487804878049,0.9274877811170227
2025-09-29,连续上涨,465527.3670325279,0.6578947368421053,0.8947368421052632,0.9243686440682837
2025-09-30,突破半年线,6361.540884017944,0.7142857142857143,1.0,0.9315716303474948
2025-09-30,均线金叉,6404.500080108643,0.6666666666666666,1.0,0.9380886179334477
2025-09-30,红三兵,6922.708248138428,0.75,1.0,0.9439849400350241
2025-09-30,突破年线,10418.680068969727,1.0,1.0,0.949319707650736
2025-09-30,均线收敛,41810.31105232239,0.56,0.92,0.9465273545411421
2025-09-30,成交量放大,49827.76823043823,0.4375,1.0,0.9516199874419857
2025-09-30,多头排列,88708.3008543253,0.5476190476190477,0.9047619047619048,0.9471573129010256
2025-09-30,连续上涨,464826.22651720047,0.47058823529411764,0.8823529411764706,0.9409854679748775
2025-10-01,均线金叉,7340.429744720459,1.0,1.0,0.9466058995963177
2025-10-01,突破半年线,7647.630559921265,0.5714285714285714,0.8571428571428571,0.9380856098388453
2025-10-01,红三兵,7697.669322013855,0.8,0.8,0.9249345993780029
2025-10-01,突破年线,10323.239738464355,0.5,0.5,0.884464637532479
2025-10-01,均线收敛,45876.38924598694,0.5,0.8214285714285714,0.8784612026654401
2025-10-01,成交量放大,50582.7011013031,0.6875,1.0,0.8900363262211125
2025-10-01,多头排列,92388.00036084652,0.5227272727272727,0.8636363636363636,0.8875220440701841
2025-10-01,连续上涨,487346.5637779236,0.56,0.8666666666666667,0.8855358176508015
2025-10-02,均线金叉,8028.419654846191,0.3333333333333333,1.0,0.8964371683507252
2025-10-02,红三兵,8624.187479019165,0.4,0.8,0.8872526761268467
2025-10-02,突破半年线,9119.841081619263,0.7142857142857143,1.0,0.8979905164957184
2025-10-02,突破年线,11076.668907165527,0.6666666666666666,0.6666666666666666,0.8759596736548563
2025-10-02,均线收敛,36567.59914970398,0.38461538461538464,0.8076923076923077,0.8694580197536612
2025-10-02,成交量放大,51904.579135894775,0.75,0.9375,0.8759382083485506
2025-10-02,多头排列,94246.21517074108,0.36,0.84,0.8725155218391648
2025-10-02,连续上涨,498709.9587755203,0.5472972972972973,0.8716216216216216,0.872430388485113
2025-10-03,均线金叉,7744.188694000244,0.3333333333333333,1.0,0.8845798752960546
2025-10-03,红三兵,8160.6897258758545,0.2,0.8,0.8765246490773828
2025-10-03,突破半年线,11363.350135803223,0.5714285714285714,1.0,0.8882842063081082
2025-10-03,突破年线,11627.428993225098,1.0,0.75,0.8751142818978122
2025-10-03,均线收敛,38440.8108215332,0.7307692307692307,0.8461538461538461,0.8723561451602915
2025-10-03,成交量放大,51804.07116508484,0.4,1.0,0.8845127027640732
2025-10-03,多头排列,98913.47348678112,0.5714285714285714,0.8367346938775511,0.8799624162034521
2025-10-03,连续上涨,513659.5112967491,0.5789473684210527,0.881578947368421,0.8801163715524968
2025-10-06,红三兵,8388.20884513855,0.6,0.8,0.8724862409284495
2025-10-06,均线金叉,8687.560626983643,0.6666666666666666,1.0,0.8846304084590734
2025-10-06,突破年线,11942.698844909668,0.75,1.0,0.8956179886058283
2025-10-06,突破半年线,12488.280731201172,0.8571428571428571,1.0,0.9055591325481304
2025-10-06,均线收敛,39763.22924041748,0.5384615384615384,0.8076923076923077,0.8962384825618614
2025-10-06,成交量放大,52910.029165267944,0.6,1.0,0.9061205318416842
2025-10-06,多头排列,105009.93033492565,0.56,0.8,0.8960138145234287
2025-10-06,连续上涨,524346.0077028275,0.551948051948052,0.8181818181818182,0.8886012434432753
2025-10-07,均线金叉,7334.739219665527,0.0,1.0,0.89921064882963
2025-10-07,红三兵,9146.25839805603,0.8,0.8,0.8897620156077604
2025-10-07,突破年线,10910.270523071289,0.5,0.75,0.8764513474546403
2025-10-07,突破半年线,13040.389627456665,0.625,1.0,0.8882178857922935
2025-10-07,均线收敛,35234.04147720337,0.23076923076923078,0.7692307692307693,0.8768857794531008
2025-10-07,成交量放大,52778.98824214935,0.4666666666666667,0.9333333333333333,0.8822617369655039
2025-10-07,多头排列,102739.55043685436,0.22916666666666666,0.7708333333333334,0.8716495080481543
2025-10-07,连续上涨,518152.6515135765,0.4,0.8193548387096774,0.8666690633492518
2025-10-08,均线金叉,9008.659404754639,1.0,1.0,0.8793672477921801
2025-10-08,红三兵,9088.03953742981,0.75,1.0,0.890856081335782
2025-10-08,突破年线,12062.398971557617,0.75,0.75,0.8774412164466598
2025-10-08,突破半年线,13620.890232086182,0.5,1.0,0.889113481546978
2025-10-08,均线收敛,35660.55978393555,0.48,0.8,0.8806264833044086
2025-10-08,成交量放大,58070.95122432709,0.6428571428571429,1.0,0.8919953896563697
2025-10-08,多头排列,112840.95807182789,0.6888888888888889,0.8,0.8832339239748106
2025-10-08,连续上涨,540562.7261896133,0.6973684210526315,0.8947368421052632,0.8843294399872347
2025-10-09,均线金叉,7959.659004211426,0.0,1.0,0.8953456837979742
2025-10-09,红三兵,10195.829626083374,0.25,1.0,0.9053127615315004
2025-10-09,突破年线,11500.359771728516,0.0,0.75,0.8905210699570718
2025-10-09,突破半年线,12411.47151184082,0.125,1.0,0.9009476347230649
2025-10-09,均线收敛,32630.929725646973,0.34782608695652173,0.782608695652174,0.8896772595734563
2025-10-09,成交量放大,54838.800579071045,0.14285714285714285,1.0,0.9001841872331272
2025-10-09,多头排列,101875.33126938343,0.38095238095238093,0.7857142857142857,0.8892822918503803
2025-10-09,连续上涨,522255.46004104614,0.36075949367088606,0.8164556962025317,0.8823464255982043
2025-10-10,均线金叉,5124.969635009766,0.0,1.0,0.8935515279221848
2025-10-10,突破半年线,8686.47135925293,0.125,0.875,0.8917847157391197
2025-10-10,红三兵,10128.30870628357,0.8,0.8,0.8830433142401559
2025-10-10,突破年线,10824.029914855957,0.3333333333333333,1.0,0.8941820462172839
2025-10-10,均线收敛,26953.3911819458,0.1,0.75,0.8804504227680188
2025-10-10,成交量放大,47443.11256790161,0.21428571428571427,0.9285714285714286,0.8850333757016768
2025-10-10,多头排列,84350.50083458424,0.05,0.675,0.8650301970634219
2025-10-10,连续上涨,442104.7301530838,0.1456953642384106,0.6357615894039735,0.8431950915720459
2025-10-13,突破年线,4031.6088485717773,0.5,1.0,0.8581288923747081
2025-10-13,突破半年线,6982.281311035156,0.6,0.8,0.8525928073866407
2025-10-13,均线金叉,7405.949542999268,1.0,1.0,0.866631587635532
2025-10-13,红三兵,14481.34882926941,0.8,0.8,0.8602857221464337
2025-10-13,均线收敛,29665.358282089233,0.6666666666666666,0.8333333333333334,0.8577188279737575
2025-10-13,成交量放大,39324.55173969269,0.9090909090909091,0.9090909090909091,0.862611407127772
2025-10-13,多头排列,111217.39731347561,0.78125,0.78125,0.8548627016870317
2025-10-13,连续上涨,518072.41917800903,0.7906976744186046,0.7751937984496124,0.8472751870929918
2025-10-14,突破年线,3925.7791290283203,0.5,1.0,0.8618204073698497
2025-10-14,突破半年线,6443.860527038574,0.6,0.8,0.8559327495251021
2025-10-14,均线金叉,7679.799900054932,1.0,1.0,0.869653440046521
2025-10-14,红三兵,16907.376684188843,0.6,1.0,0.8820673981373285
2025-10-14,均线收敛,30804.709049224854,0.5294117647058824,0.8823529411764706,0.8820945927124849
2025-10-14,成交量放大,37018.06219482422,0.4166666666666667,0.8333333333333334,0.8774506632478039
2025-10-14,多头排列,112552.53949987888,0.5161290322580645,0.8709677419354839,0.87683324217044
2025-10-14,连续上涨,541152.5055584908,0.59375,0.7890625,0.8684741238684933
2025-10-15,突破年线,4073.088737487793,1.0,1.0,0.8810003977857797
2025-10-15,突破半年线,6680.68000793457,0.6,0.6,0.8542384551395149
2025-10-15,均线金叉,8552.810451507568,1.0,1.0,0.8681205070309896
2025-10-15,红三兵,15326.70869064331,0.2,0.8,0.8616328396947048
2025-10-15,成交量放大,29874.789487838745,0.8181818181818182,0.8181818181818182,0.8574946471696681
2025-10-15,均线收敛,33885.16110420227,0.6111111111111112,0.8888888888888888,0.860484574952451
2025-10-15,多头排列,120492.5287142992,0.7878787878787878,0.8787878787878788,0.8622277467463013
2025-10-15,连续上涨,558658.1166830063,0.60431654676259,0.7338129496402878,0.8499977660695381
2025-10-16,突破年线,4135.389907836914,0.5,1.0,0.8642836931105345
2025-10-16,突破半年线,7082.580535888672,0.0,1.0,0.877209055671436
2025-10-16,均线金叉,8100.669792175293,0.0,1.0,0.8889034313217754
2025-10-16,红三兵,11952.389144897461,0.2,0.8,0.8804364378625587
2025-10-16,成交量放大,30175.990383148193,0.45454545454545453,0.8181818181818182,0.874507426464393
2025-10-16,均线收敛,33497.71117401123,0.5,0.8888888888888888,0.8758770895524401
2025-10-16,多头排列,115003.55985367298,0.5,0.7222222222222222,0.861243292663848
2025-10-16,连续上涨,508337.5978908539,0.3153846153846154,0.7076923076923077,0.8466193893332251
2025-10-17,突破年线,3795.6593856811523,0.5,1.0,0.8612270665395846
2025-10-17,突破半年线,5607.8399658203125,0.25,0.75,0.8506340125834336
2025-10-17,均线金叉,7139.979232788086,0.0,1.0,0.8648593447183447
2025-10-17,红三兵,11673.978885650635,0.6666666666666666,0.8333333333333334,0.8618568674435818
2025-10-17,成交量放大,25037.949628829956,0.2,0.8,0.8559657372108598
2025-10-17,均线收敛,32658.429719924927,0.7333333333333333,0.9333333333333333,0.8633340796987145
2025-10-17,多头排列,98387.50740754604,0.3076923076923077,0.7435897435897436,0.8519298572121458
2025-10-17,连续上涨,488302.2849407196,0.5294117647058824,0.8067226890756303,0.8476244126277157
2025-10-20,突破年线,4277.43009185791,0.5,1.0,0.8621363733298381
2025-10-20,突破半年线,6999.23034286499,1.0,0.75,0.8514567187269964
2025-10-20,均线金叉,7166.229850769043,0.5,1.0,0.8656036978958539
2025-10-20,红三兵,13382.768783569336,0.6666666666666666,0.8333333333333334,0.8625303298422806
2025-10-20,成交量放大,25912.96123123169,0.4,0.8,0.8565750603334921
2025-10-20,均线收敛,33580.74918746948,0.5625,0.9375,0.8642821974445881
2025-10-20,多头排列,103870.00047004223,0.775,0.8,0.8581600834022465
2025-10-20,连续上涨,518798.7691373825,0.8225806451612904,0.8548387096774194,0.85784376209512
2025-10-21,突破年线,3540.0705947875977,0.0,1.0,0.8713824514193943
2025-10-21,均线金叉,6333.539123535156,0.0,1.0,0.8836317417604044
2025-10-21,突破半年线,7132.358871459961,0.25,1.0,0.8947144330213183
2025-10-21,红三兵,12027.758953094482,0.4,1.0,0.9047416298764308
2025-10-21,成交量放大,20485.710423469543,0.375,0.875,0.9019090936977232
2025-10-21,均线收敛,34552.43160057068,0.5263157894736842,0.8947368421052632,0.9012260221174889
2025-10-21,多头排列,84163.0200394392,0.425,0.825,0.8939664009634423
2025-10-21,连续上涨,478219.8790817261,0.4318181818181818,0.8712121212121212,0.8917993267014116
2025-10-22,突破年线,3439.15958404541,0.5,1.0,0.9021041527298486
2025-10-22,均线金叉,4987.119556427002,0.0,1.0,0.9114275667555772
2025-10-22,突破半年线,6580.450401306152,0.6,0.6,0.8817677984931414
2025-10-22,红三兵,13223.439434051514,0.6666666666666666,0.8333333333333334,0.8771549922874453
2025-10-22,成交量放大,19687.69972229004,0.125,0.75,0.8650449930219744
2025-10-22,均线收敛,29883.528749465942,0.6190476190476191,0.7142857142857143,0.8506869664756639
2025-10-22,多头排列,70806.29730975628,0.2564102564102564,0.8461538461538461,0.8502552407307289
2025-10-22,连续上涨,429122.3896307945,0.30201342281879195,0.7516778523489933,0.8408669180277064
2025-10-23,突破年线,3581.8486938476562,0.5,1.0,0.8560224496441153
2025-10-23,突破半年线,5374.449478149414,0.4,0.6,0.8316393592018186
2025-10-23,均线金叉,5410.25,1.0,1.0,0.8476737059445025
2025-10-23,红三兵,13796.049964904785,0.5,1.0,0.8621809720450261
2025-10-23,成交量放大,20252.61127471924,0.5,0.75,0.8514970699454998
2025-10-23,均线收敛,30586.549215316772,0.55,0.9,0.856116396617357
2025-10-23,多头排列,69497.50830686092,0.6153846153846154,0.7948717948717948,0.8502835774034938
2025-10-23,连续上涨,453880.67178058624,0.6643356643356644,0.7692307692307693,0.8425642623394247
2025-10-24,突破年线,3429.069450378418,0.3333333333333333,0.6666666666666666,0.8258121103705907
2025-10-24,突破半年线,5843.320156097412,0.8,1.0,0.8424014331924392
2025-10-24,均线金叉,6450.309162139893,1.0,1.0,0.857410820507445
2025-10-24,红三兵,13629.209327697754,0.7142857142857143,0.7142857142857143,0.8437798580101373
2025-10-24,成交量放大,22266.86011314392,0.625,0.75,0.8348484429615528
2025-10-24,均线收敛,31165.236978530884,0.5909090909090909,0.8636363636363636,0.8375901496924871
2025-10-24,多头排列,74321.42685258389,0.5384615384615384,0.7692307692307693,0.8310797325056568
2025-10-24,连续上涨,504322.79794216156,0.6226415094339622,0.7672955974842768,0.8250050529798112
2025-10-27,突破年线,3721.350784301758,0.3333333333333333,0.6666666666666666,0.8099252066642736
2025-10-27,均线金叉,5555.600246429443,0.0,1.0,0.8280275679343427
2025-10-27,突破半年线,7288.8494873046875,0.6,1.0,0.8444058947977386
2025-10-27,红三兵,11557.768569946289,0.5714285714285714,0.8571428571428571,0.845618938830607
2025-10-27,成交量放大,24246.619882583618,0.75,0.875,0.848417135132454
2025-10-27,均线收敛,33038.59950828552,0.6363636363636364,0.8636363636363636,0.8498665854661597
2025-10-27,多头排列,74680.44641411304,0.6756756756756757,0.8378378378378378,0.8487209904539386
2025-10-27,连续上涨,517936.8887424469,0.6287425149700598,0.844311377245509,0.848301027291231
2025-10-28,突破年线,4120.439811706543,0.3333333333333333,0.6666666666666666,0.8310025167555583
2025-10-28,均线金叉,6014.259654998779,1.0,1.0,0.8470975151597908
2025-10-28,突破半年线,7420.369976043701,0.4,0.6,0.823564418477906
2025-10-28,红三兵,11343.620948791504,0.14285714285714285,0.8571428571428571,0.8267623650174251
2025-10-28,成交量放大,25336.45885848999,0.4444444444444444,0.8888888888888888,0.8326791768147074
2025-10-28,均线收敛,30905.650579452515,0.34782608695652173,0.7391304347826086,0.8237697728116503
2025-10-28,多头排列,59591.22968709469,0.3888888888888889,0.75,0.8167440801629217
2025-10-28,连续上涨,505776.89186763763,0.3055555555555556,0.6944444444444444,0.805096495808781
2025-10-29,突破年线,4220.839073181152,0.3333333333333333,0.3333333333333333,0.7601666708111193
2025-10-29,突破半年线,6588.550258636475,0.4,0.6,0.7449127021624413
2025-10-29,均线金叉,6799.149753570557,1.0,1.0,0.7692067305279231
2025-10-29,红三兵,10787.019275665283,0.2857142857142857,0.42857142857142855,0.7367652731987332
2025-10-29,成交量放大,22904.030338287354,0.4166666666666667,0.6666666666666666,0.7300892154337745
2025-10-29,均线收敛,30526.05944633484,0.34782608695652173,0.6521739130434783,0.7226687104442224
2025-10-29,多头排列,58536.85928785801,0.4,0.7428571428571429,0.724591418293072
2025-10-29,连续上涨,474832.5022492409,0.30994152046783624,0.6081871345029239,0.7135052960273437
2025-10-30,突破年线,3543.9700469970703,0.0,0.5,0.6931714583104538
2025-10-30,突破半年线,7041.549499511719,0.25,0.75,0.6985837003761248
2025-10-30,均线金叉,7157.679950714111,1.0,1.0,0.7272900146260177
2025-10-30,红三兵,12045.759607315063,0.3333333333333333,0.5,0.7056433465663969
2025-10-30,成交量放大,25942.650603294373,0.46153846153846156,0.7692307692307693,0.7116992915820514
2025-10-30,均线收敛,29830.01254081726,0.5,0.75,0.7153469780980465
2025-10-30,多头排列,59112.77885329723,0.3125,0.78125,0.7216234563744229
2025-10-30,连续上涨,445031.6667127609,0.32075471698113206,0.6226415094339622,0.7121966042848553
2025-10-31,突破年线,4334.240188598633,0.0,1.0,0.7396064514958215
2025-10-31,均线金叉,7196.439605712891,1.0,1.0,0.764405837067648
2025-10-31,突破半年线,7750.939426422119,0.75,1.0,0.7868433763945386
2025-10-31,红三兵,10465.398765563965,0.3333333333333333,0.5,0.7595249595950588
2025-10-31,成交量放大,26529.461208343506,0.5833333333333334,0.6666666666666666,0.7506813126494977
2025-10-31,均线收敛,31785.078546524048,0.6190476190476191,0.7619047619047619,0.7517502125785704
2025-10-31,多头排列,59995.68072497845,0.43333333333333335,0.8,0.7563454304282304
2025-10-31,连续上涨,462972.5104689598,0.5866666666666667,0.6933333333333334,0.7503442783239545
2025-11-03,突破年线,4281.709182739258,0.0,1.0,0.7741210137216731
2025-11-03,突破半年线,6991.051555633545,0.25,1.0,0.7956332981291327
2025-11-03,均线金叉,7435.460147857666,1.0,1.0,0.8150967935454059
2025-11-03,红三兵,9175.318212509155,0.5,0.75,0.8088970989220339
2025-11-03,成交量放大,25154.489320755005,0.25,0.6666666666666666,0.7953513434691417
2025-11-03,均线收敛,30708.851613998413,0.391304347826087,0.6956521739130435,0.785856184463799
2025-11-03,多头排列,54532.608980059624,0.2903225806451613,0.7096774193548387,0.7786010639772314
2025-11-03,连续上涨,494336.6350803375,0.5263157894736842,0.7171052631578947,0.7727443210420565
2025-11-04,突破年线,3509.209182739258,0.0,1.0,0.794387719038051
2025-11-04,突破半年线,4417.3501625061035,0.0,0.75,0.7901603172249033
2025-11-04,均线金叉,7351.479457855225,0.0,1.0,0.8101450489177696
2025-11-04,红三兵,9272.520378112793,0.3333333333333333,1.0,0.828226472830363
2025-11-04,成交量放大,15835.731775283813,0.1111111111111111,0.5555555555555556,0.8022578140422861
2025-11-04,均线收敛,27319.14309501648,0.3181818181818182,0.6818181818181818,0.7907873728780858
2025-11-04,多头排列,44660.50038564205,0.21875,0.6875,0.7809504802230299
2025-11-04,连续上涨,425550.49530410767,0.19148936170212766,0.6170212765957447,0.7653381751156694
2025-11-05,突破半年线,1271.419765472412,0.5,0.5,0.7400678727237009
2025-11-05,突破年线,4037.5996856689453,1.0,1.0,0.7648233134166817
2025-11-05,均线金叉,7270.729457855225,0.0,1.0,0.7872210930912835
2025-11-05,红三兵,8954.81869316101,0.6666666666666666,1.0,0.8074857508921136
2025-11-05,成交量放大,15708.570499420166,0.875,0.75,0.802010917473817
2025-11-05,均线收敛,32590.65047264099,0.5789473684210527,0.7368421052631579,0.7958043639299447
2025-11-05,多头排列,35219.83777010441,0.7037037037037037,0.7037037037037037,0.7870328724798265
2025-11-05,连续上涨,445647.5352935791,0.608,0.624,0.7715059322436525
2025-11-06,突破半年线,1812.1993255615234,1.0,1.0,0.7932672720299713
2025-11-06,红三兵,3699.430118560791,0.5,1.0,0.8129561032652121
2025-11-06,突破年线,4173.560440063477,1.0,1.0,0.8307698077161443
2025-11-06,均线金叉,7277.189605712891,1.0,1.0,0.8468869688860353
2025-11-06,成交量放大,14515.521270751953,0.5,0.625,0.8257548766111749
2025-11-06,多头排列,20978.70019054413,0.4166666666666667,0.7083333333333334,0.8145718724894756
2025-11-06,均线收敛,30152.91982460022,0.2727272727272727,0.6363636363636364,0.7975996595251099
2025-11-06,连续上涨,401491.8021697998,0.3697478991596639,0.6554621848739496,0.7840627571773804
2025-11-07,突破半年线,1822.4002075195312,1.0,1.0,0.8046282088747727
2025-11-07,红三兵,4104.310546875,0.5,1.0,0.8232350461247944
2025-11-07,突破年线,4108.669937133789,0.0,1.0,0.8400698036367187
2025-11-07,均线金叉,6382.479457855225,0.0,1.0,0.8553012509094121
2025-11-07,成交量放大,14254.297092437744,0.5,0.625,0.833367798441849
2025-11-07,多头排列,22868.20011138916,0.64,0.72,0.822570865256911
2025-11-07,均线收敛,29831.679609298706,0.75,0.7,0.8108974495181576
2025-11-07,连续上涨,384950.8008093834,0.5436893203883495,0.7864077669902912,0.8085650988012179
2025-11-10,突破半年线,1985.6000518798828,1.0,1.0,0.8267969941534828
2025-11-10,红三兵,4172.13952255249,0.5,1.0,0.8432925185198178
2025-11-10,突破年线,4521.860884666443,0.5,1.0,0.8582170405655495
2025-11-10,均线金叉,6269.429950714111,0.0,1.0,0.8717201795593067
2025-11-10,成交量放大,15664.889953613281,0.875,0.875,0.8720325434108014
2025-11-10,多头排列,29891.4903049469,0.7241379310344828,0.7586206896551724,0.8612314144816939
2025-11-10,均线收敛,32554.148290634155,0.6666666666666666,0.7619047619047619,0.8517717332838908
2025-11-10,连续上涨,408493.7785205841,0.7545454545454545,0.8181818181818182,0.84857269375036
2025-11-11,突破半年线,1990.6998443603516,1.0,1.0,0.8629943419646114
2025-11-11,红三兵,4633.370212554932,1.0,1.0,0.8760424998727437
2025-11-11,突破年线,4779.370788574219,0.5,1.0,0.8878479760753396
2025-11-11,均线金叉,6201.600246429443,0.0,1.0,0.8985291212110216
2025-11-11,成交量放大,15080.010551452637,0.375,0.75,0.8843834906194957
2025-11-11,多头排列,30971.599078178406,0.48484848484848486,0.6666666666666666,0.8636485550049405
2025-11-11,均线收敛,35828.55010795593,0.6666666666666666,0.8333333333333334,0.860761391036216
2025-11-11,连续上涨,395750.7449951172,0.6271186440677966,0.8728813559322034,0.8619156734072624
2025-11-12,突破半年线,2125.0,1.0,1.0,0.8750665616541897
2025-11-12,突破年线,4219.419659614563,0.0,1.0,0.8869649843537907
2025-11-12,红三兵,4794.758823394775,0.3333333333333333,1.0,0.8977302239391439
2025-11-12,均线金叉,5277.820049285889,0.0,1.0,0.9074702026116064
2025-11-12,成交量放大,16765.640209197998,0.7142857142857143,0.7142857142857143,0.8890716799139023
2025-11-12,均线收敛,37541.409673690796,0.6428571428571429,0.8571428571428571,0.8860308396499933
2025-11-12,多头排列,37685.73696708679,0.6944444444444444,0.7777777777777778,0.8757210242335918
2025-11-12,连续上涨,279332.39273405075,0.5419847328244275,0.8320610687022901,0.8715629332306106
2025-11-13,突破半年线,2113.100051879883,0.0,1.0,0.8837950348276953
2025-11-13,突破年线,3769.0198078155518,0.5,1.0,0.8948621743679148
2025-11-13,红三兵,4445.129299163818,0.25,0.5,0.857256252999542
2025-11-13,成交量放大,13733.30965423584,0.125,0.625,0.8351366098567284
2025-11-13,多头排列,25210.08806848526,0.16666666666666666,0.6388888888888888,0.8164463507169342
2025-11-13,均线收敛,28918.567945480347,0.3448275862068966,0.7241379310344828,0.8076550726519388
2025-11-13,连续上涨,209734.14529323578,0.25,0.6428571428571429,0.791960031719101
2025-11-14,突破半年线,2043.399429321289,0.0,1.0,0.8117733620315676
2025-11-14,突破年线,3747.5506296157837,0.5,1.0,0.8296997085047516
2025-11-14,红三兵,4925.900276184082,0.4,0.8,0.8268711648376323
2025-11-14,成交量放大,14536.849159240723,0.2857142857142857,0.8571428571428571,0.8297541831524157
2025-11-14,多头排列,24277.48067331314,0.38235294117647056,0.6470588235294118,0.812354625093082
2025-11-14,均线收敛,24570.3314037323,0.39285714285714285,0.6071428571428571,0.7928106471930605
2025-11-14,连续上涨,144836.81460809708,0.3931034482758621,0.6344827586206897,0.7777318006623585
2025-11-17,突破半年线,2019.5995330810547,0.0,1.0,0.7989002005992767
2025-11-17,突破年线,3326.0103664398193,0.0,1.0,0.8180525624469647
2025-11-17,红三兵,4586.050346374512,0.2,0.6,0.7972856517377299
2025-11-17,成交量放大,13354.702163696289,0.14285714285714285,0.8571428571428571,0.8029863379667896
2025-11-17,均线收敛,21489.786931991577,0.2413793103448276,0.5517241379310345,0.7790566046300511
2025-11-17,多头排列,23654.439433574677,0.34375,0.75,0.7762893089509986
2025-11-17,连续上涨,125846.83130025864,0.1875,0.5138888888888888,0.7512987927546072
2025-11-18,突破年线,209.79035568237305,1.0,1.0,0.7749846220160732
2025-11-18,突破半年线,1892.0995330810547,0.0,1.0,0.7964146580145425
2025-11-18,红三兵,4428.869411468506,0.5,0.75,0.7919942143941099
2025-11-18,成交量放大,12006.989795684814,0.0,0.7142857142857143,0.784593404859977
2025-11-18,均线收敛,24633.239168167114,0.6363636363636364,0.6818181818181818,0.774805288379806
2025-11-18,多头排列,28456.837602376938,0.5517241379310345,0.8275862068965517,0.779832042524258
2025-11-18,连续上涨,132337.46346330643,0.5609756097560976,0.5691056910569106,0.7597628661940343
2025-11-19,突破年线,124.32062244415283,0.0,1.0,0.7826425932231739
2025-11-19,突破半年线,1839.3999481201172,0.0,1.0,0.8033432986304906
2025-11-19,红三兵,4759.759216308594,0.3333333333333333,1.0,0.8220725082847296
2025-11-19,成交量放大,8140.189498901367,0.4,1.0,0.8390179836861839
2025-11-19,均线收敛,24126.86930656433,0.4,0.65,0.8210162709541664
2025-11-19,多头排列,28385.69677376747,0.43333333333333335,0.7666666666666667,0.8158401181648807
2025-11-19,连续上涨,132423.29850149155,0.4959349593495935,0.5934959349593496,0.7946644816691157
2025-11-20,突破年线,-62.15994071960449,0.0,0.0,0.718982150081581
2025-11-20,均线金叉,47.27014923095703,1.0,1.0,0.7457457548357161
2025-11-20,突破半年线,1728.8996887207031,0.0,1.0,0.7699604448513623
2025-11-20,红三兵,4477.369003295898,0.3333333333333333,1.0,0.7918689739131373
2025-11-20,成交量放大,4769.580219268799,0.25,0.75,0.7878814525880765
2025-11-20,均线收敛,22453.54092979431,0.23529411764705882,0.7058823529411765,0.780072014526467
2025-11-20,多头排列,22504.16794371605,0.1724137931034483,0.5862068965517241,0.7616086699574439
2025-11-20,连续上涨,100827.33561182022,0.2457627118644068,0.4830508474576271,0.73507935352889
2025-11-21,突破年线,-77.69955539703369,0.0,0.0,0.665071796049948
2025-11-21,均线金叉,423.8003730773926,1.0,1.0,0.6969697202356673
2025-11-21,红三兵,2547.479434967041,1.0,1.0,0.7258297468798894
2025-11-21,成交量放大,5405.830270767212,0.6,0.8,0.7328935805103762
2025-11-21,均线收敛,25352.29990196228,0.8,0.8,0.7392846680808165
2025-11-21,多头排列,28762.259374141693,0.92,0.8,0.7450670806445483
2025-11-21,连续上涨,102353.90262651443,0.8695652173913043,0.6847826086956522,0.739325702363701
2025-11-24,突破年线,-85.46973323822021,0.0,0.0,0.6689137307100151
2025-11-24,均线金叉,414.02014923095703,0.0,1.0,0.7004457563566804
2025-11-24,红三兵,2704.4900665283203,0.5,1.0,0.7289747319417584
2025-11-24,成交量放大,7185.577941894531,0.8,1.0,0.7547866622330195
2025-11-24,均线收敛,24978.494820594788,0.5416666666666666,0.5416666666666666,0.7344895197981288
2025-11-24,多头排列,37078.11025738716,0.8076923076923077,0.8461538461538461,0.7451242175462924
2025-11-24,连续上涨,108519.34751749039,0.45098039215686275,0.6666666666666666,0.737652069843471
2025-11-25,突破年线,-186.47982215881348,0.0,0.0,0.6673994917631404
2025-11-25,均线金叉,1085.5805969238281,1.0,1.0,0.6990757306428413
2025-11-25,红三兵,2947.340202331543,1.0,1.0,0.7277351848673327
2025-11-25,成交量放大,9504.919021606445,0.75,0.875,0.7417604053561582
2025-11-25,均线收敛,32216.60068130493,0.96,0.84,0.7511165572270002
2025-11-25,多头排列,42119.80957865715,0.9333333333333333,0.9333333333333333,0.7684705359037939
2025-11-25,连续上涨,132236.0108742714,0.8725490196078431,0.8137254901960784,0.772780531550678
2025-11-26,突破年线,-155.39985179901123,1.0,0.0,0.6991823856887087
2025-11-26,突破半年线,104.3995132446289,1.0,0.5,0.6802126346707364
2025-11-26,均线金叉,860.6398010253906,0.0,1.0,0.7106685742259045
2025-11-26,红三兵,3295.8504333496094,0.5,0.75,0.7144144242996279
2025-11-26,成交量放大,10380.147148132324,0.5,0.75,0.7178035267472823
2025-11-26,均线收敛,32965.85995578766,0.6785714285714286,0.8214285714285714,0.7276725786216908
2025-11-26,多头排列,48014.21038198471,0.631578947368421,0.868421052631579,0.7410771951940611
2025-11-26,连续上涨,142464.68403625488,0.6864406779661016,0.7542372881355932,0.7423305373789689
2025-11-28,突破年线,-248.63976287841797,0.0,0.0,0.6716323909619243
2025-11-28,突破半年线,488.7002639770508,0.6666666666666666,1.0,0.7029054965845981
2025-11-28,均线金叉,907.9099502563477,1.0,1.0,0.7312002111955888
2025-11-28,红三兵,4103.859546661377,0.4,1.0,0.7568001910817231
2025-11-28,成交量放大,10998.010761260986,0.75,0.875,0.7680573157406066
2025-11-28,均线收敛,32779.49706840515,0.6785714285714286,0.8928571428571429,0.7799430135612291
2025-11-28,多头排列,51831.258870601654,0.5,0.8695652173913043,0.7884784615450458
2025-11-28,连续上涨,159362.1019744873,0.7,0.8307692307692308,0.792506153852111
2025-12-01,突破年线,-240.86958503723145,1.0,0.0,0.7170293772947671
2025-12-01,突破半年线,24.18042755126953,0.3333333333333333,0.6666666666666666,0.7122329286635195
2025-12-01,均线金叉,989.4099502563477,1.0,1.0,0.739639316409851
2025-12-01,红三兵,1967.0597190856934,0.0,0.6,0.7263403338946272
2025-12-01,成交量放大,9953.430038452148,0.125,0.875,0.7404983973332341
2025-12-01,均线收敛,29866.288200378418,0.3793103448275862,0.7241379310344828,0.738940257685734
2025-12-01,多头排列,46588.592366695404,0.2857142857142857,0.7346938775510204,0.7385358405300471
2025-12-01,连续上涨,148619.8476896286,0.32298136645962733,0.6956521739130435,0.7344516818046182
2025-12-02,突破年线,-194.25,1.0,0.0,0.6645039025851307
2025-12-02,突破半年线,554.4002075195312,0.6666666666666666,0.6666666666666666,0.6647098801167055
2025-12-02,红三兵,652.4391632080078,0.2,0.2,0.620451796296067
2025-12-02,均线金叉,785.6599502563477,0.0,1.0,0.6565992442678701
2025-12-02,成交量放大,11268.44811630249,0.6666666666666666,0.8888888888888888,0.67872206756511
2025-12-02,均线收敛,28807.868271827698,0.5,0.7333333333333333,0.6839231404954169
2025-12-02,多头排列,44258.004338502884,0.27450980392156865,0.7254901960784313,0.6878819076937992
2025-12-02,连续上涨,143925.7802658081,0.47953216374269003,0.6783625730994152,0.6869753043990959
2025-12-03,突破年线,-134.47944831848145,1.0,0.0,0.6215490849325154
2025-12-03,均线金叉,1031.790298461914,1.0,1.0,0.6575920292246568
2025-12-03,突破半年线,1171.2008895874023,1.0,1.0,0.6902023121556419
2025-12-03,红三兵,1990.3900680541992,0.8,0.8,0.7006592348074856
2025-12-03,成交量放大,12863.068340301514,0.75,1.0,0.7291678791115346
2025-12-03,均线收敛,33543.650259017944,0.75,0.8928571428571429,0.7447573328015925
2025-12-03,多头排列,50924.00356531143,0.6,0.78,0.7481137772966789
2025-12-03,连续上涨,160702.65070867538,0.6573033707865169,0.7865168539325843,0.7517712131667651
2025-12-04,突破年线,-92.32927322387695,0.5,0.5,0.727793002388978
2025-12-04,均线金叉,1043.2002487182617,1.0,1.0,0.7537174783519325
2025-12-04,突破半年线,1881.1104755401611,1.0,1.0,0.7771729566041294
2025-12-04,红三兵,2056.1504707336426,0.4,0.8,0.7793469607370695
2025-12-04,成交量放大,12948.73941040039,0.5555555555555556,0.8888888888888888,0.7897795253229571
2025-12-04,均线收敛,32857.09079456329,0.5757575757575758,0.7575757575757576,0.7867124998232239
2025-12-04,多头排列,51405.38063240051,0.46,0.8,0.7879779760305359
2025-12-04,连续上涨,178334.33376598358,0.5621621621621622,0.8,0.7891229306942944
2025-12-05,突破年线,-505.23942947387695,0.5,0.5,0.761587413485314
2025-12-05,均线金叉,956.8104476928711,0.0,1.0,0.7842933741057603
2025-12-05,红三兵,1822.9387397766113,0.5,0.8333333333333334,0.7889638464131481
2025-12-05,突破半年线,1883.3204746246338,0.8,1.0,0.8090625277071339
2025-12-05,成交量放大,16710.700157165527,0.7,0.9,0.8177232393540736
2025-12-05,均线收敛,33983.811767578125,0.5151515151515151,0.7575757575757576,0.8119949077561388
2025-12-05,多头排列,50299.94795036316,0.52,0.76,0.8070430117793637
2025-12-05,连续上涨,181144.8977546692,0.5714285714285714,0.75,0.8016103439908528
2025-12-08,突破年线,42.3203125,0.0,1.0,0.8205045969441049
2025-12-08,均线金叉,891.6101989746094,0.0,1.0,0.8375993972351425
2025-12-08,红三兵,998.5193138122559,0.6,0.6,0.814970883212748
2025-12-08,突破半年线,1889.3206615447998,0.4,1.0,0.832592703859153
2025-12-08,成交量放大,17745.210861206055,0.6,0.8,0.8294886368249479
2025-12-08,均线收敛,31023.17074584961,0.3235294117647059,0.6470588235294118,0.8121143688920397
2025-12-08,多头排列,48308.57022881508,0.3333333333333333,0.7291666666666666,0.8042145877277185
2025-12-08,连续上涨,177914.0812139511,0.35046728971962615,0.7102803738317757,0.795268472118581
2025-12-09,突破年线,60.68994140625,1.0,1.0,0.8147667128691923
2025-12-09,红三兵,530.5700759887695,0.4,0.2,0.7562175021197455
2025-12-09,均线金叉,1069.2796020507812,1.0,1.0,0.7794348828702459
2025-12-09,突破半年线,2297.6816272735596,0.4,0.8,0.781393465454032
2025-12-09,成交量放大,19995.33034133911,0.6666666666666666,0.8888888888888888,0.7916311248287803
2025-12-09,均线收敛,31827.140991210938,0.5757575757575758,0.7575757575757576,0.7883877565189686
2025-12-09,多头排列,48724.19790673256,0.5116279069767442,0.8372093023255814,0.7930374275481699
2025-12-09,连续上涨,186352.11625766754,0.5571428571428572,0.6904761904761905,0.7832696906841718
2025-12-10,突破年线,142.13037109375,1.0,1.0,0.8039106725237746
2025-12-10,均线金叉,1245.3199005126953,1.0,1.0,0.8225858465691294
2025-12-10,红三兵,1649.3396453857422,0.8,0.6,0.8013871945149266
2025-12-10,突破半年线,2833.480140686035,0.6,1.0,0.8203026997992193
2025-12-10,成交量放大,24185.0111618042,0.7777777777777778,1.0,0.8374167283897699
2025-12-10,均线收敛,34690.61218261719,0.7575757575757576,0.7878787878787878,0.8326988292934858
2025-12-10,多头排列,52638.691169023514,0.7560975609756098,0.8536585365853658,0.8346949918927125
2025-12-10,连续上涨,209941.88833141327,0.6715686274509803,0.75,0.8266288021886445
2025-12-11,突破年线,325.4105224609375,1.0,1.0,0.843140344837345
2025-12-11,均线金叉,1445.810447692871,1.0,1.0,0.8580793596147407
2025-12-11,红三兵,2638.0996856689453,0.75,1.0,0.8715956110800035
2025-12-11,突破半年线,3769.2896881103516,0.6666666666666666,0.8333333333333334,0.8679515846279398
2025-12-11,成交量放大,25187.00955581665,0.7,1.0,0.8805276241871836
2025-12-11,均线收敛,37648.82871437073,0.6764705882352942,0.8235294117647058,0.8750992230040904
2025-12-11,多头排列,54854.3203253746,0.6052631578947368,0.8421052631578947,0.8719569411139765
2025-12-11,连续上涨,238962.03880500793,0.6700507614213198,0.8223350253807107,0.867231044377475
2025-12-12,突破年线,148.4705810546875,0.6666666666666666,0.6666666666666666,0.8481296750716837
2025-12-12,均线金叉,1097.4604110717773,0.5,0.5,0.8149744679219995
2025-12-12,红三兵,1211.6005020141602,0.2,0.8,0.8135483281199043
2025-12-12,突破半年线,1646.8511924743652,0.16666666666666666,0.6666666666666666,0.7995595984576912
2025-12-12,成交量放大,21273.738452911377,0.1,1.0,0.8186491605093397
2025-12-12,均线收敛,35775.480474472046,0.4722222222222222,0.8333333333333334,0.8200476531592438
2025-12-12,多头排列,49051.33809661865,0.38461538461538464,0.7948717948717948,0.8176499523699629
2025-12-12,连续上涨,198981.8351688385,0.3248730964467005,0.751269035532995,0.8113279602902517
2025-12-15,突破年线,397.4805603027344,0.6666666666666666,0.6666666666666666,0.7975506942308627
2025-12-15,红三兵,691.369514465332,0.2,0.6,0.778736342399352
2025-12-15,突破半年线,1076.2707786560059,0.2,0.6,0.7617138335994137
2025-12-15,均线金叉,1258.3203735351562,0.5,0.5,0.7367887065899457
2025-12-15,成交量放大,19847.107460021973,0.3,0.8,0.7428088297718556
2025-12-15,均线收敛,36683.980357170105,0.5151515151515151,0.8181818181818182,0.7499872096204235
2025-12-15,多头排列,47286.055915117264,0.6388888888888888,0.8333333333333334,0.7579249356883198
2025-12-15,连续上涨,178291.22628450394,0.3172043010752688,0.7580645161290323,0.7579382290636257
2025-12-16,突破年线,604.3103179931641,0.3333333333333333,0.6666666666666666,0.7492456993115344
2025-12-16,红三兵,655.8400497436523,0.25,1.0,0.7731270612818645
2025-12-16,均线金叉,1126.2604598999023,0.0,0.5,0.7471149602074012
2025-12-16,突破半年线,1565.5209274291992,0.5,0.75,0.7473897259019344
2025-12-16,成交量放大,18585.049686431885,0.2,0.8,0.7524002281969884
2025-12-16,均线收敛,36275.090777397156,0.30303030303030304,0.7272727272727273,0.7500071328708683
2025-12-16,多头排列,45327.10655403137,0.32432432432432434,0.7297297297297297,0.7480759516193313
2025-12-16,连续上涨,190163.0397324562,0.4093567251461988,0.7543859649122807,0.7486769052662788
2025-12-17,红三兵,-402.01932525634766,0.0,0.25,0.7011838666694904
2025-12-17,突破年线,-143.2003173828125,0.3333333333333333,0.6666666666666666,0.697896514288269
2025-12-17,均线金叉,1209.0409469604492,0.5,0.5,0.6790492272131958
2025-12-17,突破半年线,2096.900276184082,0.6666666666666666,1.0,0.7096159674786058
2025-12-17,成交量放大,15007.70972442627,0.2,0.8,0.7182239705758815
2025-12-17,均线收敛,33755.58265209198,0.3548387096774194,0.6774193548387096,0.7143378166961509
2025-12-17,多头排列,43409.087324380875,0.5405405405405406,0.7027027027027027,0.7132297106015368
2025-12-17,连续上涨,176530.29554891586,0.43452380952380953,0.7202380952380952,0.7138971758050185
2025-12-18,突破年线,578.40087890625,0.5,1.0,0.7411450638235882
2025-12-18,红三兵,844.5500869750977,1.0,1.0,0.7657979148880084
2025-12-18,均线金叉,1218.7003936767578,0.5,0.5,0.7404838277558172
2025-12-18,突破半年线,1960.4210891723633,0.3333333333333333,1.0,0.7651996536838346
2025-12-18,成交量放大,16617.35890197754,0.8,0.8,0.7685139723806123
2025-12-18,均线收敛,32889.74215888977,0.5666666666666667,0.7333333333333333,0.7651634353284904
2025-12-18,多头排列,45043.79849243164,0.5555555555555556,0.75,0.7637192986305389
2025-12-18,连续上涨,200043.94390439987,0.6585365853658537,0.7865853658536586,0.7658970193184551
2025-12-19,突破年线,617.070068359375,0.5,1.0,0.7881925412881261
2025-12-19,突破半年线,1830.4707489013672,0.6666666666666666,1.0,0.8083646802130665
2025-12-19,红三兵,1958.690185546875,1.0,1.0,0.8266156630499173
2025-12-19,均线金叉,2406.2198638916016,1.0,1.0,0.8431284570451633
2025-12-19,成交量放大,19237.990489959717,1.0,0.8,0.8390209849456238
2025-12-19,均线收敛,36421.763496398926,0.6451612903225806,0.7741935483870968,0.8328469433686213
2025-12-19,多头排列,51460.73974490166,0.8108108108108109,0.7837837837837838,0.8281742615033987
2025-12-19,连续上涨,226351.75926065445,0.675,0.8375,0.8290624270745035
2025-12-22,突破年线,454.3203125,0.5,1.0,0.8453421959245508
2025-12-22,突破半年线,2127.301139831543,0.6666666666666666,1.0,0.8600715105984031
2025-12-22,均线金叉,2884.7699127197266,1.0,1.0,0.8733980333985553
2025-12-22,红三兵,3494.160614013672,1.0,1.0,0.8854553635510738
2025-12-22,成交量放大,22029.380493164062,0.875,0.8125,0.8785072336890667
2025-12-22,均线收敛,40283.662945747375,0.75,0.875,0.8781732114329651
2025-12-22,多头排列,59169.31496524811,0.825,0.85,0.8754900484393493
2025-12-22,连续上涨,274647.34864091873,0.8023952095808383,0.9041916167664671,0.8782235311371701
2025-12-23,突破年线,576.2003173828125,1.0,1.0,0.8898212900764872
2025-12-23,突破半年线,804.81005859375,0.6,0.6,0.8622192624501551
2025-12-23,均线金叉,2860.6205978393555,0.5,1.0,0.8753412374549022
2025-12-23,红三兵,3740.0816497802734,0.75,1.0,0.8872135005544354
2025-12-23,成交量放大,20840.679428100586,0.375,0.875,0.8860503100254415
2025-12-23,均线收敛,38341.12215805054,0.5277777777777778,0.7777777777777778,0.8757386402875688
2025-12-23,多头排列,55838.23792099953,0.35,0.825,0.8709063888316098
2025-12-23,连续上涨,275383.1616463661,0.41566265060240964,0.8674698795180723,0.8705791022303204
2025-12-24,突破半年线,408.3302917480469,0.2,0.6,0.8448096639226709
2025-12-24,突破年线,564.240234375,0.5,1.0,0.8595896959300355
2025-12-24,均线金叉,2601.7099685668945,0.0,1.0,0.8729621058414607
2025-12-24,红三兵,3846.25936126709,0.75,1.0,0.8850609529041787
2025-12-24,成交量放大,21231.39972305298,0.6875,0.9375,0.8900551478656855
2025-12-24,均线收敛,39933.69013309479,0.7142857142857143,0.8285714285714286,0.8841995555519467
2025-12-24,多头排列,56388.856583833694,0.6190476190476191,0.7857142857142857,0.874820006043598
2025-12-24,连续上涨,276681.15769195557,0.6900584795321637,0.8771929824561403,0.8750460037971735
2025-12-26,突破半年线,-965.5700607299805,0.6,0.6,0.8488511462926808
2025-12-26,突破年线,623.469970703125,0.5,1.0,0.8632462752171873
2025-12-26,均线金叉,2953.6810150146484,1.0,1.0,0.8762704394822171
2025-12-26,红三兵,3326.441017150879,0.5,1.0,0.8880542071505774
2025-12-26,成交量放大,20875.080394744873,0.5,0.9375,0.8927633302790938
2025-12-26,均线收敛,39194.38711929321,0.6285714285714286,0.8,0.8839287273953707
2025-12-26,多头排列,56983.35664653778,0.5238095238095238,0.8095238095238095,0.8768425447409363
2025-12-26,连续上涨,274820.2230172157,0.5771428571428572,0.8857142857142857,0.8776874724526837
2025-12-29,突破半年线,351.25132751464844,0.25,0.75,0.8655267607905234
2025-12-29,突破年线,635.85986328125,1.0,1.0,0.8783337359533306
2025-12-29,均线金叉,2233.639762878418,0.3333333333333333,0.6666666666666666,0.8581749674498388
2025-12-29,红三兵,3222.6207427978516,0.5,1.0,0.871682113406997
2025-12-29,成交量放大,21078.051708221436,0.5,0.9375,0.8779504835587115
2025-12-29,均线收敛,37776.11858415604,0.4117647058823529,0.7941176470588235,0.8699664038920555
2025-12-29,多头排列,51041.66667509079,0.19047619047619047,0.8095238095238095,0.8642099663331749
2025-12-29,连续上涨,254823.7674574852,0.37640449438202245,0.8651685393258427,0.8643012589991432
2025-12-30,突破年线,669.68017578125,0.5,1.0,0.8772249486182725
2025-12-30,突破半年线,1926.2908020019531,0.3333333333333333,1.0,0.8889178106546275
2025-12-30,红三兵,2148.269786834717,0.4444444444444444,0.5555555555555556,0.8571690244547159
2025-12-30,均线金叉,2175.55020904541,0.3333333333333333,1.0,0.8707719745066477
2025-12-30,成交量放大,20806.82099533081,0.3125,0.9375,0.8771270245536337
2025-12-30,均线收敛,36121.31665468216,0.20588235294117646,0.8235294117647058,0.8720224900023071
2025-12-30,多头排列,50188.86506605148,0.275,0.75,0.8604013004782779
2025-12-30,连续上涨,248496.43498039246,0.37777777777777777,0.8555555555555555,0.8599398009618282
2025-12-31,突破年线,506.660400390625,0.0,1.0,0.8732788675368922
2025-12-31,红三兵,1438.4807682037354,0.1111111111111111,0.3333333333333333,0.8218554833270295
2025-12-31,均线金叉,1693.7507801055908,0.0,0.6666666666666666,0.8070755960260426
2025-12-31,突破半年线,1720.0702362060547,0.3333333333333333,1.0,0.8254493487854672
2025-12-31,成交量放大,19380.37855529785,0.0,0.8823529411764706,0.8308687385369914
2025-12-31,均线收敛,33603.1595158577,0.15151515151515152,0.7878787878787878,0.8267744575219244
2025-12-31,多头排列,45467.35749268532,0.07692307692307693,0.6666666666666666,0.8115260964880903
2025-12-31,连续上涨,231671.82933425903,0.11235955056179775,0.7528089887640449,0.8059339909905622
2026-01-02,突破年线,421.730224609375,0.0,1.0,0.8244164680390801
2026-01-02,均线金叉,1461.2489852905273,0.3333333333333333,0.6666666666666666,0.8093926774321836
2026-01-02,红三兵,1718.7002983093262,0.5555555555555556,0.5555555555555556,0.7852177134439333
2026-01-02,突破半年线,1932.2203826904297,0.6666666666666666,0.6666666666666666,0.7739271375603841
2026-01-02,成交量放大,21933.019414901733,0.625,0.875,0.7835531244593952
2026-01-02,均线收敛,35993.01001691818,0.6129032258064516,0.8387096774193549,0.7888061295032008
2026-01-02,多头排列,52407.98810696602,0.6923076923076923,0.7948717948717948,0.7893838119192573
2026-01-02,连续上涨,243481.43378973007,0.543859649122807,0.7485380116959064,0.7854937357075096
2026-01-05,突破年线,163.2000732421875,0.0,1.0,0.8059229037353658
2026-01-05,突破半年线,2694.0802631378174,0.6666666666666666,1.0,0.82440643671295
2026-01-05,均线金叉,2938.010347366333,1.0,1.0,0.8411296332164786
2026-01-05,红三兵,4549.4797439575195,0.8571428571428571,0.8571428571428571,0.842654702161848
2026-01-05,成交量放大,22407.489225387573,0.4,0.8666666666666667,0.8449415559242117
2026-01-05,均线收敛,38930.79543733597,0.6296296296296297,0.9259259259259259,0.8526543530672321
2026-01-05,多头排列,60018.70577406883,0.625,0.825,0.8500206051560671
2026-01-05,连续上涨,290224.9066872597,0.7777777777777778,0.845679012345679,0.8496071201265064
2026-01-06,突破年线,240.0,1.0,1.0,0.8639302515430296
2026-01-06,突破半年线,4509.119905471802,1.0,0.75,0.8530797513960744
2026-01-06,均线金叉,4824.909492492676,1.0,1.0,0.8670721560250196
2026-01-06,红三兵,5594.280792236328,0.6666666666666666,0.8333333333333334,0.8638589348162875
2026-01-06,成交量放大,26995.869607925415,0.9230769230769231,1.0,0.8768247505480696
2026-01-06,均线收敛,42789.30137395859,0.7241379310344828,0.896551724137931,0.8787035099375803
2026-01-06,多头排列,71235.0370554924,0.7073170731707317,0.8780487804878049,0.8786411547518874
2026-01-06,连续上涨,312210.82346630096,0.6820809248554913,0.8323699421965318,0.8742343726037584
2026-01-07,突破年线,142.39990234375,0.0,1.0,0.8862120514034004
2026-01-07,突破半年线,3448.2505645751953,0.25,0.75,0.873239475079267
2026-01-07,均线金叉,4231.629981994629,0.0,1.0,0.8853119060240987
2026-01-07,红三兵,5090.371292114258,0.3333333333333333,0.6666666666666666,0.8644885498948195
2026-01-07,成交量放大,27871.672676086426,0.21428571428571427,0.9285714285714286,0.8705916811973536
2026-01-07,均线收敛,42329.987510204315,0.41935483870967744,0.8387096774193549,0.8675552998851633
2026-01-07,多头排列,75516.66675043106,0.38095238095238093,0.9285714285714286,0.8733663597600457
2026-01-07,连续上涨,296268.9691853523,0.3858695652173913,0.7282608695652174,0.8595467892653003
2026-01-08,突破年线,385.6005859375,1.0,1.0,0.8729232855257478
2026-01-08,突破半年线,3580.9906997680664,0.75,0.75,0.861216305951867
2026-01-08,均线金叉,4578.850835800171,0.6666666666666666,1.0,0.8744338006231178
2026-01-08,红三兵,7537.080184936523,0.8333333333333334,0.8333333333333334,0.8705194704050432
2026-01-08,成交量放大,25206.53969192505,0.5714285714285714,1.0,0.8828509494140867
2026-01-08,均线收敛,41253.08087205887,0.5294117647058824,0.8823529411764706,0.8828035200581233
2026-01-08,多头排列,73992.31347370148,0.3333333333333333,0.8095238095238095,0.8758245000072363
2026-01-08,连续上涨,289464.5439391136,0.5875706214689266,0.7966101694915254,0.8682802780533592
2026-01-09,突破年线,580.799560546875,1.0,1.0,0.8808250134768487
2026-01-09,突破半年线,3578.18972492218,0.5,0.75,0.8683654883838154
2026-01-09,均线金叉,5207.9591426849365,0.6666666666666666,1.0,0.8809021085377378
2026-01-09,红三兵,8415.231956481934,0.6666666666666666,0.8333333333333334,0.8763717489944611
2026-01-09,成交量放大,21809.079824447632,0.75,1.0,0.8881458681378458
2026-01-09,均线收敛,40536.95607328415,0.5405405405405406,0.7297297297297297,0.8730586168608824
2026-01-09,多头排列,75643.54474878311,0.6585365853658537,0.8780487804878049,0.8735338705396369
2026-01-09,连续上涨,307202.89178848267,0.6214689265536724,0.7966101694915254,0.8662078037731501
2026-01-12,突破年线,455.40901947021484,0.5,0.5,0.8313308700804691
2026-01-12,突破半年线,3790.0305910110474,0.5,0.75,0.8235850729299482
2026-01-12,均线金叉,5943.180673599243,0.6666666666666666,1.0,0.8403864945556674
2026-01-12,红三兵,8960.361267089844,0.8,1.0,0.855587780788461
2026-01-12,成交量放大,20205.2288646698,0.5454545454545454,1.0,0.8693413254752742
2026-01-12,均线收敛,40557.67790365219,0.4594594594594595,0.6756756756756757,0.8508969778753124
2026-01-12,多头排列,77395.89401912689,0.575,0.9,0.8555734561729017
2026-01-12,连续上涨,338830.3786101341,0.5737704918032787,0.7814207650273224,0.848511295111418
2026-01-13,突破年线,199.87979125976562,0.5,0.5,0.8153197431960448
2026-01-13,突破半年线,2431.7206478118896,0.3333333333333333,0.6666666666666666,0.801162307336104
2026-01-13,均线金叉,5033.210126876831,0.0,1.0,0.8200992304469513
2026-01-13,红三兵,8967.740333557129,0.6666666666666666,1.0,0.8372326370710512
2026-01-13,成交量放大,18949.308799743652,0.36363636363636365,0.9090909090909091,0.8440762820253234
2026-01-13,均线收敛,41950.25934839249,0.43243243243243246,0.6486486486486487,0.82546412646564
2026-01-13,多头排列,83772.55707597733,0.5,0.9210526315789473,0.8345677936192883
2026-01-13,连续上涨,340576.34230327606,0.455026455026455,0.7354497354497355,0.8251279785555214
2026-01-14,突破年线,1046.400146484375,1.0,1.0,0.841782456788329
2026-01-14,突破半年线,3201.2994117736816,1.0,0.6666666666666666,0.8251047624910278
2026-01-14,均线金叉,4246.420764923096,0.0,1.0,0.8417614517775966
2026-01-14,红三兵,9796.241561889648,0.6666666666666666,0.8333333333333334,0.840958773830524
2026-01-14,成交量放大,22645.84755706787,0.7,1.0,0.856105557275236
2026-01-14,均线收敛,45112.97072505951,0.5862068965517241,0.7241379310344828,0.8435372119189738
2026-01-14,多头排列,87523.68768644333,0.5128205128205128,0.9487179487179487,0.8535544249474476
2026-01-14,连续上涨,357296.64378738403,0.574468085106383,0.7925531914893617,0.8477447836657251
2026-01-15,突破年线,945.3299427032471,0.5,0.5,0.8146262328404179
2026-01-15,突破半年线,3936.4592638015747,0.6666666666666666,1.0,0.8322808773318067
2026-01-15,均线金叉,4029.689115524292,0.3333333333333333,1.0,0.8482541271097298
2026-01-15,红三兵,9760.589874267578,0.5,0.8333333333333334,0.8468330991310253
2026-01-15,成交量放大,21664.638355255127,0.4,1.0,0.8614204230233087
2026-01-15,均线收敛,43380.5548286438,0.5925925925925926,0.7777777777777778,0.8534544568094486
2026-01-15,多头排列,95870.57740545273,0.6923076923076923,0.9230769230769231,0.8600851678825415
2026-01-15,连续上涨,371235.02857780457,0.5934065934065934,0.8021978021978022,0.8545720854363759
2026-01-16,突破年线,959.1696624755859,0.5,0.5,0.8208033153948162
2026-01-16,均线金叉,4046.1705074310303,0.3333333333333333,0.6666666666666666,0.8061236345635638
2026-01-16,突破半年线,5051.629715919495,0.6666666666666666,1.0,0.824588050319415
2026-01-16,红三兵,9471.619445800781,0.5,0.8333333333333334,0.8254209344159786
2026-01-16,成交量放大,22592.829328536987,0.4444444444444444,1.0,0.8420475120906473
2026-01-16,均线收敛,42914.95886993408,0.4444444444444444,0.7407407407407407,0.8323992481525609
2026-01-16,多头排列,95286.6466460228,0.45,0.875,0.8364564626142218
2026-01-16,连续上涨,386588.48221445084,0.5418994413407822,0.8044692737430168,0.8334100636741071
2026-01-20,突破年线,2046.2398662567139,1.0,1.0,0.8492757718956206
2026-01-20,突破半年线,2625.8196601867676,0.0,0.6666666666666666,0.8318844285404822
2026-01-20,均线金叉,2749.810483932495,0.5,0.5,0.8002763877271029
2026-01-20,红三兵,8269.240028381348,0.16666666666666666,0.8333333333333334,0.8034246682610295
2026-01-20,成交量放大,20011.420804977417,0.1,0.9,0.8126223189028363
2026-01-20,均线收敛,40534.487449645996,0.23076923076923078,0.7692307692307693,0.8084897903626395
2026-01-20,多头排列,97821.08822202682,0.4878048780487805,0.7560975609756098,0.8035000542305414
2026-01-20,连续上涨,379351.2810854912,0.2,0.7657142857142857,0.7999014096099456
2026-01-21,突破半年线,1711.0598630905151,0.5,1.0,0.8189584182185222
2026-01-21,突破年线,2185.850341796875,1.0,1.0,0.836200473626282
2026-01-21,均线金叉,2985.210174560547,1.0,0.5,0.8041813808999694
2026-01-21,红三兵,8798.5697555542,0.5,0.8333333333333334,0.8069577573221944
2026-01-21,成交量放大,20445.199506759644,0.75,0.875,0.8134379709105569
2026-01-21,均线收敛,48321.460079193115,0.8,0.84,0.8159676879666943
2026-01-21,多头排列,105525.40588903427,0.7317073170731707,0.926829268292683,0.8265259337120265
2026-01-21,连续上涨,403245.22432231903,0.7756410256410257,0.8846153846153846,0.8320582623694892
2026-01-22,突破年线,2410.6706581115723,1.0,1.0,0.848052713572395
2026-01-22,突破半年线,3631.3095054626465,1.0,1.0,0.8625238837083573
2026-01-22,均线金叉,5210.39019203186,1.0,1.0,0.8756168471647042
2026-01-22,红三兵,9879.779190063477,0.6,0.8,0.8684152426728275
2026-01-22,成交量放大,21375.639554977417,0.625,0.875,0.8690423624182726
2026-01-22,均线收敛,50497.46690940857,0.56,0.88,0.8700859469498656
2026-01-22,多头排列,108096.1084446907,0.625,0.975,0.8800777615260689
2026-01-22,连续上涨,434511.4393315315,0.5419354838709678,0.8903225806451613,0.88105345858503
2026-01-23,突破半年线,2151.8703145980835,0.3333333333333333,0.6666666666666666,0.8606356688785193
2026-01-23,突破年线,2663.4491996765137,1.0,1.0,0.8739084623186603
2026-01-23,均线金叉,5443.510242462158,1.0,1.0,0.8859171801930735
2026-01-23,红三兵,9397.50016784668,0.4,0.8,0.8777345916032571
2026-01-23,成交量放大,19543.01930618286,0.1111111111111111,0.7777777777777778,0.8682148950484495
2026-01-23,均线收敛,49606.98792076111,0.5357142857142857,0.8571428571428571,0.8671604152479169
2026-01-23,多头排列,105407.4761223793,0.47619047619047616,0.8571428571428571,0.866206362095054
2026-01-23,连续上涨,445828.7684431076,0.4873417721518987,0.8670886075949367,0.8662903854759952
2026-01-26,突破半年线,1583.0805969238281,0.3333333333333333,1.0,0.8790246344782814
2026-01-26,突破年线,2894.099702835083,0.5,1.0,0.8905460978613022
2026-01-26,均线金叉,4855.950572967529,0.3333333333333333,1.0,0.9009702790173687
2026-01-26,红三兵,9421.560119628906,0.4,0.8,0.8913540619680955
2026-01-26,成交量放大,19236.21992301941,0.4444444444444444,0.8888888888888888,0.8911192835795997
2026-01-26,均线收敛,50271.75744628906,0.6333333333333333,0.8666666666666667,0.8887904629212252
2026-01-26,多头排列,100737.73539209366,0.5116279069767442,0.9534883720930233,0.8949521685566345
2026-01-26,连续上涨,433257.73642396927,0.4935064935064935,0.9025974025974026,0.8956802860843267
2026-01-27,突破半年线,1765.4196853637695,0.6666666666666666,0.6666666666666666,0.8738694651874067
2026-01-27,突破年线,4485.659599304199,1.0,1.0,0.8858818970743204
2026-01-27,均线金叉,4530.449636459351,0.6666666666666666,0.6666666666666666,0.8650042560831153
2026-01-27,红三兵,10003.218940734863,0.6666666666666666,0.8333333333333334,0.8619879777259931
2026-01-27,成交量放大,21764.039743423462,0.75,1.0,0.8751319798473272
2026-01-27,均线收敛,46020.23913574219,0.2857142857142857,0.7857142857142857,0.8666160089775137
2026-01-27,多头排列,107415.55689191818,0.6428571428571429,0.9285714285714286,0.8725165251293151
2026-01-27,连续上涨,474151.7922759056,0.6410256410256411,0.8717948717948718,0.8724477962403205
2026-01-28,突破半年线,2375.3293628692627,0.5,1.0,0.8845956251698138
2026-01-28,突破年线,4339.579465866089,0.3333333333333333,1.0,0.8955865180107839
2026-01-28,均线金叉,4581.309724807739,0.3333333333333333,0.6666666666666666,0.8737846274065822
2026-01-28,红三兵,10124.799942016602,0.5,0.8333333333333334,0.8699321232091299
2026-01-28,成交量放大,21372.271146774292,0.7,0.8,0.8632719209987367
2026-01-28,均线收敛,42656.8277015686,0.2962962962962963,0.6666666666666666,0.8445476110623491
2026-01-28,多头排列,109093.43021726608,0.5121951219512195,0.9024390243902439,0.850061078998339
2026-01-28,连续上涨,478817.9136633873,0.461038961038961,0.8896103896103896,0.8538276800090105
2026-01-29,突破半年线,1145.8799419403076,0.0,0.5,0.8201298057224382
2026-01-29,突破年线,3638.1300468444824,0.6666666666666666,0.6666666666666666,0.8055142686695076
2026-01-29,均线金叉,3661.7096996307373,0.3333333333333333,0.6666666666666666,0.7922906875263799
2026-01-29,红三兵,8713.030838012695,0.3333333333333333,0.8333333333333334,0.7961995109365658
2026-01-29,成交量放大,18501.619844436646,0.4,0.8,0.7965614622759405
2026-01-29,均线收敛,47225.29169845581,0.76,0.76,0.7930794182496606
2026-01-29,多头排列,107180.41767549515,0.4358974358974359,0.8717948717948718,0.8005761281111092
2026-01-29,连续上涨,438936.4868197441,0.436241610738255,0.8590604026845637,0.8061460590228668
2026-01-30,突破半年线,558.279673576355,0.5,1.0,0.8246083391159271
2026-01-30,均线金叉,1877.1205673217773,0.0,1.0,0.8413123068191721
2026-01-30,突破年线,4862.370121002197,1.0,1.0,0.8564254204554415
2026-01-30,红三兵,7519.7006187438965,0.16666666666666666,0.8333333333333334,0.8542261740628598
2026-01-30,成交量放大,16634.520038604736,0.0,0.8,0.8490617765330637
2026-01-30,均线收敛,45075.13939285278,0.4,0.76,0.8405797025775339
2026-01-30,多头排列,85468.80649232864,0.2564102564102564,0.7435897435897436,0.8313425636263158
2026-01-30,连续上涨,369875.97142887115,0.2986111111111111,0.875,0.8355004147095239
2026-02-02,突破半年线,1170.7204284667969,1.0,1.0,0.8511670418800454
2026-02-02,均线金叉,1921.4400482177734,0.5,1.0,0.8653416093200411
2026-02-02,突破年线,4873.289293289185,0.6666666666666666,1.0,0.8781662179562276
2026-02-02,红三兵,8903.04084777832,0.6,1.0,0.8897694352937298
2026-02-02,成交量放大,19269.568408966064,0.8,0.8,0.8812199652657555
2026-02-02,均线收敛,37124.92789840698,0.6666666666666666,0.7407407407407407,0.8678409915014684
2026-02-02,多头排列,91774.40533399582,0.75,0.8333333333333334,0.8645545478664078
2026-02-02,连续上涨,370313.4785604477,0.5104895104895105,0.8811188811188811,0.8661321034142625
2026-02-03,突破半年线,596.1604614257812,0.0,1.0,0.8788814268986185
2026-02-03,均线金叉,2489.5207443237305,1.0,1.0,0.89041652909875
2026-02-03,突破年线,5772.929557800293,1.0,1.0,0.9008530501369643
2026-02-03,红三兵,10828.220405578613,0.6666666666666666,0.8333333333333334,0.8944226009175709
2026-02-03,成交量放大,19480.479900360107,0.5,0.8,0.8854299722587546
2026-02-03,均线收敛,35228.48882293701,0.4642857142857143,0.6785714285714286,0.8657291585742474
2026-02-03,多头排列,94016.6969666481,0.5405405405405406,0.7567567567567568,0.8553508345916293
2026-02-03,连续上涨,403831.368227005,0.6956521739130435,0.8913043478260869,0.8587749787091967
2026-02-04,突破半年线,794.8800659179688,1.0,1.0,0.8722249807368923
2026-02-04,均线金叉,2332.5203399658203,0.5,1.0,0.8843940301905215
2026-02-04,突破年线,6558.709697723389,1.0,1.0,0.895404122553329
2026-02-04,红三兵,9496.029457092285,0.6666666666666666,0.8333333333333334,0.8894926188180914
2026-02-04,成交量放大,17658.209814071655,0.2222222222222222,0.7777777777777778,0.8788531101475854
2026-02-04,均线收敛,26189.101472854614,0.6521739130434783,0.7391304347826086,0.8655461886842543
2026-02-04,多头排列,92797.74658441544,0.42424242424242425,0.9393939393939394,0.8725793077994624
2026-02-04,连续上涨,368754.30303144455,0.5461538461538461,0.8846153846153846,0.8737256008295502
2026-02-05,突破半年线,669.6004943847656,0.0,1.0,0.8857517340838788
2026-02-05,均线金叉,1387.720962524414,0.0,1.0,0.8966325213139855
2026-02-05,突破年线,6878.049322128296,1.0,1.0,0.906477043093606
2026-02-05,红三兵,6946.589515686035,0.2,0.8,0.8963363723227864
2026-02-05,成交量放大,8306.000015258789,0.25,0.625,0.8704948130539496
2026-02-05,均线收敛,24328.23981666565,0.38095238095238093,0.8095238095238095,0.8646880508129839
2026-02-05,多头排列,86715.8587899208,0.36363636363636365,0.8181818181818182,0.860258885800492
2026-02-05,连续上涨,312310.16610336304,0.3305084745762712,0.8898305084745762,0.8630752308170715
2026-02-06,均线金叉,573.1201171875,1.0,1.0,0.8761156850249694
2026-02-06,突破半年线,794.8800659179688,1.0,1.0,0.8879141912130676
2026-02-06,红三兵,3808.8092880249023,1.0,0.75,0.8747795063356325
2026-02-06,突破年线,6032.9196701049805,0.3333333333333333,1.0,0.8867052676370009
2026-02-06,成交量放大,12228.55185508728,0.8571428571428571,1.0,0.8974952421477627
2026-02-06,均线收敛,27775.698495864868,0.8421052631578947,0.8421052631578947,0.8922200060534895
2026-02-06,多头排列,99920.1661477089,0.9375,0.96875,0.8995085769055381
2026-02-06,连续上涨,353177.5935754776,0.8260869565217391,0.9478260869565217,0.9041102445294413
2026-02-09,均线金叉,523.2001953125,0.0,1.0,0.9132426021933041
2026-02-09,突破半年线,648.0,0.0,1.0,0.9215052115082275
2026-02-09,红三兵,3992.410804748535,0.5,0.75,0.9051713818407773
2026-02-09,突破年线,6313.900146484375,1.0,1.0,0.9142026788083223
2026-02-09,成交量放大,13162.600494384766,0.7142857142857143,0.8571428571428571,0.908768410078278
2026-02-09,均线收敛,28543.389066696167,0.4,0.85,0.9031714186422515
2026-02-09,多头排列,104361.6895442009,0.5277777777777778,0.9722222222222222,0.9097476856498677
2026-02-09,连续上涨,373176.52718257904,0.6386554621848739,0.9159663865546218,0.9103399428788919
2026-02-10,均线金叉,535.0400390625,1.0,1.0,0.918878995938045
2026-02-10,突破半年线,725.7601318359375,1.0,1.0,0.9266048058487074
2026-02-10,红三兵,4821.779861450195,1.0,0.75,0.9097853005297829
2026-02-10,突破年线,6530.049667358398,0.6666666666666666,1.0,0.9183771766698036
2026-02-10,成交量放大,12835.010639190674,0.2857142857142857,0.8571428571428571,0.9125453367148563
2026-02-10,均线收敛,30483.35086250305,0.7,0.9,0.9113505427420129
2026-02-10,多头排列,100407.0656619072,0.25,0.9444444444444444,0.9145023429041492
2026-02-10,连续上涨,356134.0138440132,0.47058823529411764,0.9159663865546218,0.9146417756327656
2026-02-11,均线金叉,446.7197265625,0.0,1.0,0.9227711303344069
2026-02-11,突破半年线,462.2398681640625,0.0,1.0,0.9301262607787492
2026-02-11,红三兵,5044.830680847168,0.8,0.6,0.8986856645141064
2026-02-11,突破年线,7418.9005126953125,1.0,1.0,0.9083346488460963
2026-02-11,成交量放大,11116.290168762207,0.5,0.6666666666666666,0.8853186505432935
2026-02-11,均线收敛,31251.32132911682,0.7083333333333334,0.8333333333333334,0.8803676679518688
2026-02-11,多头排列,103934.52740621567,0.6666666666666666,0.8888888888888888,0.8811792128030136
2026-02-11,连续上涨,373398.48089933395,0.6910569105691057,0.8861788617886179,0.8816553698492616
2026-02-12,突破半年线,164.16046142578125,0.0,1.0,0.8929262870064748
2026-02-12,均线金叉,730.5595703125,1.0,1.0,0.9031237834820486
2026-02-12,红三兵,3922.521614074707,0.5,0.5,0.8647310421980439
2026-02-12,突破年线,8557.199348449707,1.0,1.0,0.8776138000839444
2026-02-12,成交量放大,9068.4498462677,0.2857142857142857,0.7142857142857143,0.8620587442936367
2026-02-12,均线收敛,27232.78039932251,0.36,0.8,0.8561483876942428
2026-02-12,多头排列,93427.78210306168,0.19444444444444445,0.8888888888888888,0.8592665306651616
2026-02-12,连续上涨,334527.6900148392,0.27049180327868855,0.7950819672131147,0.8531537150983
2026-02-13,均线金叉,586.5595703125,0.0,1.0,0.8671390755651285
2026-02-13,红三兵,4635.570381164551,0.5,0.75,0.8559829731303543
2026-02-13,突破年线,9328.739892959595,0.6666666666666666,1.0,0.869698880451273
2026-02-13,成交量放大,10417.879640579224,0.75,0.75,0.8582989870749612
2026-02-13,均线收敛,23235.380054473877,0.7391304347826086,0.8260869565217391,0.855231174641321
2026-02-13,多头排列,95908.63895559311,0.6,0.9142857142857143,0.8608554165122156
2026-02-13,连续上涨,268578.10500478745,0.7327586206896551,0.8706896551724138,0.8617920106703297
2026-02-17,均线金叉,587.83984375,1.0,1.0,0.8749546763207745
2026-02-17,红三兵,3798.919776916504,0.2,0.6,0.8487685166711769
2026-02-17,成交量放大,8556.501903533936,0.4,0.5,0.8155524674643981
2026-02-17,突破年线,9546.330076217651,0.3333333333333333,1.0,0.8331188991344555
2026-02-17,均线收敛,22618.28998565674,0.6,0.8,0.8299647182645074
2026-02-17,多头排列,95635.55741262436,0.42857142857142855,0.9142857142857143,0.8379952893141461
2026-02-17,连续上涨,265879.71240234375,0.4583333333333333,0.8666666666666667,0.8407258966810529
2026-02-18,均线金叉,596.48046875,1.0,1.0,0.855894858901905
2026-02-18,红三兵,4071.181053161621,0.6,0.6,0.8315239199588664
2026-02-18,突破年线,8537.86962890625,0.0,1.0,0.8475692609151648
2026-02-18,成交量放大,10130.60011100769,0.4444444444444444,0.7777777777777778,0.8409224529973185
2026-02-18,均线收敛,23050.671251296997,0.375,0.875,0.8441679336642406
2026-02-18,多头排列,99907.62654829025,0.6764705882352942,0.9117647058823529,0.8506057214945371
2026-02-18,连续上涨,274233.21896362305,0.5546218487394958,0.8739495798319328,0.8528289460980985
2026-02-19,均线金叉,571.51953125,0.0,1.0,0.8668452369458985
2026-02-19,红三兵,4205.319671630859,0.8,0.6,0.841431404855813
2026-02-19,突破年线,8622.449476242065,0.3333333333333333,1.0,0.8565331758219261
2026-02-19,成交量放大,10517.40990638733,0.125,0.75,0.8463871590769807
2026-02-19,均线收敛,21740.509609222412,0.34615384615384615,0.8076923076923077,0.8427019351355833
2026-02-19,多头排列,98733.54130411148,0.48484848484848486,0.9090909090909091,0.8490246945599
2026-02-19,连续上涨,274774.9460220337,0.488,0.864,0.8504509141256239
2026-02-20,均线金叉,639.3603515625,1.0,1.0,0.8646936842088978
2026-02-20,红三兵,3793.080726623535,0.5,0.5,0.8299609523794789
2026-02-20,突破年线,8425.829216003418,0.3333333333333333,1.0,0.8461551473909571
2026-02-20,成交量放大,11682.44962310791,0.42857142857142855,0.5714285714285714,0.8199907115850156
2026-02-20,均线收敛,27221.498289108276,0.7307692307692307,0.7692307692307693,0.8151564313608016
2026-02-20,多头排列,106536.70054864883,0.7428571428571429,0.9142857142857143,0.8245973154488886
2026-02-20,连续上涨,291683.996532917,0.7279411764705882,0.8382352941176471,0.8258961705601988
2026-02-23,均线金叉,809.919921875,1.0,1.0,0.8424774876497036
2026-02-23,红三兵,4025.709648132324,0.42857142857142855,0.5714285714285714,0.8166633051524529
2026-02-23,成交量放大,6540.030479431152,0.4,0.6,0.7960287046617431
2026-02-23,突破年线,8179.04979133606,0.75,0.75,0.7916450185034819
2026-02-23,均线收敛,26331.850694656372,0.48,0.8,0.7924407310269599
2026-02-23,多头排列,110131.66160535812,0.5,0.8611111111111112,0.7989807672254504
2026-02-23,连续上涨,280796.59696388245,0.4473684210526316,0.743421052631579,0.7936893658355579
2026-02-24,均线金叉,761.599609375,0.0,1.0,0.8133379976607429
2026-02-24,红三兵,5383.079048156738,1.0,0.5714285714285714,0.7902990046862504
2026-02-24,突破年线,8826.16075706482,1.0,0.75,0.7864610042399408
2026-02-24,成交量放大,10891.71044921875,1.0,0.6,0.7687028133599465
2026-02-24,均线收敛,28693.740259170532,0.8461538461538461,0.8076923076923077,0.772416098534457
2026-02-24,多头排列,121860.71594762802,0.8,0.9142857142857143,0.7859274905107673
2026-02-24,连续上涨,315560.7461004257,0.7583892617449665,0.7919463087248322,0.7865007112930592
2026-02-25,均线金叉,760.3203125,0.0,1.0,0.8068339768841964
2026-02-25,红三兵,5095.64045715332,0.2857142857142857,0.5714285714285714,0.7844144144598512
2026-02-25,突破年线,8700.839897155762,0.5,1.0,0.8049463749874843
2026-02-25,成交量放大,11341.010116577148,1.0,0.5,0.7759038630839143
2026-02-25,均线收敛,27213.20761680603,0.4642857142857143,0.7857142857142857,0.7768381890487116
2026-02-25,多头排列,130955.07847452164,0.6285714285714286,0.9714285714285714,0.7953706064182221
2026-02-25,连续上涨,338660.0843362808,0.5493827160493827,0.8518518518518519,0.8007497726499964
2026-02-26,突破半年线,-374.439884185791,0.0,0.0,0.7244878895404729
2026-02-26,均线金叉,808.9599609375,1.0,1.0,0.7507271381556659
2026-02-26,红三兵,5240.889610290527,0.75,0.5,0.7268483630932216
2026-02-26,突破年线,8328.310503005981,0.25,0.75,0.7290532808938672
2026-02-26,成交量放大,12624.220649719238,0.5,0.8333333333333334,0.7389847144595307
2026-02-26,均线收敛,30809.287004470825,0.6538461538461539,0.8846153846153846,0.7528543020934216
2026-02-26,多头排列,131759.69674921036,0.5277777777777778,0.9444444444444444,0.7711009823173285
2026-02-26,连续上涨,355682.32196331024,0.6140350877192983,0.8830409356725146,0.7817619302559177
2026-02-27,突破半年线,-890.560115814209,0.0,0.0,0.7073084130886874
2026-02-27,均线金叉,1017.919921875,1.0,1.0,0.7351838023183362
2026-02-27,红三兵,4763.271411895752,0.3,0.4,0.7032615354308757
2026-02-27,突破年线,10510.989946365356,0.5,0.8333333333333334,0.7156493257073002
2026-02-27,成交量放大,12335.080207824707,0.5,0.6666666666666666,0.7109843105605732
2026-02-27,均线收敛,32187.418828964233,0.6666666666666666,0.9259259259259259,0.7314549405953688
2026-02-27,多头排列,134094.3470301628,0.6388888888888888,0.9166666666666666,0.7490941526021591
2026-02-27,连续上涨,362826.3890209198,0.5801886792452831,0.7594339622641509,0.7500788963794917
2026-03-02,突破半年线,-333.95992279052734,1.0,0.0,0.6786428110100162
2026-03-02,均线金叉,818.240234375,0.0,1.0,0.7092482575804908
2026-03-02,红三兵,6235.310489654541,0.6666666666666666,0.5555555555555556,0.6946108573876398
2026-03-02,突破年线,11284.260478973389,0.5,1.0,0.723695537636436
2026-03-02,成交量放大,12404.140968322754,0.2857142857142857,0.5714285714285714,0.7091939218071155
2026-03-02,均线收敛,32748.14640235901,0.5357142857142857,0.9285714285714286,0.730087017689431
2026-03-02,多头排列,138618.57967805862,0.425,0.85,0.741507301719009
2026-03-02,连续上涨,392552.9135723114,0.6211453744493393,0.762114537444934,0.7434698955976685
2026-03-03,突破半年线,-991.7605018615723,0.0,0.0,0.6726632388740811
2026-03-03,均线金叉,733.4404296875,0.0,1.0,0.7038381685051209
2026-03-03,红三兵,6126.640068054199,0.4444444444444444,0.6666666666666666,0.7002980254728872
2026-03-03,成交量放大,10451.509132385254,0.2857142857142857,0.5714285714285714,0.6880247441353333
2026-03-03,突破年线,10829.70824623108,0.42857142857142855,0.8571428571428571,0.7041312310884308
2026-03-03,均线收敛,29577.028429031372,0.4,0.8666666666666667,0.7196107963815962
2026-03-03,多头排列,120555.95123624802,0.17073170731707318,0.8536585365853658,0.7323772478295743
2026-03-03,连续上涨,349799.8611917496,0.373015873015873,0.7420634920634921,0.7332997472804236
2026-03-04,突破半年线,-667.9198455810547,1.0,0.0,0.6634616761108594
2026-03-04,均线金叉,719.6796875,0.0,1.0,0.6955129450526822
2026-03-04,红三兵,8008.188819885254,0.7,0.6,0.686416474095284
2026-03-04,成交量放大,10909.060691833496,0.5714285714285714,0.5714285714285714,0.6754652452698827
2026-03-04,突破年线,12161.680267333984,0.6666666666666666,1.0,0.7063733171489415
2026-03-04,均线收敛,32839.08603477478,0.5862068965517241,0.9310344827586207,0.7277696186355775
2026-03-04,多头排列,126427.84752321243,0.625,0.85,0.7394106073369511
2026-03-04,连续上涨,332081.26597738266,0.6796875,0.81640625,0.7467435256858128
2026-03-05,突破半年线,-931.0400772094727,0.0,0.0,0.6756250946681164
2026-03-05,均线金叉,582.400390625,0.0,1.0,0.7065179427949624
2026-03-05,红三兵,8901.43960571289,0.5454545454545454,0.7272727272727273,0.7084945889357019
2026-03-05,成交量放大,9363.240398406982,0.42857142857142855,0.7142857142857143,0.7090461246833222
2026-03-05,突破年线,11033.701341629028,0.16666666666666666,1.0,0.7367560175706248
2026-03-05,均线收敛,27898.944274902344,0.3793103448275862,0.8620689655172413,0.7486905840417312
2026-03-05,多头排列,112205.10079622269,0.23684210526315788,0.7631578947368421,0.7500684231555512
2026-03-05,连续上涨,317106.46764945984,0.42913385826771655,0.7834645669291339,0.7532490082768448
